Country Name,Country Code,Region,IncomeGroup,Year,Forest Area (sq. km),Forest Area (%)
Aruba,ABW,Latin America & Caribbean,High income,1990,4.2,2.33333333333333
Afghanistan,AFG,Middle East & North Africa,Low income,1990,12084.4,1.85278199408184
Angola,AGO,Sub-Saharan Africa,Lower middle income,1990,792627.8,63.5780701050774
Albania,ALB,Europe & Central Asia,Upper middle income,1990,7888.0,28.7883211678832
Andorra,AND,Europe & Central Asia,High income,1990,160.0,34.0425531914894
United Arab Emirates,ARE,Middle East & North Africa,High income,1990,2450.0,3.44973246972684
Argentina,ARG,Latin America & Caribbean,Upper middle income,1990,352040.0,12.8637149256949
American Samoa,ASM,East Asia & Pacific,High income,1990,180.7,90.35
Antigua and Barbuda,ATG,Latin America & Caribbean,High income,1990,101.1,22.9772727272727
Australia,AUS,East Asia & Pacific,High income,1990,1338822.0,17.4273589940513
Austria,AUT,Europe & Central Asia,High income,1990,37756.7,45.7546049442559
Burundi,BDI,Sub-Saharan Africa,Low income,1990,2764.8,10.7663551401869
Benin,BEN,Sub-Saharan Africa,Lower middle income,1990,48351.5,42.8800106420717
Burkina Faso,BFA,Sub-Saharan Africa,Low income,1990,77166.0,28.2039473684211
Bangladesh,BGD,South Asia,Lower middle income,1990,19203.3,14.7524775293847
Bulgaria,BGR,Europe & Central Asia,High income,1990,33270.0,30.0732170297388
Bahrain,BHR,Middle East & North Africa,High income,1990,2.2,0.318840579710145
"Bahamas, The",BHS,Latin America & Caribbean,High income,1990,5098.6,50.9350649350649
Belize,BLZ,Latin America & Caribbean,Upper middle income,1990,16000.3,70.1459886014906
Bermuda,BMU,North America,High income,1990,10.0,18.5185185185185
Bolivia,BOL,Latin America & Caribbean,Lower middle income,1990,578047.2,53.3598449183052
Brazil,BRA,Latin America & Caribbean,Upper middle income,1990,5888980.0,70.4580205643839
Barbados,BRB,Latin America & Caribbean,High income,1990,63.0,14.6511627906977
Brunei Darussalam,BRN,East Asia & Pacific,High income,1990,4130.0,78.3681214421252
Bhutan,BTN,South Asia,Lower middle income,1990,25067.2,53.6506645549301
Botswana,BWA,Sub-Saharan Africa,Upper middle income,1990,188037.0,33.1792917262188
Central African Republic,CAF,Sub-Saharan Africa,Low income,1990,232030.0,37.2451764101576
Canada,CAN,North America,High income,1990,3482729.3,38.8455115614254
Switzerland,CHE,Europe & Central Asia,High income,1990,11535.0,29.1809082231976
Channel Islands,CHI,Europe & Central Asia,High income,1990,8.3,4.19191919191919
Chile,CHL,Latin America & Caribbean,High income,1990,152460.5,20.5049009323069
China,CHN,East Asia & Pacific,Upper middle income,1990,1571405.9,16.7380065507416
Cote d'Ivoire,CIV,Sub-Saharan Africa,Lower middle income,1990,78508.6,24.6882389937107
Cameroon,CMR,Sub-Saharan Africa,Lower middle income,1990,225000.0,47.5978929999365
"Congo, Dem. Rep.",COD,Sub-Saharan Africa,Low income,1990,1506290.0,66.4427339494056
"Congo, Rep.",COG,Sub-Saharan Africa,Lower middle income,1990,223150.0,65.3440702781845
Colombia,COL,Latin America & Caribbean,Upper middle income,1990,649581.4,58.5472194682289
Comoros,COM,Sub-Saharan Africa,Lower middle income,1990,460.6,24.7501343363783
Cabo Verde,CPV,Sub-Saharan Africa,Upper middle income,1990,153.8,3.81637717121588
Costa Rica,CRI,Latin America & Caribbean,High income,1990,29074.0,56.9408538973756
Cuba,CUB,Latin America & Caribbean,Upper middle income,1990,20580.0,19.1620111731844
Cayman Islands,CYM,Latin America & Caribbean,High income,1990,131.3,54.7083333333333
Cyprus,CYP,Europe & Central Asia,High income,1990,1611.1,17.4361471861472
Germany,DEU,Europe & Central Asia,High income,1990,113000.0,32.3661673302208
Djibouti,DJI,Middle East & North Africa,Lower middle income,1990,56.0,0.241587575496117
Dominica,DMA,Latin America & Caribbean,Upper middle income,1990,503.1,67.08
Denmark,DNK,Europe & Central Asia,High income,1990,5314.4,13.286
Dominican Republic,DOM,Latin America & Caribbean,Upper middle income,1990,15948.9,33.0136617677499
Algeria,DZA,Middle East & North Africa,Upper middle income,1990,16670.0,0.699908470278032
Ecuador,ECU,Latin America & Caribbean,Upper middle income,1990,146322.1,52.8543924288398
"Egypt, Arab Rep.",EGY,Middle East & North Africa,Lower middle income,1990,438.1,0.0440102466221307
Spain,ESP,Europe & Central Asia,High income,1990,139046.6,27.8405013615249
Finland,FIN,Europe & Central Asia,High income,1990,218753.3,71.818936931613
Fiji,FJI,East Asia & Pacific,Upper middle income,1990,9396.9,51.4334975369458
France,FRA,Europe & Central Asia,High income,1990,144360.0,26.7854160868355
Faroe Islands,FRO,Europe & Central Asia,High income,1990,0.8,0.0573065902578797
Gabon,GAB,Sub-Saharan Africa,Upper middle income,1990,237616.2,92.2172546280126
United Kingdom,GBR,Europe & Central Asia,High income,1990,27780.0,11.4826602736329
Ghana,GHA,Sub-Saharan Africa,Lower middle income,1990,99242.6,43.6154522281797
Gibraltar,GIB,Europe & Central Asia,High income,1990,0.0,0.0
Guinea,GIN,Sub-Saharan Africa,Lower middle income,1990,72760.0,29.6109392804819
"Gambia, The",GMB,Sub-Saharan Africa,Low income,1990,4146.6,40.9743083003953
Guinea-Bissau,GNB,Sub-Saharan Africa,Low income,1990,22333.3,79.4214082503556
Equatorial Guinea,GNQ,Sub-Saharan Africa,Upper middle income,1990,26991.5,96.2263814616756
Greece,GRC,Europe & Central Asia,High income,1990,32985.51,25.59
Grenada,GRD,Latin America & Caribbean,Upper middle income,1990,177.0,52.0588235294118
Greenland,GRL,Europe & Central Asia,High income,1990,2.2,0.0006438396254024
Guatemala,GTM,Latin America & Caribbean,Upper middle income,1990,47812.0,44.6173945502053
Guam,GUM,East Asia & Pacific,High income,1990,240.0,44.4444444444444
Guyana,GUY,Latin America & Caribbean,High income,1990,186021.5,94.499110998222
Honduras,HND,Latin America & Caribbean,Lower middle income,1990,69877.8,62.452229868621
Haiti,HTI,Latin America & Caribbean,Lower middle income,1990,3829.2,13.8940493468795
Hungary,HUN,Europe & Central Asia,High income,1990,18139.0,20.1835985312118
Indonesia,IDN,East Asia & Pacific,Upper middle income,1990,1185450.0,65.4377142478624
Isle of Man,IMN,Europe & Central Asia,High income,1990,34.6,6.07017543859649
India,IND,South Asia,Lower middle income,1990,639380.0,21.5048483278902
Ireland,IRL,Europe & Central Asia,High income,1990,4616.4,6.70111772390768
"Iran, Islamic Rep.",IRN,Middle East & North Africa,Upper middle income,1990,90760.6,5.57237407598418
Iraq,IRQ,Middle East & North Africa,Upper middle income,1990,8040.0,1.8382605116949
Iceland,ISL,Europe & Central Asia,High income,1990,170.7,0.170274314214464
Israel,ISR,Middle East & North Africa,High income,1990,1320.0,6.09981515711645
Italy,ITA,Europe & Central Asia,High income,1990,75897.5,25.8058209513447
Jamaica,JAM,Latin America & Caribbean,Upper middle income,1990,5212.8,48.1329639889197
Jordan,JOR,Middle East & North Africa,Upper middle income,1990,975.0,1.10494106980961
Japan,JPN,East Asia & Pacific,High income,1990,249500.0,68.4311574328031
Kenya,KEN,Sub-Saharan Africa,Lower middle income,1990,38585.4,6.77959728713498
Cambodia,KHM,East Asia & Pacific,Lower middle income,1990,110047.9,62.3430206208928
Kiribati,KIR,East Asia & Pacific,Lower middle income,1990,11.8,1.45679012345679
St. Kitts and Nevis,KNA,Latin America & Caribbean,High income,1990,110.0,42.3076923076923
"Korea, Rep.",KOR,East Asia & Pacific,High income,1990,65510.0,67.9141613103877
Kuwait,KWT,Middle East & North Africa,High income,1990,34.5,0.193602693602694
Lao PDR,LAO,East Asia & Pacific,Lower middle income,1990,178430.0,77.3093587521664
Lebanon,LBN,Middle East & North Africa,Lower middle income,1990,1397.0,13.6559139784946
Liberia,LBR,Sub-Saharan Africa,Low income,1990,85252.4,88.5095514950166
Libya,LBY,Middle East & North Africa,Upper middle income,1990,2170.0,0.123327687918433
St. Lucia,LCA,Latin America & Caribbean,Upper middle income,1990,212.7,34.8688524590164
Liechtenstein,LIE,Europe & Central Asia,High income,1990,65.0,40.625
Sri Lanka,LKA,South Asia,Upper middle income,1990,23503.3,37.4793493860628
Lesotho,LSO,Sub-Saharan Africa,Lower middle income,1990,345.2,1.13702239789196
Morocco,MAR,Middle East & North Africa,Lower middle income,1990,54852.9,12.2905892897154
Monaco,MCO,Europe & Central Asia,High income,1990,0.0,0.0
Madagascar,MDG,Sub-Saharan Africa,Low income,1990,136934.5,23.5468755373663
Maldives,MDV,South Asia,Upper middle income,1990,8.2,2.73333333333333
Mexico,MEX,Latin America & Caribbean,Upper middle income,1990,705916.5,36.3135111499781
Mali,MLI,Sub-Saharan Africa,Low income,1990,132960.0,10.896663634352
Malta,MLT,Middle East & North Africa,High income,1990,3.5,1.09375
Myanmar,MMR,East Asia & Pacific,Lower middle income,1990,392184.8,60.0093031796065
Mongolia,MNG,East Asia & Pacific,Upper middle income,1990,143520.0,9.27468054822683
Mozambique,MOZ,Sub-Saharan Africa,Low income,1990,433780.0,55.1616266944734
Mauritania,MRT,Sub-Saharan Africa,Lower middle income,1990,4760.4,0.461860871252547
Mauritius,MUS,Sub-Saharan Africa,Upper middle income,1990,410.7,20.2315270935961
Malawi,MWI,Sub-Saharan Africa,Low income,1990,35017.0,37.1414934238439
Malaysia,MYS,East Asia & Pacific,Upper middle income,1990,206185.0,62.7560493075635
Namibia,NAM,Sub-Saharan Africa,Lower middle income,1990,87691.7,10.6513743638329
New Caledonia,NCL,East Asia & Pacific,High income,1990,8311.3,45.4666301969365
Niger,NER,Sub-Saharan Africa,Low income,1990,19450.0,1.53548590826557
Nigeria,NGA,Sub-Saharan Africa,Lower middle income,1990,265260.9,29.1249052999111
Nicaragua,NIC,Latin America & Caribbean,Lower middle income,1990,63993.2,53.176998504238
Netherlands,NLD,Europe & Central Asia,High income,1990,3453.3,10.2289691943128
Norway,NOR,Europe & Central Asia,High income,1990,121320.0,33.2161513946841
Nepal,NPL,South Asia,Lower middle income,1990,56720.0,39.6643356643357
Naoero,NRU,East Asia & Pacific,High income,1990,0.0,0.0
New Zealand,NZL,East Asia & Pacific,High income,1990,93722.7,35.5940526375755
Oman,OMN,Middle East & North Africa,High income,1990,30.0,0.0096930533117932
Pakistan,PAK,Middle East & North Africa,Lower middle income,1990,49867.9,6.46895755500208
Panama,PAN,Latin America & Caribbean,High income,1990,46074.0,61.9774011299435
Peru,PER,Latin America & Caribbean,Upper middle income,1990,764485.4,59.725421875
Philippines,PHL,East Asia & Pacific,Upper middle income,1990,77788.1,26.0885065566623
Papua New Guinea,PNG,East Asia & Pacific,Lower middle income,1990,363996.8,80.3773351587687
Poland,POL,Europe & Central Asia,High income,1990,88820.0,28.9986613993274
Puerto Rico (US),PRI,Latin America & Caribbean,High income,1990,3203.3,36.1138669673055
"Korea, Dem. People's Rep.",PRK,East Asia & Pacific,Low income,1990,69120.3,57.4041192591977
Portugal,PRT,Europe & Central Asia,High income,1990,33990.0,37.1475409836066
Paraguay,PRY,Latin America & Caribbean,Upper middle income,1990,255458.6,64.2986659954694
West Bank and Gaza,PSE,Middle East & North Africa,Lower middle income,1990,90.8,1.50830564784053
French Polynesia,PYF,East Asia & Pacific,High income,1990,1444.3,39.4617486338798
Qatar,QAT,Middle East & North Africa,High income,1990,0.0,0.0
Romania,ROU,Europe & Central Asia,High income,1990,63710.0,27.7785044691519
Rwanda,RWA,Sub-Saharan Africa,Low income,1990,3170.0,12.8496149169031
Saudi Arabia,SAU,Middle East & North Africa,High income,1990,9770.0,0.454484134921779
Senegal,SEN,Sub-Saharan Africa,Lower middle income,1990,93031.6,48.3205734171298
Singapore,SGP,East Asia & Pacific,High income,1990,148.269,22.1297014925373
Solomon Islands,SLB,East Asia & Pacific,Lower middle income,1990,25449.1,90.9221150410861
Sierra Leone,SLE,Sub-Saharan Africa,Low income,1990,31267.0,43.318093654752
El Salvador,SLV,Latin America & Caribbean,Upper middle income,1990,7188.8,34.6949806949807
San Marino,SMR,Europe & Central Asia,High income,1990,10.0,16.6666666666667
"Somalia, Fed. Rep.",SOM,Sub-Saharan Africa,Low income,1990,82825.0,13.2025695794944
Sao Tome and Principe,STP,Sub-Saharan Africa,Lower middle income,1990,586.2,61.0625
Suriname,SUR,Latin America & Caribbean,Upper middle income,1990,153776.3,95.8062362276779
Sweden,SWE,Europe & Central Asia,High income,1990,280630.0,68.8933585407953
Eswatini,SWZ,Sub-Saharan Africa,Lower middle income,1990,4611.4,26.8104651162791
Seychelles,SYC,Sub-Saharan Africa,High income,1990,337.0,73.2608695652174
Syrian Arab Republic,SYR,Middle East & North Africa,Low income,1990,3720.8,2.02459462400696
Turks and Caicos Islands,TCA,Latin America & Caribbean,High income,1990,105.2,11.0736842105263
Chad,TCD,Sub-Saharan Africa,Low income,1990,67300.0,5.34466327827192
Togo,TGO,Sub-Saharan Africa,Lower middle income,1990,13616.6,25.0351167494025
Thailand,THA,East Asia & Pacific,Upper middle income,1990,193610.0,37.8966117951027
Timor-Leste,TLS,East Asia & Pacific,Lower middle income,1990,9631.0,64.7679892400807
Tonga,TON,East Asia & Pacific,Upper middle income,1990,89.5,12.4305555555556
Trinidad and Tobago,TTO,Latin America & Caribbean,High income,1990,2420.6,47.1851851851852
Tunisia,TUN,Middle East & North Africa,Lower middle income,1990,6439.769,4.14506243563337
Turkiye,TUR,Europe & Central Asia,Upper middle income,1990,197834.8,25.7051830100178
Tuvalu,TUV,East Asia & Pacific,Upper middle income,1990,10.0,33.3333333333333
Tanzania,TZA,Sub-Saharan Africa,Lower middle income,1990,573900.1,64.7889026868368
Uganda,UGA,Sub-Saharan Africa,Low income,1990,35754.7,17.8943496321505
Uruguay,URY,Latin America & Caribbean,High income,1990,7980.0,4.55947891669523
United States,USA,North America,High income,1990,3024500.0,33.0223082096657
St. Vincent and the Grenadines,VCT,Latin America & Caribbean,Upper middle income,1990,275.4,70.6153846153846
"Venezuela, RB",VEN,Latin America & Caribbean,Lower middle income,1990,520260.0,58.9830508474576
British Virgin Islands,VGB,Latin America & Caribbean,High income,1990,37.1,24.7333333333333
Virgin Islands (U.S.),VIR,Latin America & Caribbean,High income,1990,245.4,70.1142857142857
Viet Nam,VNM,East Asia & Pacific,Upper middle income,1990,93759.6,28.8056775937817
Vanuatu,VUT,East Asia & Pacific,Lower middle income,1990,4423.0,36.2838392124692
Samoa,WSM,East Asia & Pacific,Upper middle income,1990,1761.3,62.2367491166078
"Yemen, Rep.",YEM,Middle East & North Africa,Low income,1990,5490.0,1.03983180862549
South Africa,ZAF,Sub-Saharan Africa,Upper middle income,1990,181420.9,14.9552712494539
Zambia,ZMB,Sub-Saharan Africa,Lower middle income,1990,474120.0,63.7780976338127
Zimbabwe,ZWE,Sub-Saharan Africa,Lower middle income,1990,188266.8,48.6666149670415
Aruba,ABW,Latin America & Caribbean,High income,1991,4.2,2.33333333333333
Afghanistan,AFG,Middle East & North Africa,Low income,1991,12084.4,1.85278199408184
Angola,AGO,Sub-Saharan Africa,Lower middle income,1991,791073.63,63.4534073955242
Albania,ALB,Europe & Central Asia,Upper middle income,1991,7868.5,28.7171532846715
Andorra,AND,Europe & Central Asia,High income,1991,160.0,34.0425531914894
United Arab Emirates,ARE,Middle East & North Africa,High income,1991,2514.43,3.54045339341031
Argentina,ARG,Latin America & Caribbean,Upper middle income,1991,350214.0,12.79699198667
American Samoa,ASM,East Asia & Pacific,High income,1991,180.36,90.18
Antigua and Barbuda,ATG,Latin America & Caribbean,High income,1991,100.44,22.8272727272727
Australia,AUS,East Asia & Pacific,High income,1991,1336753.9,17.4004386707106
Austria,AUT,Europe & Central Asia,High income,1991,37819.17,45.8303078041687
Burundi,BDI,Sub-Saharan Africa,Low income,1991,2682.26,10.4449376947041
Benin,BEN,Sub-Saharan Africa,Lower middle income,1991,47651.5,42.2592231287691
Burkina Faso,BFA,Sub-Saharan Africa,Low income,1991,76665.9,28.0211622807018
Bangladesh,BGD,South Asia,Lower middle income,1991,19203.298,14.7524759929323
Bulgaria,BGR,Europe & Central Asia,High income,1991,33318.0,30.1166048992136
Bahrain,BHR,Middle East & North Africa,High income,1991,2.35,0.340579710144928
"Bahamas, The",BHS,Latin America & Caribbean,High income,1991,5098.6,50.9350649350649
Belize,BLZ,Latin America & Caribbean,Upper middle income,1991,15859.57,69.5290223586146
Bermuda,BMU,North America,High income,1991,10.0,18.5185185185185
Bolivia,BOL,Latin America & Caribbean,Lower middle income,1991,575343.87,53.1102990861257
Brazil,BRA,Latin America & Caribbean,Upper middle income,1991,5851170.6,70.0056543680771
Barbados,BRB,Latin America & Caribbean,High income,1991,63.0,14.6511627906977
Brunei Darussalam,BRN,East Asia & Pacific,High income,1991,4114.0,78.0645161290323
Bhutan,BTN,South Asia,Lower middle income,1991,25166.48,53.8631509106864
Botswana,BWA,Sub-Saharan Africa,Upper middle income,1991,186854.0,32.970550350255
Central African Republic,CAF,Sub-Saharan Africa,Low income,1991,231730.0,37.1970207711323
Canada,CAN,North America,High income,1991,3482258.34,38.8402585886707
Switzerland,CHE,Europe & Central Asia,High income,1991,11577.68,29.2888195733044
Channel Islands,CHI,Europe & Central Asia,High income,1991,8.3,4.19191919191919
Chile,CHL,Latin America & Caribbean,High income,1991,153031.51,20.5816978959883
China,CHN,East Asia & Pacific,Upper middle income,1991,1591265.86,16.9495471466993
Cote d'Ivoire,CIV,Sub-Saharan Africa,Lower middle income,1991,75752.19,23.8214433962264
Cameroon,CMR,Sub-Saharan Africa,Lower middle income,1991,224097.49,47.4069704469971
"Congo, Dem. Rep.",COD,Sub-Saharan Africa,Low income,1991,1499560.0,66.1458723892283
"Congo, Rep.",COG,Sub-Saharan Africa,Lower middle income,1991,223030.0,65.3089311859444
Colombia,COL,Latin America & Caribbean,Upper middle income,1991,647358.76,58.3468913925192
Comoros,COM,Sub-Saharan Africa,Lower middle income,1991,456.22,24.514777001612
Cabo Verde,CPV,Sub-Saharan Africa,Upper middle income,1991,178.14,4.42034739454094
Costa Rica,CRI,Latin America & Caribbean,High income,1991,29023.82,56.8425773599687
Cuba,CUB,Latin America & Caribbean,Upper middle income,1991,20957.0,19.5130353817505
Cayman Islands,CYM,Latin America & Caribbean,High income,1991,131.1,54.625
Cyprus,CYP,Europe & Central Asia,High income,1991,1621.6,17.5497835497835
Germany,DEU,Europe & Central Asia,High income,1991,113054.0,32.381634348237
Djibouti,DJI,Middle East & North Africa,Lower middle income,1991,56.0,0.241587575496117
Dominica,DMA,Latin America & Caribbean,Upper middle income,1991,500.66,66.7546666666667
Denmark,DNK,Europe & Central Asia,High income,1991,5354.56,13.3864
Dominican Republic,DOM,Latin America & Caribbean,Upper middle income,1991,16326.48,33.7952390809356
Algeria,DZA,Middle East & North Africa,Upper middle income,1991,16582.0,0.696213692510518
Ecuador,ECU,Latin America & Caribbean,Upper middle income,1991,145420.39,52.5286772142754
"Egypt, Arab Rep.",EGY,Middle East & North Africa,Lower middle income,1991,453.5,0.0455572856497062
Spain,ESP,Europe & Central Asia,High income,1991,142235.87,28.4790705590261
Finland,FIN,Europe & Central Asia,High income,1991,219323.61,72.0061755146262
Fiji,FJI,East Asia & Pacific,Upper middle income,1991,9463.68,51.7990147783251
France,FRA,Europe & Central Asia,High income,1991,145212.0,26.9435012524353
Faroe Islands,FRO,Europe & Central Asia,High income,1991,0.8,0.0573065902578797
"Micronesia, Fed. Sts.",FSM,East Asia & Pacific,Upper middle income,1991,636.08,90.8685714285714
Gabon,GAB,Sub-Saharan Africa,Upper middle income,1991,237554.58,92.1933403190127
United Kingdom,GBR,Europe & Central Asia,High income,1991,27956.0,11.5554085892614
Ghana,GHA,Sub-Saharan Africa,Lower middle income,1991,98166.95,43.1427221587413
Gibraltar,GIB,Europe & Central Asia,High income,1991,0.0,0.0
Guinea,GIN,Sub-Saharan Africa,Lower middle income,1991,72413.0,29.4697216343806
"Gambia, The",GMB,Sub-Saharan Africa,Low income,1991,4089.27,40.4078063241107
Guinea-Bissau,GNB,Sub-Saharan Africa,Low income,1991,22248.85,79.1210881934566
Equatorial Guinea,GNQ,Sub-Saharan Africa,Upper middle income,1991,26907.93,95.928449197861
Greece,GRC,Europe & Central Asia,High income,1991,33287.189,25.8240411171451
Grenada,GRD,Latin America & Caribbean,Upper middle income,1991,177.0,52.0588235294118
Greenland,GRL,Europe & Central Asia,High income,1991,2.2,0.0006438396254024
Guatemala,GTM,Latin America & Caribbean,Upper middle income,1991,47240.0,44.0836132885405
Guam,GUM,East Asia & Pacific,High income,1991,240.0,44.4444444444444
Guyana,GUY,Latin America & Caribbean,High income,1991,185983.57,94.479842519685
Honduras,HND,Latin America & Caribbean,Lower middle income,1991,69668.29,62.264983465904
Haiti,HTI,Latin America & Caribbean,Lower middle income,1991,3826.93,13.8858127721335
Hungary,HUN,Europe & Central Asia,High income,1991,18246.27,20.3029598308668
Indonesia,IDN,East Asia & Pacific,Upper middle income,1991,1168185.0,64.4846735152382
Isle of Man,IMN,Europe & Central Asia,High income,1991,34.6,6.07017543859649
India,IND,South Asia,Lower middle income,1991,643033.0,21.6277129951332
Ireland,IRL,Europe & Central Asia,High income,1991,4785.12,6.9460299027435
"Iran, Islamic Rep.",IRN,Middle East & North Africa,Upper middle income,1991,91010.2,5.58769861735308
Iraq,IRQ,Middle East & North Africa,Upper middle income,1991,8054.0,1.84146146283467
Iceland,ISL,Europe & Central Asia,High income,1991,183.46,0.183002493765586
Israel,ISR,Middle East & North Africa,High income,1991,1341.0,6.19685767097967
Italy,ITA,Europe & Central Asia,High income,1991,76677.0,26.0708578423039
Jamaica,JAM,Latin America & Caribbean,Upper middle income,1991,5212.52,48.130378578024
Jordan,JOR,Middle East & North Africa,Upper middle income,1991,975.0,1.10494106980961
Japan,JPN,East Asia & Pacific,High income,1991,249426.0,68.4108612177729
Kenya,KEN,Sub-Saharan Africa,Lower middle income,1991,38688.05,6.79763327125136
Cambodia,KHM,East Asia & Pacific,Lower middle income,1991,109824.11,62.2162417856334
Kiribati,KIR,East Asia & Pacific,Lower middle income,1991,11.8,1.45679012345679
St. Kitts and Nevis,KNA,Latin America & Caribbean,High income,1991,110.0,42.3076923076923
"Korea, Rep.",KOR,East Asia & Pacific,High income,1991,65435.0,67.8364088741447
Kuwait,KWT,Middle East & North Africa,High income,1991,35.9,0.201459034792368
Lao PDR,LAO,East Asia & Pacific,Lower middle income,1991,178012.0,77.1282495667244
Lebanon,LBN,Middle East & North Africa,Lower middle income,1991,1395.48,13.6410557184751
Liberia,LBR,Sub-Saharan Africa,Low income,1991,84949.8,88.1953903654485
Libya,LBY,Middle East & North Africa,Upper middle income,1991,2170.0,0.123327687918433
St. Lucia,LCA,Latin America & Caribbean,Upper middle income,1991,212.44,34.8262295081967
Liechtenstein,LIE,Europe & Central Asia,High income,1991,65.2,40.75
Sri Lanka,LKA,South Asia,Upper middle income,1991,23319.39,37.1860787753149
Lesotho,LSO,Sub-Saharan Africa,Lower middle income,1991,345.2,1.13702239789196
Morocco,MAR,Middle East & North Africa,Lower middle income,1991,54874.15,12.2953506609904
Monaco,MCO,Europe & Central Asia,High income,1991,0.0,0.0
Madagascar,MDG,Sub-Saharan Africa,Low income,1991,136271.72,23.4329057330536
Maldives,MDV,South Asia,Upper middle income,1991,8.2,2.73333333333333
Mexico,MEX,Latin America & Caribbean,Upper middle income,1991,703706.2,36.1998096658865
Marshall Islands,MHL,East Asia & Pacific,Upper middle income,1991,94.0,52.2222222222222
Mali,MLI,Sub-Saharan Africa,Low income,1991,132960.0,10.896663634352
Malta,MLT,Middle East & North Africa,High income,1991,3.5,1.09375
Myanmar,MMR,East Asia & Pacific,Lower middle income,1991,387834.43,59.343640787098
Mongolia,MNG,East Asia & Pacific,Upper middle income,1991,143431.9,9.26898726954582
Northern Mariana Islands,MNP,East Asia & Pacific,High income,1991,334.45,72.7065217391304
Mozambique,MOZ,Sub-Saharan Africa,Low income,1991,431590.0,54.8831353798418
Mauritania,MRT,Sub-Saharan Africa,Lower middle income,1991,4706.0,0.456582904821966
Mauritius,MUS,Sub-Saharan Africa,Upper middle income,1991,411.56,20.2738916256158
Malawi,MWI,Sub-Saharan Africa,Low income,1991,34597.0,36.6960118795079
Malaysia,MYS,East Asia & Pacific,Upper middle income,1991,205257.85,62.4738548166185
Namibia,NAM,Sub-Saharan Africa,Lower middle income,1991,86981.614,10.5651245612117
New Caledonia,NCL,East Asia & Pacific,High income,1991,8318.02,45.5033916849015
Niger,NER,Sub-Saharan Africa,Low income,1991,18833.1,1.4867845583011
Nigeria,NGA,Sub-Saharan Africa,Lower middle income,1991,263627.85,28.9456009749992
Nicaragua,NIC,Latin America & Caribbean,Lower middle income,1991,62993.2,52.3460196111019
Netherlands,NLD,Europe & Central Asia,High income,1991,3467.47,10.270941943128
Norway,NOR,Europe & Central Asia,High income,1991,121301.0,33.2109493927347
Nepal,NPL,South Asia,Lower middle income,1991,56828.76,39.7403916083916
Naoero,NRU,East Asia & Pacific,High income,1991,0.0,0.0
New Zealand,NZL,East Asia & Pacific,High income,1991,94200.87,35.7756522729862
Oman,OMN,Middle East & North Africa,High income,1991,30.0,0.0096930533117932
Pakistan,PAK,Middle East & North Africa,Lower middle income,1991,49392.37,6.40727091116646
Panama,PAN,Latin America & Caribbean,High income,1991,45908.74,61.7550981974711
Peru,PER,Latin America & Caribbean,Upper middle income,1991,763334.69,59.63552265625
Philippines,PHL,East Asia & Pacific,Upper middle income,1991,77318.55,25.9310292785995
Palau,PLW,East Asia & Pacific,High income,1991,382.93,83.245652173913
Papua New Guinea,PNG,East Asia & Pacific,Lower middle income,1991,363875.086,80.3504584198207
Poland,POL,Europe & Central Asia,High income,1991,88997.0,29.056449769826
Puerto Rico (US),PRI,Latin America & Caribbean,High income,1991,3312.12,37.3406989853439
"Korea, Dem. People's Rep.",PRK,East Asia & Pacific,Low income,1991,68662.96,57.0243003072834
Portugal,PRT,Europe & Central Asia,High income,1991,33872.0,37.0185792349727
Paraguay,PRY,Latin America & Caribbean,Upper middle income,1991,252904.39,63.6557739743267
West Bank and Gaza,PSE,Middle East & North Africa,Lower middle income,1991,90.8,1.50830564784053
French Polynesia,PYF,East Asia & Pacific,High income,1991,1448.42,39.5743169398907
Qatar,QAT,Middle East & North Africa,High income,1991,0.0,0.0
Romania,ROU,Europe & Central Asia,High income,1991,63705.0,27.7630088032773
Rwanda,RWA,Sub-Saharan Africa,Low income,1991,3140.0,12.7280097284151
Saudi Arabia,SAU,Middle East & North Africa,High income,1991,9770.0,0.454484134921779
Senegal,SEN,Sub-Saharan Africa,Lower middle income,1991,92581.6,48.0868436087882
Singapore,SGP,East Asia & Pacific,High income,1991,150.456,22.4561194029851
Solomon Islands,SLB,East Asia & Pacific,Lower middle income,1991,25441.79,90.8959985709182
Sierra Leone,SLE,Sub-Saharan Africa,Low income,1991,31069.73,43.0447908007758
El Salvador,SLV,Latin America & Caribbean,Upper middle income,1991,7143.8,34.4777992277992
San Marino,SMR,Europe & Central Asia,High income,1991,10.0,16.6666666666667
"Somalia, Fed. Rep.",SOM,Sub-Saharan Africa,Low income,1991,82057.5,13.0802276277617
Sao Tome and Principe,STP,Sub-Saharan Africa,Lower middle income,1991,585.94,61.0354166666667
Suriname,SUR,Latin America & Caribbean,Upper middle income,1991,153739.54,95.7833338867858
Sweden,SWE,Europe & Central Asia,High income,1991,280730.0,68.9179080752502
Eswatini,SWZ,Sub-Saharan Africa,Lower middle income,1991,4623.54,26.8810465116279
Seychelles,SYC,Sub-Saharan Africa,High income,1991,337.0,73.2608695652174
Syrian Arab Republic,SYR,Middle East & North Africa,Low income,1991,3780.8,2.05724235498966
Turks and Caicos Islands,TCA,Latin America & Caribbean,High income,1991,105.2,11.0736842105263
Chad,TCD,Sub-Saharan Africa,Low income,1991,66923.0,5.31472363405337
Togo,TGO,Sub-Saharan Africa,Lower middle income,1991,13523.404,24.8637690751976
Thailand,THA,East Asia & Pacific,Upper middle income,1991,193247.0,37.8255593180528
Timor-Leste,TLS,East Asia & Pacific,Lower middle income,1991,9617.0,64.6738399462004
Tonga,TON,East Asia & Pacific,Upper middle income,1991,89.5,12.4305555555556
Trinidad and Tobago,TTO,Latin America & Caribbean,High income,1991,2415.19,47.0797270955166
Tunisia,TUN,Middle East & North Africa,Lower middle income,1991,6463.642,4.16042868177137
Turkiye,TUR,Europe & Central Asia,Upper middle income,1991,198199.67,25.7525915050089
Tuvalu,TUV,East Asia & Pacific,Upper middle income,1991,10.0,33.3333333333333
Tanzania,TZA,Sub-Saharan Africa,Lower middle income,1991,570180.1,64.368943328065
Uganda,UGA,Sub-Saharan Africa,Low income,1991,35342.18,17.6878934988239
Uruguay,URY,Latin America & Caribbean,High income,1991,8551.0,4.88572734544624
United States,USA,North America,High income,1991,3025586.0,33.0341654510992
St. Vincent and the Grenadines,VCT,Latin America & Caribbean,Upper middle income,1991,276.4,70.8717948717949
"Venezuela, RB",VEN,Latin America & Caribbean,Lower middle income,1991,517385.0,58.6571056062582
British Virgin Islands,VGB,Latin America & Caribbean,High income,1991,37.06,24.7066666666667
Virgin Islands (U.S.),VIR,Latin America & Caribbean,High income,1991,241.33,68.9514285714286
Viet Nam,VNM,East Asia & Pacific,Upper middle income,1991,96167.74,29.5455282804387
Vanuatu,VUT,East Asia & Pacific,Lower middle income,1991,4423.0,36.2838392124692
Samoa,WSM,East Asia & Pacific,Upper middle income,1991,1756.48,62.0664310954064
"Yemen, Rep.",YEM,Middle East & North Africa,Low income,1991,5490.0,1.03983180862549
South Africa,ZAF,Sub-Saharan Africa,Upper middle income,1991,181056.9,14.9252652317635
Zambia,ZMB,Sub-Saharan Africa,Lower middle income,1991,473762.0,63.7299398700547
Zimbabwe,ZWE,Sub-Saharan Africa,Lower middle income,1991,187806.1,48.5475248804446
Aruba,ABW,Latin America & Caribbean,High income,1992,4.2,2.33333333333333
Afghanistan,AFG,Middle East & North Africa,Low income,1992,12084.4,1.85278199408184
Angola,AGO,Sub-Saharan Africa,Lower middle income,1992,789519.46,63.328744685971
Albania,ALB,Europe & Central Asia,Upper middle income,1992,7849.0,28.6459854014599
Andorra,AND,Europe & Central Asia,High income,1992,160.0,34.0425531914894
United Arab Emirates,ARE,Middle East & North Africa,High income,1992,2578.86,3.63117431709378
Argentina,ARG,Latin America & Caribbean,Upper middle income,1992,348388.0,12.7302690476451
Armenia,ARM,Europe & Central Asia,Upper middle income,1992,3343.12,11.7426062521953
American Samoa,ASM,East Asia & Pacific,High income,1992,180.02,90.01
Antigua and Barbuda,ATG,Latin America & Caribbean,High income,1992,99.78,22.6772727272727
Australia,AUS,East Asia & Pacific,High income,1992,1334685.8,17.3735183473699
Austria,AUT,Europe & Central Asia,High income,1992,37881.64,45.9060106640814
Azerbaijan,AZE,Europe & Central Asia,Upper middle income,1992,9532.36,11.4548229328142
Burundi,BDI,Sub-Saharan Africa,Low income,1992,2599.72,10.1235202492212
Benin,BEN,Sub-Saharan Africa,Lower middle income,1992,46951.5,41.6384356154665
Burkina Faso,BFA,Sub-Saharan Africa,Low income,1992,76165.8,27.8383771929825
Bangladesh,BGD,South Asia,Lower middle income,1992,19203.296,14.75247445648
Bulgaria,BGR,Europe & Central Asia,High income,1992,33366.0,30.1599927686884
Bahrain,BHR,Middle East & North Africa,High income,1992,2.5,0.352112676056338
"Bahamas, The",BHS,Latin America & Caribbean,High income,1992,5098.6,50.9350649350649
Bosnia and Herzegovina,BIH,Europe & Central Asia,Upper middle income,1992,21903.3,42.7798828125
Belarus,BLR,Europe & Central Asia,Upper middle income,1992,78786.0,38.8246077426476
Belize,BLZ,Latin America & Caribbean,Upper middle income,1992,15718.84,68.9120561157387
Bermuda,BMU,North America,High income,1992,10.0,18.5185185185185
Bolivia,BOL,Latin America & Caribbean,Lower middle income,1992,572640.54,52.8607532539463
Brazil,BRA,Latin America & Caribbean,Upper middle income,1992,5813361.2,69.5532881717703
Barbados,BRB,Latin America & Caribbean,High income,1992,63.0,14.6511627906977
Brunei Darussalam,BRN,East Asia & Pacific,High income,1992,4098.0,77.7609108159393
Bhutan,BTN,South Asia,Lower middle income,1992,25265.76,54.0756372664426
Botswana,BWA,Sub-Saharan Africa,Upper middle income,1992,185671.0,32.7618089742911
Central African Republic,CAF,Sub-Saharan Africa,Low income,1992,231430.0,37.148865132107
Canada,CAN,North America,High income,1992,3481787.38,38.835005615916
Switzerland,CHE,Europe & Central Asia,High income,1992,11620.36,29.3967304866273
Channel Islands,CHI,Europe & Central Asia,High income,1992,8.3,4.19191919191919
Chile,CHL,Latin America & Caribbean,High income,1992,153602.52,20.6584948596698
China,CHN,East Asia & Pacific,Upper middle income,1992,1611125.82,17.161087742657
Cote d'Ivoire,CIV,Sub-Saharan Africa,Lower middle income,1992,72995.78,22.9546477987421
Cameroon,CMR,Sub-Saharan Africa,Lower middle income,1992,223194.98,47.2160478940577
"Congo, Dem. Rep.",COD,Sub-Saharan Africa,Low income,1992,1492830.0,65.849010829051
"Congo, Rep.",COG,Sub-Saharan Africa,Lower middle income,1992,222910.0,65.2737920937042
Colombia,COL,Latin America & Caribbean,Upper middle income,1992,645136.12,58.1465633168094
Comoros,COM,Sub-Saharan Africa,Lower middle income,1992,451.84,24.2794196668458
Cabo Verde,CPV,Sub-Saharan Africa,Upper middle income,1992,202.48,5.024317617866
Costa Rica,CRI,Latin America & Caribbean,High income,1992,28973.64,56.7443008225617
Cuba,CUB,Latin America & Caribbean,Upper middle income,1992,21334.0,19.8640595903166
Cayman Islands,CYM,Latin America & Caribbean,High income,1992,130.9,54.5416666666667
Cyprus,CYP,Europe & Central Asia,High income,1992,1632.1,17.6634199134199
Germany,DEU,Europe & Central Asia,High income,1992,113108.0,32.3971013662533
Djibouti,DJI,Middle East & North Africa,Lower middle income,1992,56.0,0.241587575496117
Dominica,DMA,Latin America & Caribbean,Upper middle income,1992,498.22,66.4293333333333
Denmark,DNK,Europe & Central Asia,High income,1992,5394.72,13.4868
Dominican Republic,DOM,Latin America & Caribbean,Upper middle income,1992,16704.06,34.5768163941213
Algeria,DZA,Middle East & North Africa,Upper middle income,1992,16494.0,0.692518914743003
Ecuador,ECU,Latin America & Caribbean,Upper middle income,1992,144518.68,52.202961999711
"Egypt, Arab Rep.",EGY,Middle East & North Africa,Lower middle income,1992,468.9,0.0471043246772816
Spain,ESP,Europe & Central Asia,High income,1992,145425.14,29.1176397565273
Estonia,EST,Europe & Central Asia,High income,1992,22124.98,52.1938664779429
Finland,FIN,Europe & Central Asia,High income,1992,219893.92,72.1934140976394
Fiji,FJI,East Asia & Pacific,Upper middle income,1992,9530.46,52.1645320197044
France,FRA,Europe & Central Asia,High income,1992,146064.0,27.1015864180351
Faroe Islands,FRO,Europe & Central Asia,High income,1992,0.8,0.0573065902578797
"Micronesia, Fed. Sts.",FSM,East Asia & Pacific,Upper middle income,1992,636.36,90.9085714285714
Gabon,GAB,Sub-Saharan Africa,Upper middle income,1992,237492.96,92.1694260100128
United Kingdom,GBR,Europe & Central Asia,High income,1992,28132.0,11.6281569048898
Georgia,GEO,Europe & Central Asia,Upper middle income,1992,27539.6,39.6310260469132
Ghana,GHA,Sub-Saharan Africa,Lower middle income,1992,97091.3,42.669992089303
Gibraltar,GIB,Europe & Central Asia,High income,1992,0.0,0.0
Guinea,GIN,Sub-Saharan Africa,Lower middle income,1992,72066.0,29.3285039882793
"Gambia, The",GMB,Sub-Saharan Africa,Low income,1992,4031.94,39.8413043478261
Guinea-Bissau,GNB,Sub-Saharan Africa,Low income,1992,22164.4,78.8207681365576
Equatorial Guinea,GNQ,Sub-Saharan Africa,Upper middle income,1992,26824.36,95.6305169340464
Greece,GRC,Europe & Central Asia,High income,1992,33588.867,26.058081458495
Grenada,GRD,Latin America & Caribbean,Upper middle income,1992,177.0,52.0588235294118
Greenland,GRL,Europe & Central Asia,High income,1992,2.2,0.0006438396254024
Guatemala,GTM,Latin America & Caribbean,Upper middle income,1992,46668.0,43.5498320268757
Guam,GUM,East Asia & Pacific,High income,1992,240.0,44.4444444444444
Guyana,GUY,Latin America & Caribbean,High income,1992,185945.64,94.4605740411481
Honduras,HND,Latin America & Caribbean,Lower middle income,1992,69458.78,62.0777370631871
Croatia,HRV,Europe & Central Asia,High income,1992,18570.0,33.2140940797711
Haiti,HTI,Latin America & Caribbean,Lower middle income,1992,3824.66,13.8775761973875
Hungary,HUN,Europe & Central Asia,High income,1992,18353.54,20.4223211305219
Indonesia,IDN,East Asia & Pacific,Upper middle income,1992,1150920.0,63.531632782614
Isle of Man,IMN,Europe & Central Asia,High income,1992,34.6,6.07017543859649
India,IND,South Asia,Lower middle income,1992,646686.0,21.7505776623761
Ireland,IRL,Europe & Central Asia,High income,1992,4953.84,7.19094208157933
"Iran, Islamic Rep.",IRN,Middle East & North Africa,Upper middle income,1992,91259.8,5.60302315872197
Iraq,IRQ,Middle East & North Africa,Upper middle income,1992,8068.0,1.84466241397444
Iceland,ISL,Europe & Central Asia,High income,1992,196.22,0.195730673316708
Israel,ISR,Middle East & North Africa,High income,1992,1362.0,6.29390018484288
Italy,ITA,Europe & Central Asia,High income,1992,77456.5,26.3358947332631
Jamaica,JAM,Latin America & Caribbean,Upper middle income,1992,5212.24,48.1277931671283
Jordan,JOR,Middle East & North Africa,Upper middle income,1992,975.0,1.10494106980961
Japan,JPN,East Asia & Pacific,High income,1992,249352.0,68.3905650027427
Kazakhstan,KAZ,Europe & Central Asia,Upper middle income,1992,31611.81,1.17093788198689
Kenya,KEN,Sub-Saharan Africa,Lower middle income,1992,38790.7,6.81566925536775
Kyrgyz Republic,KGZ,Europe & Central Asia,Lower middle income,1992,11453.18,5.9714181438999
Cambodia,KHM,East Asia & Pacific,Lower middle income,1992,109600.32,62.0894629503739
Kiribati,KIR,East Asia & Pacific,Lower middle income,1992,11.8,1.45679012345679
St. Kitts and Nevis,KNA,Latin America & Caribbean,High income,1992,110.0,42.3076923076923
"Korea, Rep.",KOR,East Asia & Pacific,High income,1992,65360.0,67.7586564379017
Kuwait,KWT,Middle East & North Africa,High income,1992,37.3,0.209315375982043
Lao PDR,LAO,East Asia & Pacific,Lower middle income,1992,177594.0,76.9471403812825
Lebanon,LBN,Middle East & North Africa,Lower middle income,1992,1393.96,13.6261974584555
Liberia,LBR,Sub-Saharan Africa,Low income,1992,84647.2,87.8812292358804
Libya,LBY,Middle East & North Africa,Upper middle income,1992,2170.0,0.123327687918433
St. Lucia,LCA,Latin America & Caribbean,Upper middle income,1992,212.18,34.783606557377
Liechtenstein,LIE,Europe & Central Asia,High income,1992,65.4,40.875
Sri Lanka,LKA,South Asia,Upper middle income,1992,23135.48,36.8928081645671
Lesotho,LSO,Sub-Saharan Africa,Lower middle income,1992,345.2,1.13702239789196
Lithuania,LTU,Europe & Central Asia,High income,1992,19600.0,31.2699425654116
Latvia,LVA,Europe & Central Asia,High income,1992,31866.0,51.2092821444068
Morocco,MAR,Middle East & North Africa,Lower middle income,1992,54895.4,12.3001120322653
Monaco,MCO,Europe & Central Asia,High income,1992,0.0,0.0
Moldova,MDA,Europe & Central Asia,Upper middle income,1992,3292.0,10.0152114390021
Madagascar,MDG,Sub-Saharan Africa,Low income,1992,135608.94,23.3189359287409
Maldives,MDV,South Asia,Upper middle income,1992,8.2,2.73333333333333
Mexico,MEX,Latin America & Caribbean,Upper middle income,1992,701495.9,36.0861081817948
Marshall Islands,MHL,East Asia & Pacific,Upper middle income,1992,94.0,52.2222222222222
North Macedonia,MKD,Europe & Central Asia,Upper middle income,1992,9211.1,36.221392056626
Mali,MLI,Sub-Saharan Africa,Low income,1992,132960.0,10.896663634352
Malta,MLT,Middle East & North Africa,High income,1992,3.5,1.09375
Myanmar,MMR,East Asia & Pacific,Lower middle income,1992,383484.06,58.6779783945895
Mongolia,MNG,East Asia & Pacific,Upper middle income,1992,143343.8,9.26329399086481
Northern Mariana Islands,MNP,East Asia & Pacific,High income,1992,332.8,72.3478260869565
Mozambique,MOZ,Sub-Saharan Africa,Low income,1992,429400.0,54.6046440652102
Mauritania,MRT,Sub-Saharan Africa,Lower middle income,1992,4651.6,0.451304938391385
Mauritius,MUS,Sub-Saharan Africa,Upper middle income,1992,412.42,20.3162561576355
Malawi,MWI,Sub-Saharan Africa,Low income,1992,34177.0,36.2505303351718
Malaysia,MYS,East Asia & Pacific,Upper middle income,1992,204330.7,62.1916603256734
Namibia,NAM,Sub-Saharan Africa,Lower middle income,1992,86271.528,10.4788747585905
New Caledonia,NCL,East Asia & Pacific,High income,1992,8324.74,45.5401531728665
Niger,NER,Sub-Saharan Africa,Low income,1992,18216.2,1.43808320833662
Nigeria,NGA,Sub-Saharan Africa,Lower middle income,1992,261994.8,28.7662966500873
Nicaragua,NIC,Latin America & Caribbean,Lower middle income,1992,61993.2,51.5150407179658
Netherlands,NLD,Europe & Central Asia,High income,1992,3481.64,10.3129146919431
Norway,NOR,Europe & Central Asia,High income,1992,121282.0,33.2057473907853
Nepal,NPL,South Asia,Lower middle income,1992,56937.52,39.8164475524475
Naoero,NRU,East Asia & Pacific,High income,1992,0.0,0.0
New Zealand,NZL,East Asia & Pacific,High income,1992,94679.04,35.9572519083969
Oman,OMN,Middle East & North Africa,High income,1992,30.0,0.0096930533117932
Pakistan,PAK,Middle East & North Africa,Lower middle income,1992,48916.84,6.34558426733084
Panama,PAN,Latin America & Caribbean,High income,1992,45743.48,61.5327952649987
Peru,PER,Latin America & Caribbean,Upper middle income,1992,762183.98,59.5456234375
Philippines,PHL,East Asia & Pacific,Upper middle income,1992,76849.0,25.7735520005366
Palau,PLW,East Asia & Pacific,High income,1992,384.36,83.5565217391304
Papua New Guinea,PNG,East Asia & Pacific,Lower middle income,1992,363753.372,80.3235816808727
Poland,POL,Europe & Central Asia,High income,1992,89174.0,29.1142381403245
Puerto Rico (US),PRI,Latin America & Caribbean,High income,1992,3420.94,38.5675310033822
"Korea, Dem. People's Rep.",PRK,East Asia & Pacific,Low income,1992,68205.62,56.6444813553691
Portugal,PRT,Europe & Central Asia,High income,1992,33754.0,36.8896174863388
Paraguay,PRY,Latin America & Caribbean,Upper middle income,1992,250350.18,63.012881953184
West Bank and Gaza,PSE,Middle East & North Africa,Lower middle income,1992,90.8,1.50830564784053
French Polynesia,PYF,East Asia & Pacific,High income,1992,1452.54,39.6868852459016
Qatar,QAT,Middle East & North Africa,High income,1992,0.0,0.0
Romania,ROU,Europe & Central Asia,High income,1992,63700.0,27.7608297742526
Russian Federation,RUS,Europe & Central Asia,High income,1992,8090136.2,49.3603470419373
Rwanda,RWA,Sub-Saharan Africa,Low income,1992,3110.0,12.606404539927
Saudi Arabia,SAU,Middle East & North Africa,High income,1992,9770.0,0.454484134921779
Senegal,SEN,Sub-Saharan Africa,Lower middle income,1992,92131.6,47.8531138004467
Singapore,SGP,East Asia & Pacific,High income,1992,152.642,22.7823880597015
Solomon Islands,SLB,East Asia & Pacific,Lower middle income,1992,25434.48,90.8698821007503
Sierra Leone,SLE,Sub-Saharan Africa,Low income,1992,30872.46,42.7714879467997
El Salvador,SLV,Latin America & Caribbean,Upper middle income,1992,7098.8,34.2606177606178
San Marino,SMR,Europe & Central Asia,High income,1992,10.0,16.6666666666667
"Somalia, Fed. Rep.",SOM,Sub-Saharan Africa,Low income,1992,81290.0,12.9578856760289
Sao Tome and Principe,STP,Sub-Saharan Africa,Lower middle income,1992,585.68,61.0083333333333
Suriname,SUR,Latin America & Caribbean,Upper middle income,1992,153702.78,95.7604315458937
Slovenia,SVN,Europe & Central Asia,High income,1992,11970.0,59.4339622641509
Sweden,SWE,Europe & Central Asia,High income,1992,280830.0,68.9424576097051
Eswatini,SWZ,Sub-Saharan Africa,Lower middle income,1992,4635.68,26.9516279069767
Seychelles,SYC,Sub-Saharan Africa,High income,1992,337.0,73.2608695652174
Syrian Arab Republic,SYR,Middle East & North Africa,Low income,1992,3840.8,2.08989008597236
Turks and Caicos Islands,TCA,Latin America & Caribbean,High income,1992,105.2,11.0736842105263
Chad,TCD,Sub-Saharan Africa,Low income,1992,66546.0,5.28478398983482
Togo,TGO,Sub-Saharan Africa,Lower middle income,1992,13430.208,24.6924214009928
Thailand,THA,East Asia & Pacific,Upper middle income,1992,192884.0,37.754506841003
Tajikistan,TJK,Europe & Central Asia,Lower middle income,1992,4084.0,2.91797656473278
Turkmenistan,TKM,Europe & Central Asia,Upper middle income,1992,41270.0,8.78215904496414
Timor-Leste,TLS,East Asia & Pacific,Lower middle income,1992,9603.0,64.5796906523201
Tonga,TON,East Asia & Pacific,Upper middle income,1992,89.5,12.4305555555556
Trinidad and Tobago,TTO,Latin America & Caribbean,High income,1992,2409.78,46.974269005848
Tunisia,TUN,Middle East & North Africa,Lower middle income,1992,6487.515,4.17579492790937
Turkiye,TUR,Europe & Central Asia,Upper middle income,1992,198564.54,25.8
Tuvalu,TUV,East Asia & Pacific,Upper middle income,1992,10.0,33.3333333333333
Tanzania,TZA,Sub-Saharan Africa,Lower middle income,1992,566460.1,63.9489839692933
Uganda,UGA,Sub-Saharan Africa,Low income,1992,34929.66,17.4814373654972
Ukraine,UKR,Europe & Central Asia,Upper middle income,1992,93212.0,16.0890653318374
Uruguay,URY,Latin America & Caribbean,High income,1992,9122.0,5.21197577419724
United States,USA,North America,High income,1992,3026672.0,33.0460226925328
Uzbekistan,UZB,Europe & Central Asia,Lower middle income,1992,26317.884,6.18662059238364
St. Vincent and the Grenadines,VCT,Latin America & Caribbean,Upper middle income,1992,277.4,71.1282051282051
"Venezuela, RB",VEN,Latin America & Caribbean,Lower middle income,1992,514510.0,58.3311603650587
British Virgin Islands,VGB,Latin America & Caribbean,High income,1992,37.02,24.68
Virgin Islands (U.S.),VIR,Latin America & Caribbean,High income,1992,237.26,67.7885714285714
Viet Nam,VNM,East Asia & Pacific,Upper middle income,1992,98575.88,30.2853789670958
Vanuatu,VUT,East Asia & Pacific,Lower middle income,1992,4423.0,36.2838392124692
Samoa,WSM,East Asia & Pacific,Upper middle income,1992,1751.66,61.8961130742049
"Yemen, Rep.",YEM,Middle East & North Africa,Low income,1992,5490.0,1.03983180862549
South Africa,ZAF,Sub-Saharan Africa,Upper middle income,1992,180692.9,14.8952592140731
Zambia,ZMB,Sub-Saharan Africa,Lower middle income,1992,473404.0,63.6817821062968
Zimbabwe,ZWE,Sub-Saharan Africa,Lower middle income,1992,187345.4,48.4284347938477
Aruba,ABW,Latin America & Caribbean,High income,1993,4.2,2.33333333333333
Afghanistan,AFG,Middle East & North Africa,Low income,1993,12084.4,1.85278199408184
Angola,AGO,Sub-Saharan Africa,Lower middle income,1993,787965.29,63.2040819764177
Albania,ALB,Europe & Central Asia,Upper middle income,1993,7829.5,28.5748175182482
Andorra,AND,Europe & Central Asia,High income,1993,160.0,34.0425531914894
United Arab Emirates,ARE,Middle East & North Africa,High income,1993,2643.29,3.72189524077725
Argentina,ARG,Latin America & Caribbean,Upper middle income,1993,346562.0,12.6635461086203
Armenia,ARM,Europe & Central Asia,Upper middle income,1993,3341.03,11.7352651914296
American Samoa,ASM,East Asia & Pacific,High income,1993,179.68,89.84
Antigua and Barbuda,ATG,Latin America & Caribbean,High income,1993,99.12,22.5272727272727
Australia,AUS,East Asia & Pacific,High income,1993,1332617.7,17.3465980240293
Austria,AUT,Europe & Central Asia,High income,1993,37944.11,45.9817135239942
Azerbaijan,AZE,Europe & Central Asia,Upper middle income,1993,9574.84,11.5058701947919
Burundi,BDI,Sub-Saharan Africa,Low income,1993,2517.18,9.80210280373832
Benin,BEN,Sub-Saharan Africa,Lower middle income,1993,46251.5,41.0176481021639
Burkina Faso,BFA,Sub-Saharan Africa,Low income,1993,75665.7,27.6555921052632
Bangladesh,BGD,South Asia,Lower middle income,1993,19203.294,14.7524729200277
Bulgaria,BGR,Europe & Central Asia,High income,1993,33414.0,30.2033806381632
Bahrain,BHR,Middle East & North Africa,High income,1993,2.65,0.373239436619718
"Bahamas, The",BHS,Latin America & Caribbean,High income,1993,5098.6,50.9350649350649
Bosnia and Herzegovina,BIH,Europe & Central Asia,Upper middle income,1993,21804.95,42.58779296875
Belarus,BLR,Europe & Central Asia,Upper middle income,1993,79279.0,39.0744829761647
Belize,BLZ,Latin America & Caribbean,Upper middle income,1993,15578.11,68.2950898728628
Bermuda,BMU,North America,High income,1993,10.0,18.5185185185185
Bolivia,BOL,Latin America & Caribbean,Lower middle income,1993,569937.21,52.6112074217668
Brazil,BRA,Latin America & Caribbean,Upper middle income,1993,5775551.8,69.1009219754634
Barbados,BRB,Latin America & Caribbean,High income,1993,63.0,14.6511627906977
Brunei Darussalam,BRN,East Asia & Pacific,High income,1993,4082.0,77.4573055028463
Bhutan,BTN,South Asia,Lower middle income,1993,25365.04,54.2881236221989
Botswana,BWA,Sub-Saharan Africa,Upper middle income,1993,184488.0,32.5530675983272
Central African Republic,CAF,Sub-Saharan Africa,Low income,1993,231130.0,37.1007094930816
Canada,CAN,North America,High income,1993,3481316.42,38.8297526431612
Switzerland,CHE,Europe & Central Asia,High income,1993,11663.04,29.504640963169
Channel Islands,CHI,Europe & Central Asia,High income,1993,8.3,4.19191919191919
Chile,CHL,Latin America & Caribbean,High income,1993,154173.53,20.7352918233512
China,CHN,East Asia & Pacific,Upper middle income,1993,1630985.78,17.3726283386148
Cote d'Ivoire,CIV,Sub-Saharan Africa,Lower middle income,1993,70239.37,22.0878522012579
Cameroon,CMR,Sub-Saharan Africa,Lower middle income,1993,222292.47,47.0251253411182
"Congo, Dem. Rep.",COD,Sub-Saharan Africa,Low income,1993,1486100.0,65.5521492688736
"Congo, Rep.",COG,Sub-Saharan Africa,Lower middle income,1993,222790.0,65.2386530014641
Colombia,COL,Latin America & Caribbean,Upper middle income,1993,642913.48,57.9462352410996
Comoros,COM,Sub-Saharan Africa,Lower middle income,1993,447.46,24.0440623320795
Cabo Verde,CPV,Sub-Saharan Africa,Upper middle income,1993,226.82,5.62828784119107
Costa Rica,CRI,Latin America & Caribbean,High income,1993,28923.46,56.6460242851547
Cuba,CUB,Latin America & Caribbean,Upper middle income,1993,21711.0,20.2150837988827
Cayman Islands,CYM,Latin America & Caribbean,High income,1993,130.7,54.4583333333333
Cyprus,CYP,Europe & Central Asia,High income,1993,1642.6,17.7770562770563
Czechia,CZE,Europe & Central Asia,High income,1993,26317.81,34.0595444545102
Germany,DEU,Europe & Central Asia,High income,1993,113162.0,32.413496791934
Djibouti,DJI,Middle East & North Africa,Lower middle income,1993,56.0,0.241587575496117
Dominica,DMA,Latin America & Caribbean,Upper middle income,1993,495.78,66.104
Denmark,DNK,Europe & Central Asia,High income,1993,5434.88,13.5872
Dominican Republic,DOM,Latin America & Caribbean,Upper middle income,1993,17081.64,35.358393707307
Algeria,DZA,Middle East & North Africa,Upper middle income,1993,16406.0,0.688824136975488
Ecuador,ECU,Latin America & Caribbean,Upper middle income,1993,143616.97,51.8772467851467
"Egypt, Arab Rep.",EGY,Middle East & North Africa,Lower middle income,1993,484.3,0.0486513637048571
Eritrea,ERI,Sub-Saharan Africa,Low income,1993,11405.8,11.2928712871287
Spain,ESP,Europe & Central Asia,High income,1993,148614.41,29.7562089540285
Estonia,EST,Europe & Central Asia,High income,1993,22157.97,52.2716914366596
Ethiopia,ETH,Sub-Saharan Africa,Low income,1993,190395.0,19.0395
Finland,FIN,Europe & Central Asia,High income,1993,220464.23,72.3806526806527
Fiji,FJI,East Asia & Pacific,Upper middle income,1993,9597.24,52.5300492610837
France,FRA,Europe & Central Asia,High income,1993,146916.0,27.2596715836348
Faroe Islands,FRO,Europe & Central Asia,High income,1993,0.8,0.0573065902578797
"Micronesia, Fed. Sts.",FSM,East Asia & Pacific,Upper middle income,1993,636.64,90.9485714285714
Gabon,GAB,Sub-Saharan Africa,Upper middle income,1993,237431.34,92.1455117010129
United Kingdom,GBR,Europe & Central Asia,High income,1993,28308.0,11.7009052205183
Georgia,GEO,Europe & Central Asia,Upper middle income,1993,27547.9,39.6429702115412
Ghana,GHA,Sub-Saharan Africa,Lower middle income,1993,96015.65,42.1972620198646
Gibraltar,GIB,Europe & Central Asia,High income,1993,0.0,0.0
Guinea,GIN,Sub-Saharan Africa,Lower middle income,1993,71719.0,29.1872863421781
"Gambia, The",GMB,Sub-Saharan Africa,Low income,1993,3974.61,39.2748023715415
Guinea-Bissau,GNB,Sub-Saharan Africa,Low income,1993,22079.95,78.5204480796586
Equatorial Guinea,GNQ,Sub-Saharan Africa,Upper middle income,1993,26740.79,95.3325846702317
Greece,GRC,Europe & Central Asia,High income,1993,33890.546,26.29212257564
Grenada,GRD,Latin America & Caribbean,Upper middle income,1993,177.0,52.0588235294118
Greenland,GRL,Europe & Central Asia,High income,1993,2.2,0.0006438396254024
Guatemala,GTM,Latin America & Caribbean,Upper middle income,1993,46096.0,43.0160507652109
Guam,GUM,East Asia & Pacific,High income,1993,240.0,44.4444444444444
Guyana,GUY,Latin America & Caribbean,High income,1993,185907.71,94.4413055626111
Honduras,HND,Latin America & Caribbean,Lower middle income,1993,69249.27,61.8904906604701
Croatia,HRV,Europe & Central Asia,High income,1993,18605.0,33.2766946878913
Haiti,HTI,Latin America & Caribbean,Lower middle income,1993,3822.39,13.8693396226415
Hungary,HUN,Europe & Central Asia,High income,1993,18460.81,20.5439683952815
Indonesia,IDN,East Asia & Pacific,Upper middle income,1993,1133655.0,62.5785920499898
Isle of Man,IMN,Europe & Central Asia,High income,1993,34.6,6.07017543859649
India,IND,South Asia,Lower middle income,1993,650339.0,21.873442329619
Ireland,IRL,Europe & Central Asia,High income,1993,5122.56,7.43585426041516
"Iran, Islamic Rep.",IRN,Middle East & North Africa,Upper middle income,1993,91509.4,5.61834770009087
Iraq,IRQ,Middle East & North Africa,Upper middle income,1993,8082.0,1.84786336511421
Iceland,ISL,Europe & Central Asia,High income,1993,208.98,0.20845885286783
Israel,ISR,Middle East & North Africa,High income,1993,1383.0,6.3909426987061
Italy,ITA,Europe & Central Asia,High income,1993,78236.0,26.6009316242222
Jamaica,JAM,Latin America & Caribbean,Upper middle income,1993,5211.96,48.1252077562327
Jordan,JOR,Middle East & North Africa,Upper middle income,1993,975.0,1.10494106980961
Japan,JPN,East Asia & Pacific,High income,1993,249278.0,68.3702687877126
Kazakhstan,KAZ,Europe & Central Asia,Upper middle income,1993,31606.491,1.17074086009557
Kenya,KEN,Sub-Saharan Africa,Lower middle income,1993,38893.35,6.83370523948413
Kyrgyz Republic,KGZ,Europe & Central Asia,Lower middle income,1993,11497.658,5.99460792492179
Cambodia,KHM,East Asia & Pacific,Lower middle income,1993,109376.53,61.9626841151144
Kiribati,KIR,East Asia & Pacific,Lower middle income,1993,11.8,1.45679012345679
St. Kitts and Nevis,KNA,Latin America & Caribbean,High income,1993,110.0,42.3076923076923
"Korea, Rep.",KOR,East Asia & Pacific,High income,1993,65285.0,67.6809040016587
Kuwait,KWT,Middle East & North Africa,High income,1993,38.7,0.217171717171717
Lao PDR,LAO,East Asia & Pacific,Lower middle income,1993,177176.0,76.7660311958406
Lebanon,LBN,Middle East & North Africa,Lower middle income,1993,1392.44,13.611339198436
Liberia,LBR,Sub-Saharan Africa,Low income,1993,84344.6,87.5670681063123
Libya,LBY,Middle East & North Africa,Upper middle income,1993,2170.0,0.123327687918433
St. Lucia,LCA,Latin America & Caribbean,Upper middle income,1993,211.92,34.7409836065574
Liechtenstein,LIE,Europe & Central Asia,High income,1993,65.6,41.0
Sri Lanka,LKA,South Asia,Upper middle income,1993,22951.57,36.5995375538192
Lesotho,LSO,Sub-Saharan Africa,Lower middle income,1993,345.2,1.13702239789196
Lithuania,LTU,Europe & Central Asia,High income,1993,19675.0,31.3895979578813
Latvia,LVA,Europe & Central Asia,High income,1993,31934.0,51.3185594677552
Morocco,MAR,Middle East & North Africa,Lower middle income,1993,54916.65,12.3048734035402
Monaco,MCO,Europe & Central Asia,High income,1993,0.0,0.0
Moldova,MDA,Europe & Central Asia,Upper middle income,1993,3311.0,10.0485584218513
Madagascar,MDG,Sub-Saharan Africa,Low income,1993,134946.16,23.2049661244282
Maldives,MDV,South Asia,Upper middle income,1993,8.2,2.73333333333333
Mexico,MEX,Latin America & Caribbean,Upper middle income,1993,699285.6,35.9724066977031
Marshall Islands,MHL,East Asia & Pacific,Upper middle income,1993,94.0,52.2222222222222
North Macedonia,MKD,Europe & Central Asia,Upper middle income,1993,9256.65,36.4005112072355
Mali,MLI,Sub-Saharan Africa,Low income,1993,132960.0,10.896663634352
Malta,MLT,Middle East & North Africa,High income,1993,3.5,1.09375
Myanmar,MMR,East Asia & Pacific,Lower middle income,1993,379133.69,58.012316002081
Mongolia,MNG,East Asia & Pacific,Upper middle income,1993,143255.7,9.2576007121838
Northern Mariana Islands,MNP,East Asia & Pacific,High income,1993,331.15,71.9891304347826
Mozambique,MOZ,Sub-Saharan Africa,Low income,1993,427210.0,54.3261527505786
Mauritania,MRT,Sub-Saharan Africa,Lower middle income,1993,4597.2,0.446026971960803
Mauritius,MUS,Sub-Saharan Africa,Upper middle income,1993,413.28,20.3586206896552
Malawi,MWI,Sub-Saharan Africa,Low income,1993,33757.0,35.8050487908358
Malaysia,MYS,East Asia & Pacific,Upper middle income,1993,203403.55,61.9094658347284
Namibia,NAM,Sub-Saharan Africa,Lower middle income,1993,85561.442,10.3926249559693
New Caledonia,NCL,East Asia & Pacific,High income,1993,8331.46,45.5769146608315
Niger,NER,Sub-Saharan Africa,Low income,1993,17599.3,1.38938185837215
Nigeria,NGA,Sub-Saharan Africa,Lower middle income,1993,260361.75,28.5869923251754
Nicaragua,NIC,Latin America & Caribbean,Lower middle income,1993,60993.2,50.6840618248297
Netherlands,NLD,Europe & Central Asia,High income,1993,3495.81,10.3548874407583
Norway,NOR,Europe & Central Asia,High income,1993,121263.0,33.200545388836
Nepal,NPL,South Asia,Lower middle income,1993,57046.28,39.8925034965035
Naoero,NRU,East Asia & Pacific,High income,1993,0.0,0.0
New Zealand,NZL,East Asia & Pacific,High income,1993,95157.21,36.1388515438077
Oman,OMN,Middle East & North Africa,High income,1993,30.0,0.0096930533117932
Pakistan,PAK,Middle East & North Africa,Lower middle income,1993,48441.31,6.28389762349523
Panama,PAN,Latin America & Caribbean,High income,1993,45578.22,61.3104923325262
Peru,PER,Latin America & Caribbean,Upper middle income,1993,761033.27,59.45572421875
Philippines,PHL,East Asia & Pacific,Upper middle income,1993,76379.45,25.6160747224738
Palau,PLW,East Asia & Pacific,High income,1993,385.79,83.8673913043478
Papua New Guinea,PNG,East Asia & Pacific,Lower middle income,1993,363631.659,80.2967051627435
Poland,POL,Europe & Central Asia,High income,1993,89351.0,29.1720265108231
Puerto Rico (US),PRI,Latin America & Caribbean,High income,1993,3529.76,39.7943630214205
"Korea, Dem. People's Rep.",PRK,East Asia & Pacific,Low income,1993,67748.28,56.2646624034549
Portugal,PRT,Europe & Central Asia,High income,1993,33636.0,36.7606557377049
Paraguay,PRY,Latin America & Caribbean,Upper middle income,1993,247795.97,62.3699899320413
West Bank and Gaza,PSE,Middle East & North Africa,Lower middle income,1993,90.8,1.50830564784053
French Polynesia,PYF,East Asia & Pacific,High income,1993,1456.66,39.7994535519126
Qatar,QAT,Middle East & North Africa,High income,1993,0.0,0.0
Romania,ROU,Europe & Central Asia,High income,1993,63695.0,27.7586507452279
Russian Federation,RUS,Europe & Central Asia,High income,1993,8090454.8,49.3736477934454
Rwanda,RWA,Sub-Saharan Africa,Low income,1993,3080.0,12.484799351439
Saudi Arabia,SAU,Middle East & North Africa,High income,1993,9770.0,0.454484134921779
Senegal,SEN,Sub-Saharan Africa,Lower middle income,1993,91681.6,47.6193839921051
Singapore,SGP,East Asia & Pacific,High income,1993,154.829,23.1088059701493
Solomon Islands,SLB,East Asia & Pacific,Lower middle income,1993,25427.17,90.8437656305823
Sierra Leone,SLE,Sub-Saharan Africa,Low income,1993,30675.19,42.4981850928235
El Salvador,SLV,Latin America & Caribbean,Upper middle income,1993,7053.8,34.0434362934363
San Marino,SMR,Europe & Central Asia,High income,1993,10.0,16.6666666666667
"Somalia, Fed. Rep.",SOM,Sub-Saharan Africa,Low income,1993,80522.5,12.8355437242962
Sao Tome and Principe,STP,Sub-Saharan Africa,Lower middle income,1993,585.42,60.98125
Suriname,SUR,Latin America & Caribbean,Upper middle income,1993,153666.02,95.7375292050016
Slovak Republic,SVK,Europe & Central Asia,High income,1993,19021.59,39.5459251559252
Slovenia,SVN,Europe & Central Asia,High income,1993,12015.0,59.6573982125124
Sweden,SWE,Europe & Central Asia,High income,1993,280930.0,68.96700714416
Eswatini,SWZ,Sub-Saharan Africa,Lower middle income,1993,4647.82,27.0222093023256
Seychelles,SYC,Sub-Saharan Africa,High income,1993,337.0,73.2608695652174
Syrian Arab Republic,SYR,Middle East & North Africa,Low income,1993,3900.8,2.12253781695506
Turks and Caicos Islands,TCA,Latin America & Caribbean,High income,1993,105.2,11.0736842105263
Chad,TCD,Sub-Saharan Africa,Low income,1993,66169.0,5.25484434561626
Togo,TGO,Sub-Saharan Africa,Lower middle income,1993,13337.012,24.521073726788
Thailand,THA,East Asia & Pacific,Upper middle income,1993,192521.0,37.6834543639531
Tajikistan,TJK,Europe & Central Asia,Lower middle income,1993,4086.0,2.91940554444127
Turkmenistan,TKM,Europe & Central Asia,Upper middle income,1993,41270.0,8.78215904496414
Timor-Leste,TLS,East Asia & Pacific,Lower middle income,1993,9589.0,64.4855413584398
Tonga,TON,East Asia & Pacific,Upper middle income,1993,89.5,12.4305555555556
Trinidad and Tobago,TTO,Latin America & Caribbean,High income,1993,2404.37,46.8688109161793
Tunisia,TUN,Middle East & North Africa,Lower middle income,1993,6511.388,4.19116117404737
Turkiye,TUR,Europe & Central Asia,Upper middle income,1993,198929.41,25.8474084949911
Tuvalu,TUV,East Asia & Pacific,Upper middle income,1993,10.0,33.3333333333333
Tanzania,TZA,Sub-Saharan Africa,Lower middle income,1993,562740.1,63.5290246105216
Uganda,UGA,Sub-Saharan Africa,Low income,1993,34517.14,17.2749812321706
Ukraine,UKR,Europe & Central Asia,Upper middle income,1993,93448.0,16.1298006386468
Uruguay,URY,Latin America & Caribbean,High income,1993,9693.0,5.53822420294823
United States,USA,North America,High income,1993,3027758.0,33.0578799339663
Uzbekistan,UZB,Europe & Central Asia,Lower middle income,1993,26729.974,6.28349177244946
St. Vincent and the Grenadines,VCT,Latin America & Caribbean,Upper middle income,1993,278.4,71.3846153846154
"Venezuela, RB",VEN,Latin America & Caribbean,Lower middle income,1993,511635.0,58.0052151238592
British Virgin Islands,VGB,Latin America & Caribbean,High income,1993,36.98,24.6533333333333
Virgin Islands (U.S.),VIR,Latin America & Caribbean,High income,1993,233.19,66.6257142857143
Viet Nam,VNM,East Asia & Pacific,Upper middle income,1993,100984.02,31.0252296537528
Vanuatu,VUT,East Asia & Pacific,Lower middle income,1993,4423.0,36.2838392124692
Samoa,WSM,East Asia & Pacific,Upper middle income,1993,1746.84,61.7257950530035
"Yemen, Rep.",YEM,Middle East & North Africa,Low income,1993,5490.0,1.03983180862549
South Africa,ZAF,Sub-Saharan Africa,Upper middle income,1993,180328.9,14.8652531963828
Zambia,ZMB,Sub-Saharan Africa,Lower middle income,1993,473046.0,63.6336243425389
Zimbabwe,ZWE,Sub-Saharan Africa,Lower middle income,1993,186884.7,48.3093447072509
Aruba,ABW,Latin America & Caribbean,High income,1994,4.2,2.33333333333333
Afghanistan,AFG,Middle East & North Africa,Low income,1994,12084.4,1.85278199408184
Angola,AGO,Sub-Saharan Africa,Lower middle income,1994,786411.12,63.0794192668645
Albania,ALB,Europe & Central Asia,Upper middle income,1994,7810.0,28.5036496350365
Andorra,AND,Europe & Central Asia,High income,1994,160.0,34.0425531914894
United Arab Emirates,ARE,Middle East & North Africa,High income,1994,2707.72,3.81261616446072
Argentina,ARG,Latin America & Caribbean,Upper middle income,1994,344736.0,12.5968231695954
Armenia,ARM,Europe & Central Asia,Upper middle income,1994,3338.94,11.7279241306639
American Samoa,ASM,East Asia & Pacific,High income,1994,179.34,89.67
Antigua and Barbuda,ATG,Latin America & Caribbean,High income,1994,98.46,22.3772727272727
Australia,AUS,East Asia & Pacific,High income,1994,1330549.6,17.3196777006886
Austria,AUT,Europe & Central Asia,High income,1994,38006.58,46.0574163839069
Azerbaijan,AZE,Europe & Central Asia,Upper middle income,1994,9617.32,11.5569174567696
Burundi,BDI,Sub-Saharan Africa,Low income,1994,2434.64,9.48068535825545
Benin,BEN,Sub-Saharan Africa,Lower middle income,1994,45551.5,40.3968605888613
Burkina Faso,BFA,Sub-Saharan Africa,Low income,1994,75165.6,27.4728070175439
Bangladesh,BGD,South Asia,Lower middle income,1994,19203.292,14.7524713835753
Bulgaria,BGR,Europe & Central Asia,High income,1994,33462.0,30.2467685076381
Bahrain,BHR,Middle East & North Africa,High income,1994,2.8,0.394366197183099
"Bahamas, The",BHS,Latin America & Caribbean,High income,1994,5098.6,50.9350649350649
Bosnia and Herzegovina,BIH,Europe & Central Asia,Upper middle income,1994,21706.6,42.395703125
Belarus,BLR,Europe & Central Asia,Upper middle income,1994,79772.0,39.3201825727777
Belize,BLZ,Latin America & Caribbean,Upper middle income,1994,15437.38,67.6781236299868
Bermuda,BMU,North America,High income,1994,10.0,18.5185185185185
Bolivia,BOL,Latin America & Caribbean,Lower middle income,1994,567233.88,52.3616615895874
Brazil,BRA,Latin America & Caribbean,Upper middle income,1994,5737742.4,68.6485557791566
Barbados,BRB,Latin America & Caribbean,High income,1994,63.0,14.6511627906977
Brunei Darussalam,BRN,East Asia & Pacific,High income,1994,4066.0,77.1537001897533
Bhutan,BTN,South Asia,Lower middle income,1994,25464.32,63.9807035175879
Botswana,BWA,Sub-Saharan Africa,Upper middle income,1994,183305.0,32.3443262223634
Central African Republic,CAF,Sub-Saharan Africa,Low income,1994,230830.0,37.0525538540563
Canada,CAN,North America,High income,1994,3480845.46,38.8244996704065
Switzerland,CHE,Europe & Central Asia,High income,1994,11705.72,29.6125510029322
Channel Islands,CHI,Europe & Central Asia,High income,1994,8.3,4.19191919191919
Chile,CHL,Latin America & Caribbean,High income,1994,154744.54,20.8120887870327
China,CHN,East Asia & Pacific,Upper middle income,1994,1650845.74,17.5841689345725
Cote d'Ivoire,CIV,Sub-Saharan Africa,Lower middle income,1994,67482.96,21.2210566037736
Cameroon,CMR,Sub-Saharan Africa,Lower middle income,1994,221389.96,46.8342027881788
"Congo, Dem. Rep.",COD,Sub-Saharan Africa,Low income,1994,1479370.0,65.2552877086963
"Congo, Rep.",COG,Sub-Saharan Africa,Lower middle income,1994,222670.0,65.203513909224
Colombia,COL,Latin America & Caribbean,Upper middle income,1994,640690.84,57.7459071653898
Comoros,COM,Sub-Saharan Africa,Lower middle income,1994,443.08,23.8087049973133
Cabo Verde,CPV,Sub-Saharan Africa,Upper middle income,1994,251.16,6.23225806451613
Costa Rica,CRI,Latin America & Caribbean,High income,1994,28873.28,56.5477477477477
Cuba,CUB,Latin America & Caribbean,Upper middle income,1994,22088.0,20.5661080074488
Cayman Islands,CYM,Latin America & Caribbean,High income,1994,130.5,54.375
Cyprus,CYP,Europe & Central Asia,High income,1994,1653.1,17.8906926406926
Czechia,CZE,Europe & Central Asia,High income,1994,26325.68,34.0697295198654
Germany,DEU,Europe & Central Asia,High income,1994,113216.0,32.4298931568846
Djibouti,DJI,Middle East & North Africa,Lower middle income,1994,56.0,0.241587575496117
Dominica,DMA,Latin America & Caribbean,Upper middle income,1994,493.34,65.7786666666667
Denmark,DNK,Europe & Central Asia,High income,1994,5475.04,13.6876
Dominican Republic,DOM,Latin America & Caribbean,Upper middle income,1994,17459.22,36.1399710204927
Algeria,DZA,Middle East & North Africa,Upper middle income,1994,16318.0,0.685129359207974
Ecuador,ECU,Latin America & Caribbean,Upper middle income,1994,142715.26,51.5515315705823
"Egypt, Arab Rep.",EGY,Middle East & North Africa,Lower middle income,1994,499.7,0.0501984027324326
Eritrea,ERI,Sub-Saharan Africa,Low income,1994,11374.2,11.2615841584158
Spain,ESP,Europe & Central Asia,High income,1994,151803.68,30.3947781515297
Estonia,EST,Europe & Central Asia,High income,1994,22190.96,52.3495163953763
Ethiopia,ETH,Sub-Saharan Africa,Low income,1994,189665.0,18.9665
Finland,FIN,Europe & Central Asia,High income,1994,221034.54,72.5678912636659
Fiji,FJI,East Asia & Pacific,Upper middle income,1994,9664.02,52.8955665024631
France,FRA,Europe & Central Asia,High income,1994,147768.0,27.4177567492346
Faroe Islands,FRO,Europe & Central Asia,High income,1994,0.8,0.0573065902578797
"Micronesia, Fed. Sts.",FSM,East Asia & Pacific,Upper middle income,1994,636.92,90.9885714285714
Gabon,GAB,Sub-Saharan Africa,Upper middle income,1994,237369.72,92.121597392013
United Kingdom,GBR,Europe & Central Asia,High income,1994,28484.0,11.7736535361468
Georgia,GEO,Europe & Central Asia,Upper middle income,1994,27556.2,39.6549143761692
Ghana,GHA,Sub-Saharan Africa,Lower middle income,1994,94940.0,41.7245319504263
Gibraltar,GIB,Europe & Central Asia,High income,1994,0.0,0.0
Guinea,GIN,Sub-Saharan Africa,Lower middle income,1994,71372.0,29.0460686960768
"Gambia, The",GMB,Sub-Saharan Africa,Low income,1994,3917.28,38.7083003952569
Guinea-Bissau,GNB,Sub-Saharan Africa,Low income,1994,21995.5,78.2201280227596
Equatorial Guinea,GNQ,Sub-Saharan Africa,Upper middle income,1994,26657.22,95.0346524064171
Greece,GRC,Europe & Central Asia,High income,1994,34192.224,26.5261629169899
Grenada,GRD,Latin America & Caribbean,Upper middle income,1994,177.0,52.0588235294118
Greenland,GRL,Europe & Central Asia,High income,1994,2.2,0.0006438396254024
Guatemala,GTM,Latin America & Caribbean,Upper middle income,1994,45524.0,42.4822695035461
Guam,GUM,East Asia & Pacific,High income,1994,240.0,44.4444444444444
Guyana,GUY,Latin America & Caribbean,High income,1994,185869.78,94.4220370840742
Honduras,HND,Latin America & Caribbean,Lower middle income,1994,69039.76,61.7032442577531
Croatia,HRV,Europe & Central Asia,High income,1994,18640.0,33.3392952960114
Haiti,HTI,Latin America & Caribbean,Lower middle income,1994,3820.12,13.8611030478955
Hungary,HUN,Europe & Central Asia,High income,1994,18568.08,20.6633429779657
Indonesia,IDN,East Asia & Pacific,Upper middle income,1994,1116390.0,61.6255513173656
Isle of Man,IMN,Europe & Central Asia,High income,1994,34.6,6.07017543859649
India,IND,South Asia,Lower middle income,1994,653992.0,21.996306996862
Ireland,IRL,Europe & Central Asia,High income,1994,5291.28,7.68076643925098
"Iran, Islamic Rep.",IRN,Middle East & North Africa,Upper middle income,1994,91759.0,5.63367224145976
Iraq,IRQ,Middle East & North Africa,Upper middle income,1994,8096.0,1.85106431625397
Iceland,ISL,Europe & Central Asia,High income,1994,221.74,0.221187032418953
Israel,ISR,Middle East & North Africa,High income,1994,1404.0,6.48798521256932
Italy,ITA,Europe & Central Asia,High income,1994,79015.5,26.8659685151814
Jamaica,JAM,Latin America & Caribbean,Upper middle income,1994,5211.68,48.122622345337
Jordan,JOR,Middle East & North Africa,Upper middle income,1994,975.0,1.10494106980961
Japan,JPN,East Asia & Pacific,High income,1994,249204.0,68.3499725726824
Kazakhstan,KAZ,Europe & Central Asia,Upper middle income,1994,31601.172,1.17054383820425
Kenya,KEN,Sub-Saharan Africa,Lower middle income,1994,38996.0,6.85174122360052
Kyrgyz Republic,KGZ,Europe & Central Asia,Lower middle income,1994,11542.135,6.01779718456726
Cambodia,KHM,East Asia & Pacific,Lower middle income,1994,109152.74,61.835905279855
Kiribati,KIR,East Asia & Pacific,Lower middle income,1994,11.8,1.45679012345679
St. Kitts and Nevis,KNA,Latin America & Caribbean,High income,1994,110.0,42.3076923076923
"Korea, Rep.",KOR,East Asia & Pacific,High income,1994,65210.0,67.6031515654157
Kuwait,KWT,Middle East & North Africa,High income,1994,40.1,0.225028058361392
Lao PDR,LAO,East Asia & Pacific,Lower middle income,1994,176758.0,76.5849220103986
Lebanon,LBN,Middle East & North Africa,Lower middle income,1994,1390.92,13.5964809384164
Liberia,LBR,Sub-Saharan Africa,Low income,1994,84042.0,87.2529069767442
Libya,LBY,Middle East & North Africa,Upper middle income,1994,2170.0,0.123327687918433
St. Lucia,LCA,Latin America & Caribbean,Upper middle income,1994,211.66,34.6983606557377
Liechtenstein,LIE,Europe & Central Asia,High income,1994,65.8,41.125
Sri Lanka,LKA,South Asia,Upper middle income,1994,22767.66,36.3062669430713
Lesotho,LSO,Sub-Saharan Africa,Lower middle income,1994,345.2,1.13702239789196
Lithuania,LTU,Europe & Central Asia,High income,1994,19750.0,31.509253350351
Latvia,LVA,Europe & Central Asia,High income,1994,32002.0,51.4278367911035
Morocco,MAR,Middle East & North Africa,Lower middle income,1994,54937.9,12.3096347748151
Monaco,MCO,Europe & Central Asia,High income,1994,0.0,0.0
Moldova,MDA,Europe & Central Asia,Upper middle income,1994,3330.0,10.1092896174863
Madagascar,MDG,Sub-Saharan Africa,Low income,1994,134283.38,23.0909963201156
Maldives,MDV,South Asia,Upper middle income,1994,8.2,2.73333333333333
Mexico,MEX,Latin America & Caribbean,Upper middle income,1994,697075.3,35.8587052136115
Marshall Islands,MHL,East Asia & Pacific,Upper middle income,1994,94.0,52.2222222222222
North Macedonia,MKD,Europe & Central Asia,Upper middle income,1994,9302.2,36.5796303578451
Mali,MLI,Sub-Saharan Africa,Low income,1994,132960.0,10.896663634352
Malta,MLT,Middle East & North Africa,High income,1994,3.5,1.09375
Myanmar,MMR,East Asia & Pacific,Lower middle income,1994,374783.32,57.3466536095725
Mongolia,MNG,East Asia & Pacific,Upper middle income,1994,143167.6,9.25190743350279
Northern Mariana Islands,MNP,East Asia & Pacific,High income,1994,329.5,71.6304347826087
Mozambique,MOZ,Sub-Saharan Africa,Low income,1994,425020.0,54.047661435947
Mauritania,MRT,Sub-Saharan Africa,Lower middle income,1994,4542.8,0.440749005530222
Mauritius,MUS,Sub-Saharan Africa,Upper middle income,1994,414.14,20.4009852216749
Malawi,MWI,Sub-Saharan Africa,Low income,1994,33337.0,35.3595672464998
Malaysia,MYS,East Asia & Pacific,Upper middle income,1994,202476.4,61.6272713437833
Namibia,NAM,Sub-Saharan Africa,Lower middle income,1994,84851.356,10.3063751533482
New Caledonia,NCL,East Asia & Pacific,High income,1994,8338.18,45.6136761487965
Niger,NER,Sub-Saharan Africa,Low income,1994,16982.4,1.34068050840767
Nigeria,NGA,Sub-Saharan Africa,Lower middle income,1994,258728.7,28.4076880002635
Nicaragua,NIC,Latin America & Caribbean,Lower middle income,1994,59993.2,49.8530829316935
Netherlands,NLD,Europe & Central Asia,High income,1994,3509.98,10.3968601895735
Norway,NOR,Europe & Central Asia,High income,1994,121244.0,33.1953433868866
Nepal,NPL,South Asia,Lower middle income,1994,57155.04,39.9685594405594
Naoero,NRU,East Asia & Pacific,High income,1994,0.0,0.0
New Zealand,NZL,East Asia & Pacific,High income,1994,95635.38,36.3204511792184
Oman,OMN,Middle East & North Africa,High income,1994,30.0,0.0096930533117932
Pakistan,PAK,Middle East & North Africa,Lower middle income,1994,47965.78,6.22221097965961
Panama,PAN,Latin America & Caribbean,High income,1994,45412.96,61.0881894000538
Peru,PER,Latin America & Caribbean,Upper middle income,1994,759882.56,59.365825
Philippines,PHL,East Asia & Pacific,Upper middle income,1994,75909.9,25.4585974444109
Palau,PLW,East Asia & Pacific,High income,1994,387.22,84.1782608695652
Papua New Guinea,PNG,East Asia & Pacific,Lower middle income,1994,363509.945,80.2698284237954
Poland,POL,Europe & Central Asia,High income,1994,89528.0,29.2298148813216
Puerto Rico (US),PRI,Latin America & Caribbean,High income,1994,3638.58,41.0211950394588
"Korea, Dem. People's Rep.",PRK,East Asia & Pacific,Low income,1994,67290.94,55.8848434515406
Portugal,PRT,Europe & Central Asia,High income,1994,33518.0,36.631693989071
Paraguay,PRY,Latin America & Caribbean,Upper middle income,1994,245241.76,61.7270979108986
West Bank and Gaza,PSE,Middle East & North Africa,Lower middle income,1994,90.8,1.50830564784053
French Polynesia,PYF,East Asia & Pacific,High income,1994,1460.78,39.9120218579235
Qatar,QAT,Middle East & North Africa,High income,1994,0.0,0.0
Romania,ROU,Europe & Central Asia,High income,1994,63690.0,27.7504248180907
Russian Federation,RUS,Europe & Central Asia,High income,1994,8090773.4,49.3902106849688
Rwanda,RWA,Sub-Saharan Africa,Low income,1994,3050.0,12.363194162951
Saudi Arabia,SAU,Middle East & North Africa,High income,1994,9770.0,0.454484134921779
Senegal,SEN,Sub-Saharan Africa,Lower middle income,1994,91231.6,47.3856541837636
Singapore,SGP,East Asia & Pacific,High income,1994,157.015,23.4350746268657
Solomon Islands,SLB,East Asia & Pacific,Lower middle income,1994,25419.86,90.8176491604144
Sierra Leone,SLE,Sub-Saharan Africa,Low income,1994,30477.92,42.2248822388473
El Salvador,SLV,Latin America & Caribbean,Upper middle income,1994,7008.8,33.8262548262548
San Marino,SMR,Europe & Central Asia,High income,1994,10.0,16.6666666666667
"Somalia, Fed. Rep.",SOM,Sub-Saharan Africa,Low income,1994,79755.0,12.7132017725635
Sao Tome and Principe,STP,Sub-Saharan Africa,Lower middle income,1994,585.16,60.9541666666667
Suriname,SUR,Latin America & Caribbean,Upper middle income,1994,153629.26,95.7146268641094
Slovak Republic,SVK,Europe & Central Asia,High income,1994,19020.52,39.5437006237006
Slovenia,SVN,Europe & Central Asia,High income,1994,12060.0,59.8808341608739
Sweden,SWE,Europe & Central Asia,High income,1994,281030.0,68.9915566786149
Eswatini,SWZ,Sub-Saharan Africa,Lower middle income,1994,4659.96,27.0927906976744
Seychelles,SYC,Sub-Saharan Africa,High income,1994,337.0,73.2608695652174
Syrian Arab Republic,SYR,Middle East & North Africa,Low income,1994,3960.8,2.15518554793775
Turks and Caicos Islands,TCA,Latin America & Caribbean,High income,1994,105.2,11.0736842105263
Chad,TCD,Sub-Saharan Africa,Low income,1994,65792.0,5.22490470139771
Togo,TGO,Sub-Saharan Africa,Lower middle income,1994,13243.816,24.3497260525832
Thailand,THA,East Asia & Pacific,Upper middle income,1994,192158.0,37.6124018869032
Tajikistan,TJK,Europe & Central Asia,Lower middle income,1994,4088.0,2.92083452414976
Turkmenistan,TKM,Europe & Central Asia,Upper middle income,1994,41270.0,8.78215904496414
Timor-Leste,TLS,East Asia & Pacific,Lower middle income,1994,9575.0,64.3913920645595
Tonga,TON,East Asia & Pacific,Upper middle income,1994,89.5,12.4305555555556
Trinidad and Tobago,TTO,Latin America & Caribbean,High income,1994,2398.96,46.7633528265107
Tunisia,TUN,Middle East & North Africa,Lower middle income,1994,6535.261,4.20652742018538
Turkiye,TUR,Europe & Central Asia,Upper middle income,1994,199294.28,25.8948169899822
Tuvalu,TUV,East Asia & Pacific,Upper middle income,1994,10.0,33.3333333333333
Tanzania,TZA,Sub-Saharan Africa,Lower middle income,1994,559020.1,63.1090652517498
Uganda,UGA,Sub-Saharan Africa,Low income,1994,34104.62,17.0685250988439
Ukraine,UKR,Europe & Central Asia,Upper middle income,1994,93684.0,16.1705359454561
Uruguay,URY,Latin America & Caribbean,High income,1994,10264.0,5.86447263169923
United States,USA,North America,High income,1994,3028844.0,33.0697371753998
Uzbekistan,UZB,Europe & Central Asia,Lower middle income,1994,27142.065,6.38036318758815
St. Vincent and the Grenadines,VCT,Latin America & Caribbean,Upper middle income,1994,279.4,71.6410256410256
"Venezuela, RB",VEN,Latin America & Caribbean,Lower middle income,1994,508760.0,57.6792698826597
British Virgin Islands,VGB,Latin America & Caribbean,High income,1994,36.94,24.6266666666667
Virgin Islands (U.S.),VIR,Latin America & Caribbean,High income,1994,229.12,65.4628571428571
Viet Nam,VNM,East Asia & Pacific,Upper middle income,1994,103392.16,31.7650803404098
Vanuatu,VUT,East Asia & Pacific,Lower middle income,1994,4423.0,36.2838392124692
Samoa,WSM,East Asia & Pacific,Upper middle income,1994,1742.02,61.5554770318021
"Yemen, Rep.",YEM,Middle East & North Africa,Low income,1994,5490.0,1.03983180862549
South Africa,ZAF,Sub-Saharan Africa,Upper middle income,1994,179964.9,14.8352471786924
Zambia,ZMB,Sub-Saharan Africa,Lower middle income,1994,472688.0,63.585466578781
Zimbabwe,ZWE,Sub-Saharan Africa,Lower middle income,1994,186424.0,48.190254620654
Aruba,ABW,Latin America & Caribbean,High income,1995,4.2,2.33333333333333
Afghanistan,AFG,Middle East & North Africa,Low income,1995,12084.4,1.85278199408184
Angola,AGO,Sub-Saharan Africa,Lower middle income,1995,784856.95,62.9547565573113
Albania,ALB,Europe & Central Asia,Upper middle income,1995,7790.5,28.4324817518248
Andorra,AND,Europe & Central Asia,High income,1995,160.0,34.0425531914894
United Arab Emirates,ARE,Middle East & North Africa,High income,1995,2772.15,3.90333708814418
Argentina,ARG,Latin America & Caribbean,Upper middle income,1995,342910.0,12.5301002305705
Armenia,ARM,Europe & Central Asia,Upper middle income,1995,3336.85,11.7205830698981
American Samoa,ASM,East Asia & Pacific,High income,1995,179.0,89.5
Antigua and Barbuda,ATG,Latin America & Caribbean,High income,1995,97.8,22.2272727272727
Australia,AUS,East Asia & Pacific,High income,1995,1328481.5,17.2927573773479
Austria,AUT,Europe & Central Asia,High income,1995,38069.05,46.1331192438197
Azerbaijan,AZE,Europe & Central Asia,Upper middle income,1995,9659.8,11.6079647187474
Burundi,BDI,Sub-Saharan Africa,Low income,1995,2352.1,9.15926791277259
Benin,BEN,Sub-Saharan Africa,Lower middle income,1995,44851.5,39.7760730755587
Burkina Faso,BFA,Sub-Saharan Africa,Low income,1995,74665.5,27.2900219298246
Bangladesh,BGD,South Asia,Lower middle income,1995,19203.29,14.752469847123
Bulgaria,BGR,Europe & Central Asia,High income,1995,33510.0,30.2901563771129
Bahrain,BHR,Middle East & North Africa,High income,1995,2.95,0.415492957746479
"Bahamas, The",BHS,Latin America & Caribbean,High income,1995,5098.6,50.9350649350649
Bosnia and Herzegovina,BIH,Europe & Central Asia,Upper middle income,1995,21608.25,42.20361328125
Belarus,BLR,Europe & Central Asia,Upper middle income,1995,80265.0,39.5651359504703
Belize,BLZ,Latin America & Caribbean,Upper middle income,1995,15296.65,67.0611573871109
Bermuda,BMU,North America,High income,1995,10.0,18.5185185185185
Bolivia,BOL,Latin America & Caribbean,Lower middle income,1995,564530.55,52.1121157574079
Brazil,BRA,Latin America & Caribbean,Upper middle income,1995,5699933.0,68.1961895828498
Barbados,BRB,Latin America & Caribbean,High income,1995,63.0,14.6511627906977
Brunei Darussalam,BRN,East Asia & Pacific,High income,1995,4050.0,76.8500948766603
Bhutan,BTN,South Asia,Lower middle income,1995,25563.6,64.2301507537688
Botswana,BWA,Sub-Saharan Africa,Upper middle income,1995,182122.0,32.1355848463995
Central African Republic,CAF,Sub-Saharan Africa,Low income,1995,230530.0,37.004398215031
Canada,CAN,North America,High income,1995,3480374.5,38.8192466976518
Switzerland,CHE,Europe & Central Asia,High income,1995,11748.4,29.7204606059196
Channel Islands,CHI,Europe & Central Asia,High income,1995,8.3,4.19191919191919
Chile,CHL,Latin America & Caribbean,High income,1995,155315.55,20.8888857507142
China,CHN,East Asia & Pacific,Upper middle income,1995,1670705.7,17.7957284858504
Cote d'Ivoire,CIV,Sub-Saharan Africa,Lower middle income,1995,64726.55,20.3542610062893
Cameroon,CMR,Sub-Saharan Africa,Lower middle income,1995,220487.45,46.6432802352394
"Congo, Dem. Rep.",COD,Sub-Saharan Africa,Low income,1995,1472640.0,64.958426148519
"Congo, Rep.",COG,Sub-Saharan Africa,Lower middle income,1995,222550.0,65.1683748169839
Colombia,COL,Latin America & Caribbean,Upper middle income,1995,638468.2,57.54557908968
Comoros,COM,Sub-Saharan Africa,Lower middle income,1995,438.7,23.573347662547
Cabo Verde,CPV,Sub-Saharan Africa,Upper middle income,1995,275.5,6.83622828784119
Costa Rica,CRI,Latin America & Caribbean,High income,1995,28823.1,56.4494712103408
Cuba,CUB,Latin America & Caribbean,Upper middle income,1995,22465.0,20.9171322160149
Cayman Islands,CYM,Latin America & Caribbean,High income,1995,130.3,54.2916666666667
Cyprus,CYP,Europe & Central Asia,High income,1995,1663.6,18.004329004329
Czechia,CZE,Europe & Central Asia,High income,1995,26333.55,34.0799145852207
Germany,DEU,Europe & Central Asia,High income,1995,113270.0,32.4462904611859
Djibouti,DJI,Middle East & North Africa,Lower middle income,1995,56.0,0.241587575496117
Dominica,DMA,Latin America & Caribbean,Upper middle income,1995,490.9,65.4533333333333
Denmark,DNK,Europe & Central Asia,High income,1995,5515.2,13.788
Dominican Republic,DOM,Latin America & Caribbean,Upper middle income,1995,17836.8,36.9215483336783
Algeria,DZA,Middle East & North Africa,Upper middle income,1995,16230.0,0.68143458144046
Ecuador,ECU,Latin America & Caribbean,Upper middle income,1995,141813.55,51.2258163560179
"Egypt, Arab Rep.",EGY,Middle East & North Africa,Lower middle income,1995,515.1,0.051745441760008
Eritrea,ERI,Sub-Saharan Africa,Low income,1995,11342.6,11.230297029703
Spain,ESP,Europe & Central Asia,High income,1995,154992.95,31.0333473490309
Estonia,EST,Europe & Central Asia,High income,1995,22223.95,52.4273413540929
Ethiopia,ETH,Sub-Saharan Africa,Low income,1995,188935.0,18.8935
Finland,FIN,Europe & Central Asia,High income,1995,221604.85,72.7551298466791
Fiji,FJI,East Asia & Pacific,Upper middle income,1995,9730.8,53.2610837438424
France,FRA,Europe & Central Asia,High income,1995,148620.0,27.5758419148344
Faroe Islands,FRO,Europe & Central Asia,High income,1995,0.8,0.0573065902578797
"Micronesia, Fed. Sts.",FSM,East Asia & Pacific,Upper middle income,1995,637.2,91.0285714285714
Gabon,GAB,Sub-Saharan Africa,Upper middle income,1995,237308.1,92.0976830830132
United Kingdom,GBR,Europe & Central Asia,High income,1995,28660.0,11.8464018517753
Georgia,GEO,Europe & Central Asia,Upper middle income,1995,27564.5,39.6668585407972
Ghana,GHA,Sub-Saharan Africa,Lower middle income,1995,93864.35,41.251801880988
Gibraltar,GIB,Europe & Central Asia,High income,1995,0.0,0.0
Guinea,GIN,Sub-Saharan Africa,Lower middle income,1995,71025.0,28.9048510499756
"Gambia, The",GMB,Sub-Saharan Africa,Low income,1995,3859.95,38.1417984189723
Guinea-Bissau,GNB,Sub-Saharan Africa,Low income,1995,21911.05,77.9198079658606
Equatorial Guinea,GNQ,Sub-Saharan Africa,Upper middle income,1995,26573.65,94.7367201426025
Greece,GRC,Europe & Central Asia,High income,1995,34493.903,26.760204034135
Grenada,GRD,Latin America & Caribbean,Upper middle income,1995,177.0,52.0588235294118
Greenland,GRL,Europe & Central Asia,High income,1995,2.2,0.0006438396254024
Guatemala,GTM,Latin America & Caribbean,Upper middle income,1995,44952.0,41.9484882418813
Guam,GUM,East Asia & Pacific,High income,1995,240.0,44.4444444444444
Guyana,GUY,Latin America & Caribbean,High income,1995,185831.85,94.4027686055372
Honduras,HND,Latin America & Caribbean,Lower middle income,1995,68830.25,61.5159978550362
Croatia,HRV,Europe & Central Asia,High income,1995,18675.0,33.4018959041316
Haiti,HTI,Latin America & Caribbean,Lower middle income,1995,3817.85,13.8528664731495
Hungary,HUN,Europe & Central Asia,High income,1995,18675.35,20.7827175606499
Indonesia,IDN,East Asia & Pacific,Upper middle income,1995,1099125.0,60.6725105847414
Isle of Man,IMN,Europe & Central Asia,High income,1995,34.6,6.07017543859649
India,IND,South Asia,Lower middle income,1995,657645.0,22.1191716641049
Ireland,IRL,Europe & Central Asia,High income,1995,5460.0,7.92567861808681
"Iran, Islamic Rep.",IRN,Middle East & North Africa,Upper middle income,1995,92008.6,5.64899678282866
Iraq,IRQ,Middle East & North Africa,Upper middle income,1995,8110.0,1.85426526739374
Iceland,ISL,Europe & Central Asia,High income,1995,234.5,0.233915211970075
Israel,ISR,Middle East & North Africa,High income,1995,1425.0,6.58502772643253
Italy,ITA,Europe & Central Asia,High income,1995,79795.0,27.1310054061406
Jamaica,JAM,Latin America & Caribbean,Upper middle income,1995,5211.4,48.1200369344414
Jordan,JOR,Middle East & North Africa,Upper middle income,1995,975.0,1.10494106980961
Japan,JPN,East Asia & Pacific,High income,1995,249130.0,68.3296763576522
Kazakhstan,KAZ,Europe & Central Asia,Upper middle income,1995,31595.853,1.17034681631292
Kenya,KEN,Sub-Saharan Africa,Lower middle income,1995,39098.65,6.86977720771691
Kyrgyz Republic,KGZ,Europe & Central Asia,Lower middle income,1995,11586.613,6.04098696558916
Cambodia,KHM,East Asia & Pacific,Lower middle income,1995,108928.95,61.7091264445955
Kiribati,KIR,East Asia & Pacific,Lower middle income,1995,11.8,1.45679012345679
St. Kitts and Nevis,KNA,Latin America & Caribbean,High income,1995,110.0,42.3076923076923
"Korea, Rep.",KOR,East Asia & Pacific,High income,1995,65135.0,67.5253991291727
Kuwait,KWT,Middle East & North Africa,High income,1995,41.5,0.232884399551066
Lao PDR,LAO,East Asia & Pacific,Lower middle income,1995,176340.0,76.4038128249567
Lebanon,LBN,Middle East & North Africa,Lower middle income,1995,1389.4,13.5816226783969
Liberia,LBR,Sub-Saharan Africa,Low income,1995,83739.4,86.9387458471761
Libya,LBY,Middle East & North Africa,Upper middle income,1995,2170.0,0.123327687918433
St. Lucia,LCA,Latin America & Caribbean,Upper middle income,1995,211.4,34.655737704918
Liechtenstein,LIE,Europe & Central Asia,High income,1995,66.0,41.25
Sri Lanka,LKA,South Asia,Upper middle income,1995,22583.75,36.0129963323234
Lesotho,LSO,Sub-Saharan Africa,Lower middle income,1995,345.2,1.13702239789196
Lithuania,LTU,Europe & Central Asia,High income,1995,19825.0,31.6289087428207
Latvia,LVA,Europe & Central Asia,High income,1995,32070.0,51.5371141144519
Morocco,MAR,Middle East & North Africa,Lower middle income,1995,54959.15,12.3143961460901
Monaco,MCO,Europe & Central Asia,High income,1995,0.0,0.0
Moldova,MDA,Europe & Central Asia,Upper middle income,1995,3349.0,10.1700576981476
Madagascar,MDG,Sub-Saharan Africa,Low income,1995,133620.6,22.9770265158029
Maldives,MDV,South Asia,Upper middle income,1995,8.2,2.73333333333333
Mexico,MEX,Latin America & Caribbean,Upper middle income,1995,694865.0,35.7450037295198
Marshall Islands,MHL,East Asia & Pacific,Upper middle income,1995,94.0,52.2222222222222
North Macedonia,MKD,Europe & Central Asia,Upper middle income,1995,9347.75,36.7587495084546
Mali,MLI,Sub-Saharan Africa,Low income,1995,132960.0,10.896663634352
Malta,MLT,Middle East & North Africa,High income,1995,3.5,1.09375
Myanmar,MMR,East Asia & Pacific,Lower middle income,1995,370432.95,56.680991217064
Mongolia,MNG,East Asia & Pacific,Upper middle income,1995,143079.5,9.24621415482178
Northern Mariana Islands,MNP,East Asia & Pacific,High income,1995,327.85,71.2717391304348
Mozambique,MOZ,Sub-Saharan Africa,Low income,1995,422830.0,53.7691701213154
Mauritania,MRT,Sub-Saharan Africa,Lower middle income,1995,4488.4,0.435471039099641
Mauritius,MUS,Sub-Saharan Africa,Upper middle income,1995,415.0,20.4433497536946
Malawi,MWI,Sub-Saharan Africa,Low income,1995,32917.0,34.9140857021638
Malaysia,MYS,East Asia & Pacific,Upper middle income,1995,201549.25,61.3450768528382
Namibia,NAM,Sub-Saharan Africa,Lower middle income,1995,84141.27,10.220125350727
New Caledonia,NCL,East Asia & Pacific,High income,1995,8344.9,45.6504376367615
Niger,NER,Sub-Saharan Africa,Low income,1995,16365.5,1.2919791584432
Nigeria,NGA,Sub-Saharan Africa,Lower middle income,1995,257095.65,28.2283836753516
Nicaragua,NIC,Latin America & Caribbean,Lower middle income,1995,58993.2,49.0221040385574
Netherlands,NLD,Europe & Central Asia,High income,1995,3524.15,10.4388329383886
Norway,NOR,Europe & Central Asia,High income,1995,121225.0,33.1901413849372
Nepal,NPL,South Asia,Lower middle income,1995,57263.8,40.0446153846154
Naoero,NRU,East Asia & Pacific,High income,1995,0.0,0.0
New Zealand,NZL,East Asia & Pacific,High income,1995,96113.55,36.5020508146291
Oman,OMN,Middle East & North Africa,High income,1995,30.0,0.0096930533117932
Pakistan,PAK,Middle East & North Africa,Lower middle income,1995,47490.25,6.16052433582399
Panama,PAN,Latin America & Caribbean,High income,1995,45247.7,60.8658864675814
Peru,PER,Latin America & Caribbean,Upper middle income,1995,758731.85,59.27592578125
Philippines,PHL,East Asia & Pacific,Upper middle income,1995,75440.35,25.3011201663481
Palau,PLW,East Asia & Pacific,High income,1995,388.65,84.4891304347826
Papua New Guinea,PNG,East Asia & Pacific,Lower middle income,1995,363388.231,80.2429516848474
Poland,POL,Europe & Central Asia,High income,1995,89705.0,29.2876032518202
Puerto Rico (US),PRI,Latin America & Caribbean,High income,1995,3747.4,42.2480270574972
"Korea, Dem. People's Rep.",PRK,East Asia & Pacific,Low income,1995,66833.6,55.5050244996263
Portugal,PRT,Europe & Central Asia,High income,1995,33400.0,36.5027322404372
Paraguay,PRY,Latin America & Caribbean,Upper middle income,1995,242687.55,61.0842058897559
West Bank and Gaza,PSE,Middle East & North Africa,Lower middle income,1995,90.8,1.50830564784053
French Polynesia,PYF,East Asia & Pacific,High income,1995,1464.9,40.0245901639344
Qatar,QAT,Middle East & North Africa,High income,1995,0.0,0.0
Romania,ROU,Europe & Central Asia,High income,1995,63685.0,27.7506645169724
Russian Federation,RUS,Europe & Central Asia,High income,1995,8091092.0,49.4010518744833
Rwanda,RWA,Sub-Saharan Africa,Low income,1995,3020.0,12.2415889744629
Saudi Arabia,SAU,Middle East & North Africa,High income,1995,9770.0,0.454484134921779
Senegal,SEN,Sub-Saharan Africa,Lower middle income,1995,90781.6,47.151924375422
Singapore,SGP,East Asia & Pacific,High income,1995,159.202,23.7614925373134
Solomon Islands,SLB,East Asia & Pacific,Lower middle income,1995,25412.55,90.7915326902465
Sierra Leone,SLE,Sub-Saharan Africa,Low income,1995,30280.65,41.9515793848712
El Salvador,SLV,Latin America & Caribbean,Upper middle income,1995,6963.8,33.6090733590734
San Marino,SMR,Europe & Central Asia,High income,1995,10.0,16.6666666666667
"Somalia, Fed. Rep.",SOM,Sub-Saharan Africa,Low income,1995,78987.5,12.5908598208308
Sao Tome and Principe,STP,Sub-Saharan Africa,Lower middle income,1995,584.9,60.9270833333333
Suriname,SUR,Latin America & Caribbean,Upper middle income,1995,153592.5,95.6917245232173
Slovak Republic,SVK,Europe & Central Asia,High income,1995,19019.45,39.5414760914761
Slovenia,SVN,Europe & Central Asia,High income,1995,12105.0,60.1042701092353
Sweden,SWE,Europe & Central Asia,High income,1995,281130.0,69.0161062130698
Eswatini,SWZ,Sub-Saharan Africa,Lower middle income,1995,4672.1,27.1633720930233
Seychelles,SYC,Sub-Saharan Africa,High income,1995,337.0,73.2608695652174
Syrian Arab Republic,SYR,Middle East & North Africa,Low income,1995,4020.8,2.18783327892045
Turks and Caicos Islands,TCA,Latin America & Caribbean,High income,1995,105.2,11.0736842105263
Chad,TCD,Sub-Saharan Africa,Low income,1995,65415.0,5.19496505717916
Togo,TGO,Sub-Saharan Africa,Lower middle income,1995,13150.62,24.1783783783784
Thailand,THA,East Asia & Pacific,Upper middle income,1995,191795.0,37.5413494098534
Tajikistan,TJK,Europe & Central Asia,Lower middle income,1995,4090.0,2.92226350385825
Turkmenistan,TKM,Europe & Central Asia,Upper middle income,1995,41270.0,8.78215904496414
Timor-Leste,TLS,East Asia & Pacific,Lower middle income,1995,9561.0,64.2972427706792
Tonga,TON,East Asia & Pacific,Upper middle income,1995,89.5,12.4305555555556
Trinidad and Tobago,TTO,Latin America & Caribbean,High income,1995,2393.55,46.6578947368421
Tunisia,TUN,Middle East & North Africa,Lower middle income,1995,6559.135,4.2218943099897
Turkiye,TUR,Europe & Central Asia,Upper middle income,1995,199659.15,25.9422254849733
Tuvalu,TUV,East Asia & Pacific,Upper middle income,1995,10.0,33.3333333333333
Tanzania,TZA,Sub-Saharan Africa,Lower middle income,1995,555300.1,62.6891058929781
Uganda,UGA,Sub-Saharan Africa,Low income,1995,33692.1,16.8620689655172
Ukraine,UKR,Europe & Central Asia,Upper middle income,1995,93920.0,16.2112712522655
Uruguay,URY,Latin America & Caribbean,High income,1995,10835.0,6.19072106045023
United States,USA,North America,High income,1995,3029930.0,33.0815944168334
Uzbekistan,UZB,Europe & Central Asia,Lower middle income,1995,27554.156,6.47723460272685
St. Vincent and the Grenadines,VCT,Latin America & Caribbean,Upper middle income,1995,280.4,71.8974358974359
"Venezuela, RB",VEN,Latin America & Caribbean,Lower middle income,1995,505885.0,57.3533246414602
British Virgin Islands,VGB,Latin America & Caribbean,High income,1995,36.9,24.6
Virgin Islands (U.S.),VIR,Latin America & Caribbean,High income,1995,225.05,64.3
Viet Nam,VNM,East Asia & Pacific,Upper middle income,1995,105800.3,32.5049310270669
Vanuatu,VUT,East Asia & Pacific,Lower middle income,1995,4423.0,36.2838392124692
Samoa,WSM,East Asia & Pacific,Upper middle income,1995,1737.2,61.3851590106007
"Yemen, Rep.",YEM,Middle East & North Africa,Low income,1995,5490.0,1.03983180862549
South Africa,ZAF,Sub-Saharan Africa,Upper middle income,1995,179600.9,14.8052411610021
Zambia,ZMB,Sub-Saharan Africa,Lower middle income,1995,472330.0,63.5373088150231
Zimbabwe,ZWE,Sub-Saharan Africa,Lower middle income,1995,185963.3,48.0711645340571
Aruba,ABW,Latin America & Caribbean,High income,1996,4.2,2.33333333333333
Afghanistan,AFG,Middle East & North Africa,Low income,1996,12084.4,1.85278199408184
Angola,AGO,Sub-Saharan Africa,Lower middle income,1996,783302.78,62.8300938477581
Albania,ALB,Europe & Central Asia,Upper middle income,1996,7771.0,28.3613138686131
Andorra,AND,Europe & Central Asia,High income,1996,160.0,34.0425531914894
United Arab Emirates,ARE,Middle East & North Africa,High income,1996,2836.58,3.99405801182765
Argentina,ARG,Latin America & Caribbean,Upper middle income,1996,341084.0,12.4633772915456
Armenia,ARM,Europe & Central Asia,Upper middle income,1996,3334.76,11.7132420091324
American Samoa,ASM,East Asia & Pacific,High income,1996,178.66,89.33
Antigua and Barbuda,ATG,Latin America & Caribbean,High income,1996,97.14,22.0772727272727
Australia,AUS,East Asia & Pacific,High income,1996,1326413.4,17.2658370540073
Austria,AUT,Europe & Central Asia,High income,1996,38131.52,46.2088221037324
Azerbaijan,AZE,Europe & Central Asia,Upper middle income,1996,9702.28,11.6590119807251
Burundi,BDI,Sub-Saharan Africa,Low income,1996,2269.56,8.83785046728972
Benin,BEN,Sub-Saharan Africa,Lower middle income,1996,44151.5,39.1552855622561
Burkina Faso,BFA,Sub-Saharan Africa,Low income,1996,74165.4,27.1072368421053
Bangladesh,BGD,South Asia,Lower middle income,1996,19203.289,14.7524690788968
Bulgaria,BGR,Europe & Central Asia,High income,1996,33558.0,30.3335442465877
Bahrain,BHR,Middle East & North Africa,High income,1996,3.1,0.436619718309859
"Bahamas, The",BHS,Latin America & Caribbean,High income,1996,5098.6,50.9350649350649
Bosnia and Herzegovina,BIH,Europe & Central Asia,Upper middle income,1996,21509.9,42.0115234375
Belarus,BLR,Europe & Central Asia,Upper middle income,1996,80758.0,39.8108984787088
Belize,BLZ,Latin America & Caribbean,Upper middle income,1996,15155.92,66.444191144235
Bermuda,BMU,North America,High income,1996,10.0,18.5185185185185
Bolivia,BOL,Latin America & Caribbean,Lower middle income,1996,561827.22,51.8625699252285
Brazil,BRA,Latin America & Caribbean,Upper middle income,1996,5662123.6,67.7438233865429
Barbados,BRB,Latin America & Caribbean,High income,1996,63.0,14.6511627906977
Brunei Darussalam,BRN,East Asia & Pacific,High income,1996,4034.0,76.5464895635674
Bhutan,BTN,South Asia,Lower middle income,1996,25662.88,64.4795979899498
Botswana,BWA,Sub-Saharan Africa,Upper middle income,1996,180939.0,31.9268434704357
Central African Republic,CAF,Sub-Saharan Africa,Low income,1996,230230.0,36.9562425760056
Canada,CAN,North America,High income,1996,3479903.54,38.8139937248971
Switzerland,CHE,Europe & Central Asia,High income,1996,11791.08,29.829347740238
Channel Islands,CHI,Europe & Central Asia,High income,1996,8.3,4.19191919191919
Chile,CHL,Latin America & Caribbean,High income,1996,155886.56,20.9656827143956
China,CHN,East Asia & Pacific,Upper middle income,1996,1690565.66,18.0072884878193
Cote d'Ivoire,CIV,Sub-Saharan Africa,Lower middle income,1996,61970.14,19.487465408805
Cameroon,CMR,Sub-Saharan Africa,Lower middle income,1996,219584.94,46.4523576822999
"Congo, Dem. Rep.",COD,Sub-Saharan Africa,Low income,1996,1465910.0,64.6615645883417
"Congo, Rep.",COG,Sub-Saharan Africa,Lower middle income,1996,222430.0,65.1332357247438
Colombia,COL,Latin America & Caribbean,Upper middle income,1996,636245.56,57.3452510139703
Comoros,COM,Sub-Saharan Africa,Lower middle income,1996,434.32,23.3379903277808
Cabo Verde,CPV,Sub-Saharan Africa,Upper middle income,1996,299.84,7.44019851116625
Costa Rica,CRI,Latin America & Caribbean,High income,1996,28772.92,56.3511946729338
Cuba,CUB,Latin America & Caribbean,Upper middle income,1996,22842.0,21.268156424581
Cayman Islands,CYM,Latin America & Caribbean,High income,1996,130.1,54.2083333333333
Cyprus,CYP,Europe & Central Asia,High income,1996,1674.1,18.1179653679654
Czechia,CZE,Europe & Central Asia,High income,1996,26341.42,34.0900996505759
Germany,DEU,Europe & Central Asia,High income,1996,113324.0,32.4626887049185
Djibouti,DJI,Middle East & North Africa,Lower middle income,1996,56.0,0.241587575496117
Dominica,DMA,Latin America & Caribbean,Upper middle income,1996,488.46,65.128
Denmark,DNK,Europe & Central Asia,High income,1996,5555.36,13.8884
Dominican Republic,DOM,Latin America & Caribbean,Upper middle income,1996,18214.38,37.703125646864
Algeria,DZA,Middle East & North Africa,Upper middle income,1996,16142.0,0.677739803672945
Ecuador,ECU,Latin America & Caribbean,Upper middle income,1996,140911.84,50.9001011414535
"Egypt, Arab Rep.",EGY,Middle East & North Africa,Lower middle income,1996,530.5,0.0532924807875835
Eritrea,ERI,Sub-Saharan Africa,Low income,1996,11311.0,11.1990099009901
Spain,ESP,Europe & Central Asia,High income,1996,158182.22,31.6719165465321
Estonia,EST,Europe & Central Asia,High income,1996,22256.94,52.5051663128096
Ethiopia,ETH,Sub-Saharan Africa,Low income,1996,188205.0,18.8205
Finland,FIN,Europe & Central Asia,High income,1996,222175.16,72.9423684296924
Fiji,FJI,East Asia & Pacific,Upper middle income,1996,9797.58,53.6266009852217
France,FRA,Europe & Central Asia,High income,1996,149472.0,27.7339270804342
Faroe Islands,FRO,Europe & Central Asia,High income,1996,0.8,0.0573065902578797
"Micronesia, Fed. Sts.",FSM,East Asia & Pacific,Upper middle income,1996,637.48,91.0685714285714
Gabon,GAB,Sub-Saharan Africa,Upper middle income,1996,237246.48,92.0737687740133
United Kingdom,GBR,Europe & Central Asia,High income,1996,28836.0,11.9191501674038
Georgia,GEO,Europe & Central Asia,Upper middle income,1996,27572.8,39.6788027054252
Ghana,GHA,Sub-Saharan Africa,Lower middle income,1996,92788.7,40.7790718115496
Gibraltar,GIB,Europe & Central Asia,High income,1996,0.0,0.0
Guinea,GIN,Sub-Saharan Africa,Lower middle income,1996,70678.0,28.7636334038743
"Gambia, The",GMB,Sub-Saharan Africa,Low income,1996,3802.62,37.5752964426877
Guinea-Bissau,GNB,Sub-Saharan Africa,Low income,1996,21826.6,77.6194879089616
Equatorial Guinea,GNQ,Sub-Saharan Africa,Upper middle income,1996,26490.08,94.4387878787879
Greece,GRC,Europe & Central Asia,High income,1996,34795.582,26.9942451512801
Grenada,GRD,Latin America & Caribbean,Upper middle income,1996,177.0,52.0588235294118
Greenland,GRL,Europe & Central Asia,High income,1996,2.2,0.0006438396254024
Guatemala,GTM,Latin America & Caribbean,Upper middle income,1996,44380.0,41.4147069802165
Guam,GUM,East Asia & Pacific,High income,1996,240.0,44.4444444444444
Guyana,GUY,Latin America & Caribbean,High income,1996,185793.92,94.3835001270003
Honduras,HND,Latin America & Caribbean,Lower middle income,1996,68620.74,61.3287514523193
Croatia,HRV,Europe & Central Asia,High income,1996,18710.0,33.4226509467667
Haiti,HTI,Latin America & Caribbean,Lower middle income,1996,3815.58,13.8446298984035
Hungary,HUN,Europe & Central Asia,High income,1996,18782.62,20.9020921433341
Indonesia,IDN,East Asia & Pacific,Upper middle income,1996,1081860.0,59.7194698521172
Isle of Man,IMN,Europe & Central Asia,High income,1996,34.6,6.07017543859649
India,IND,South Asia,Lower middle income,1996,661298.0,22.2420363313478
Ireland,IRL,Europe & Central Asia,High income,1996,5628.72,8.17059079692263
"Iran, Islamic Rep.",IRN,Middle East & North Africa,Upper middle income,1996,92258.2,5.66432132419755
Iraq,IRQ,Middle East & North Africa,Upper middle income,1996,8124.0,1.85746621853351
Iceland,ISL,Europe & Central Asia,High income,1996,247.26,0.246643391521197
Israel,ISR,Middle East & North Africa,High income,1996,1446.0,6.68207024029575
Italy,ITA,Europe & Central Asia,High income,1996,80574.5,27.3960422970997
Jamaica,JAM,Latin America & Caribbean,Upper middle income,1996,5211.12,48.1174515235457
Jordan,JOR,Middle East & North Africa,Upper middle income,1996,975.0,1.10494106980961
Japan,JPN,East Asia & Pacific,High income,1996,249056.0,68.3281207133059
Kazakhstan,KAZ,Europe & Central Asia,Upper middle income,1996,31590.534,1.1701497944216
Kenya,KEN,Sub-Saharan Africa,Lower middle income,1996,39201.3,6.88781319183329
Kyrgyz Republic,KGZ,Europe & Central Asia,Lower middle income,1996,11631.09,6.06417622523462
Cambodia,KHM,East Asia & Pacific,Lower middle income,1996,108705.16,61.5823476093361
Kiribati,KIR,East Asia & Pacific,Lower middle income,1996,11.8,1.45679012345679
St. Kitts and Nevis,KNA,Latin America & Caribbean,High income,1996,110.0,42.3076923076923
"Korea, Rep.",KOR,East Asia & Pacific,High income,1996,65060.0,67.4476466929297
Kuwait,KWT,Middle East & North Africa,High income,1996,42.9,0.240740740740741
Lao PDR,LAO,East Asia & Pacific,Lower middle income,1996,175922.0,76.2227036395147
Lebanon,LBN,Middle East & North Africa,Lower middle income,1996,1387.88,13.5667644183773
Liberia,LBR,Sub-Saharan Africa,Low income,1996,83436.8,86.624584717608
Libya,LBY,Middle East & North Africa,Upper middle income,1996,2170.0,0.123327687918433
St. Lucia,LCA,Latin America & Caribbean,Upper middle income,1996,211.14,34.6131147540984
Liechtenstein,LIE,Europe & Central Asia,High income,1996,66.2,41.375
Sri Lanka,LKA,South Asia,Upper middle income,1996,22399.84,35.7197257215755
Lesotho,LSO,Sub-Saharan Africa,Lower middle income,1996,345.2,1.13702239789196
Lithuania,LTU,Europe & Central Asia,High income,1996,19900.0,31.7485641352904
Latvia,LVA,Europe & Central Asia,High income,1996,32138.0,51.6463914378003
Morocco,MAR,Middle East & North Africa,Lower middle income,1996,54980.4,12.319157517365
Monaco,MCO,Europe & Central Asia,High income,1996,0.0,0.0
Moldova,MDA,Europe & Central Asia,Upper middle income,1996,3368.0,10.2277558457334
Madagascar,MDG,Sub-Saharan Africa,Low income,1996,132957.82,22.8630567114902
Maldives,MDV,South Asia,Upper middle income,1996,8.2,2.73333333333333
Mexico,MEX,Latin America & Caribbean,Upper middle income,1996,692654.7,35.6313022454281
Marshall Islands,MHL,East Asia & Pacific,Upper middle income,1996,94.0,52.2222222222222
North Macedonia,MKD,Europe & Central Asia,Upper middle income,1996,9393.3,36.9378686590641
Mali,MLI,Sub-Saharan Africa,Low income,1996,132960.0,10.896663634352
Malta,MLT,Middle East & North Africa,High income,1996,3.5,1.09375
Myanmar,MMR,East Asia & Pacific,Lower middle income,1996,366082.58,56.0153288245555
Mongolia,MNG,East Asia & Pacific,Upper middle income,1996,142991.4,9.24052087614076
Northern Mariana Islands,MNP,East Asia & Pacific,High income,1996,326.2,70.9130434782609
Mozambique,MOZ,Sub-Saharan Africa,Low income,1996,420640.0,53.4906788066838
Mauritania,MRT,Sub-Saharan Africa,Lower middle income,1996,4434.0,0.43019307266906
Mauritius,MUS,Sub-Saharan Africa,Upper middle income,1996,415.86,20.4857142857143
Malawi,MWI,Sub-Saharan Africa,Low income,1996,32497.0,34.4686041578277
Malaysia,MYS,East Asia & Pacific,Upper middle income,1996,200622.1,61.0628823618932
Namibia,NAM,Sub-Saharan Africa,Lower middle income,1996,83431.184,10.1338755481058
New Caledonia,NCL,East Asia & Pacific,High income,1996,8351.62,45.6871991247265
Niger,NER,Sub-Saharan Africa,Low income,1996,15748.6,1.24327780847872
Nigeria,NGA,Sub-Saharan Africa,Lower middle income,1996,255462.6,28.0490793504397
Nicaragua,NIC,Latin America & Caribbean,Lower middle income,1996,57993.2,48.1911251454213
Netherlands,NLD,Europe & Central Asia,High income,1996,3538.32,10.4808056872038
Norway,NOR,Europe & Central Asia,High income,1996,121206.0,33.1849393829878
Nepal,NPL,South Asia,Lower middle income,1996,57372.56,40.1206713286713
Naoero,NRU,East Asia & Pacific,High income,1996,0.0,0.0
New Zealand,NZL,East Asia & Pacific,High income,1996,96591.72,36.6836504500399
Oman,OMN,Middle East & North Africa,High income,1996,30.0,0.0096930533117932
Pakistan,PAK,Middle East & North Africa,Lower middle income,1996,47014.72,6.09883769198838
Panama,PAN,Latin America & Caribbean,High income,1996,45082.44,60.643583535109
Peru,PER,Latin America & Caribbean,Upper middle income,1996,757581.14,59.1860265625
Philippines,PHL,East Asia & Pacific,Upper middle income,1996,74970.8,25.1436428882852
Palau,PLW,East Asia & Pacific,High income,1996,390.08,84.8
Papua New Guinea,PNG,East Asia & Pacific,Lower middle income,1996,363266.518,80.2160751667182
Poland,POL,Europe & Central Asia,High income,1996,89882.0,29.3453916223187
Puerto Rico (US),PRI,Latin America & Caribbean,High income,1996,3856.22,43.4748590755355
"Korea, Dem. People's Rep.",PRK,East Asia & Pacific,Low income,1996,66376.26,55.125205547712
Portugal,PRT,Europe & Central Asia,High income,1996,33282.0,36.3737704918033
Paraguay,PRY,Latin America & Caribbean,Upper middle income,1996,240133.34,60.4413138686131
West Bank and Gaza,PSE,Middle East & North Africa,Lower middle income,1996,90.8,1.50830564784053
French Polynesia,PYF,East Asia & Pacific,High income,1996,1469.02,40.1371584699454
Qatar,QAT,Middle East & North Africa,High income,1996,0.0,0.0
Romania,ROU,Europe & Central Asia,High income,1996,63680.0,27.7448588358313
Russian Federation,RUS,Europe & Central Asia,High income,1996,8091410.6,49.404264023114
Rwanda,RWA,Sub-Saharan Africa,Low income,1996,2990.0,12.1199837859749
Saudi Arabia,SAU,Middle East & North Africa,High income,1996,9770.0,0.454484134921779
Senegal,SEN,Sub-Saharan Africa,Lower middle income,1996,90331.6,46.9181945670805
Singapore,SGP,East Asia & Pacific,High income,1996,161.389,24.0879104477612
Solomon Islands,SLB,East Asia & Pacific,Lower middle income,1996,25405.24,90.7654162200786
Sierra Leone,SLE,Sub-Saharan Africa,Low income,1996,30083.38,41.678276530895
El Salvador,SLV,Latin America & Caribbean,Upper middle income,1996,6918.8,33.3918918918919
San Marino,SMR,Europe & Central Asia,High income,1996,10.0,16.6666666666667
"Somalia, Fed. Rep.",SOM,Sub-Saharan Africa,Low income,1996,78220.0,12.4685178690981
Sao Tome and Principe,STP,Sub-Saharan Africa,Lower middle income,1996,584.64,60.9
Suriname,SUR,Latin America & Caribbean,Upper middle income,1996,153555.74,95.6688221823252
Slovak Republic,SVK,Europe & Central Asia,High income,1996,19018.38,39.5392515592516
Slovenia,SVN,Europe & Central Asia,High income,1996,12150.0,60.3277060575968
Sweden,SWE,Europe & Central Asia,High income,1996,281230.0,69.0406557475247
Eswatini,SWZ,Sub-Saharan Africa,Lower middle income,1996,4684.24,27.2339534883721
Seychelles,SYC,Sub-Saharan Africa,High income,1996,337.0,73.2608695652174
Syrian Arab Republic,SYR,Middle East & North Africa,Low income,1996,4080.8,2.22048100990315
Turks and Caicos Islands,TCA,Latin America & Caribbean,High income,1996,105.2,11.0736842105263
Chad,TCD,Sub-Saharan Africa,Low income,1996,65038.0,5.16502541296061
Togo,TGO,Sub-Saharan Africa,Lower middle income,1996,13057.424,24.0070307041736
Thailand,THA,East Asia & Pacific,Upper middle income,1996,191432.0,37.4702969328035
Tajikistan,TJK,Europe & Central Asia,Lower middle income,1996,4092.0,2.92369248356673
Turkmenistan,TKM,Europe & Central Asia,Upper middle income,1996,41270.0,8.78215904496414
Timor-Leste,TLS,East Asia & Pacific,Lower middle income,1996,9547.0,64.2030934767989
Tonga,TON,East Asia & Pacific,Upper middle income,1996,89.5,12.4305555555556
Trinidad and Tobago,TTO,Latin America & Caribbean,High income,1996,2388.14,46.5524366471735
Tunisia,TUN,Middle East & North Africa,Lower middle income,1996,6583.008,4.2372605561277
Turkiye,TUR,Europe & Central Asia,Upper middle income,1996,200024.02,25.9896339799644
Tuvalu,TUV,East Asia & Pacific,Upper middle income,1996,10.0,33.3333333333333
Tanzania,TZA,Sub-Saharan Africa,Lower middle income,1996,551580.1,62.2691465342064
Uganda,UGA,Sub-Saharan Africa,Low income,1996,33279.58,16.6556128321906
Ukraine,UKR,Europe & Central Asia,Upper middle income,1996,94156.0,16.2520065590748
Uruguay,URY,Latin America & Caribbean,High income,1996,11406.0,6.51696948920123
United States,USA,North America,High income,1996,3031016.0,33.0934516582669
Uzbekistan,UZB,Europe & Central Asia,Lower middle income,1996,27966.247,6.57410601786554
St. Vincent and the Grenadines,VCT,Latin America & Caribbean,Upper middle income,1996,281.4,72.1538461538461
"Venezuela, RB",VEN,Latin America & Caribbean,Lower middle income,1996,503010.0,57.0273794002608
British Virgin Islands,VGB,Latin America & Caribbean,High income,1996,36.86,24.5733333333333
Virgin Islands (U.S.),VIR,Latin America & Caribbean,High income,1996,220.98,63.1371428571429
Viet Nam,VNM,East Asia & Pacific,Upper middle income,1996,108208.44,33.2447817137239
Vanuatu,VUT,East Asia & Pacific,Lower middle income,1996,4423.0,36.2838392124692
Samoa,WSM,East Asia & Pacific,Upper middle income,1996,1732.38,61.2148409893993
"Yemen, Rep.",YEM,Middle East & North Africa,Low income,1996,5490.0,1.03983180862549
South Africa,ZAF,Sub-Saharan Africa,Upper middle income,1996,179236.9,14.7752351433117
Zambia,ZMB,Sub-Saharan Africa,Lower middle income,1996,471972.0,63.4891510512651
Zimbabwe,ZWE,Sub-Saharan Africa,Lower middle income,1996,185502.6,47.9520744474603
Aruba,ABW,Latin America & Caribbean,High income,1997,4.2,2.33333333333333
Afghanistan,AFG,Middle East & North Africa,Low income,1997,12084.4,1.85278199408184
Angola,AGO,Sub-Saharan Africa,Lower middle income,1997,781748.61,62.7054311382049
Albania,ALB,Europe & Central Asia,Upper middle income,1997,7751.5,28.2901459854015
Andorra,AND,Europe & Central Asia,High income,1997,160.0,34.0425531914894
United Arab Emirates,ARE,Middle East & North Africa,High income,1997,2901.01,4.08477893551112
Argentina,ARG,Latin America & Caribbean,Upper middle income,1997,339258.0,12.3966543525207
Armenia,ARM,Europe & Central Asia,Upper middle income,1997,3332.67,11.7059009483667
American Samoa,ASM,East Asia & Pacific,High income,1997,178.32,89.16
Antigua and Barbuda,ATG,Latin America & Caribbean,High income,1997,96.48,21.9272727272727
Australia,AUS,East Asia & Pacific,High income,1997,1324345.3,17.2389167306666
Austria,AUT,Europe & Central Asia,High income,1997,38193.99,46.2845249636452
Azerbaijan,AZE,Europe & Central Asia,Upper middle income,1997,9744.76,11.7100592427028
Burundi,BDI,Sub-Saharan Africa,Low income,1997,2187.02,8.51643302180685
Benin,BEN,Sub-Saharan Africa,Lower middle income,1997,43451.5,38.5344980489535
Burkina Faso,BFA,Sub-Saharan Africa,Low income,1997,73665.3,26.924451754386
Bangladesh,BGD,South Asia,Lower middle income,1997,19203.287,14.7524675424445
Bulgaria,BGR,Europe & Central Asia,High income,1997,33606.0,30.3769321160625
Bahrain,BHR,Middle East & North Africa,High income,1997,3.25,0.457746478873239
"Bahamas, The",BHS,Latin America & Caribbean,High income,1997,5098.6,50.9350649350649
Bosnia and Herzegovina,BIH,Europe & Central Asia,Upper middle income,1997,21411.55,41.81943359375
Belarus,BLR,Europe & Central Asia,Upper middle income,1997,81251.0,40.0537329619679
Belize,BLZ,Latin America & Caribbean,Upper middle income,1997,15015.19,65.8272249013591
Bermuda,BMU,North America,High income,1997,10.0,18.5185185185185
Bolivia,BOL,Latin America & Caribbean,Lower middle income,1997,559123.89,51.613024093049
Brazil,BRA,Latin America & Caribbean,Upper middle income,1997,5624314.2,67.2914571902361
Barbados,BRB,Latin America & Caribbean,High income,1997,63.0,14.6511627906977
Brunei Darussalam,BRN,East Asia & Pacific,High income,1997,4018.0,76.2428842504744
Bhutan,BTN,South Asia,Lower middle income,1997,25762.16,64.7290452261307
Botswana,BWA,Sub-Saharan Africa,Upper middle income,1997,179756.0,31.7181020944718
Central African Republic,CAF,Sub-Saharan Africa,Low income,1997,229930.0,36.9080869369803
Canada,CAN,North America,High income,1997,3479432.58,38.8087407521424
Switzerland,CHE,Europe & Central Asia,High income,1997,11833.76,29.938242331484
Channel Islands,CHI,Europe & Central Asia,High income,1997,8.3,4.19191919191919
Chile,CHL,Latin America & Caribbean,High income,1997,156457.57,21.0424796780771
China,CHN,East Asia & Pacific,Upper middle income,1997,1710425.62,18.2188295344277
Cote d'Ivoire,CIV,Sub-Saharan Africa,Lower middle income,1997,59213.73,18.6206698113208
Cameroon,CMR,Sub-Saharan Africa,Lower middle income,1997,218682.43,46.2614351293605
"Congo, Dem. Rep.",COD,Sub-Saharan Africa,Low income,1997,1459180.0,64.3647030281643
"Congo, Rep.",COG,Sub-Saharan Africa,Lower middle income,1997,222310.0,65.0980966325037
Colombia,COL,Latin America & Caribbean,Upper middle income,1997,634022.92,57.1449229382605
Comoros,COM,Sub-Saharan Africa,Lower middle income,1997,429.94,23.1026329930145
Cabo Verde,CPV,Sub-Saharan Africa,Upper middle income,1997,324.18,8.04416873449131
Costa Rica,CRI,Latin America & Caribbean,High income,1997,28722.74,56.2529181355268
Cuba,CUB,Latin America & Caribbean,Upper middle income,1997,23219.0,21.6191806331471
Cayman Islands,CYM,Latin America & Caribbean,High income,1997,129.9,54.125
Cyprus,CYP,Europe & Central Asia,High income,1997,1684.6,18.2316017316017
Czechia,CZE,Europe & Central Asia,High income,1997,26349.29,34.1002847159312
Germany,DEU,Europe & Central Asia,High income,1997,113378.0,32.4818793869073
Djibouti,DJI,Middle East & North Africa,Lower middle income,1997,56.0,0.241587575496117
Dominica,DMA,Latin America & Caribbean,Upper middle income,1997,486.02,64.8026666666667
Denmark,DNK,Europe & Central Asia,High income,1997,5595.52,13.9888
Dominican Republic,DOM,Latin America & Caribbean,Upper middle income,1997,18591.96,38.4847029600497
Algeria,DZA,Middle East & North Africa,Upper middle income,1997,16054.0,0.67404502590543
Ecuador,ECU,Latin America & Caribbean,Upper middle income,1997,140010.13,50.5743859268892
"Egypt, Arab Rep.",EGY,Middle East & North Africa,Lower middle income,1997,545.9,0.054839519815159
Eritrea,ERI,Sub-Saharan Africa,Low income,1997,11279.4,11.1677227722772
Spain,ESP,Europe & Central Asia,High income,1997,161371.49,32.3104857440333
Estonia,EST,Europe & Central Asia,High income,1997,22289.93,52.5829912715263
Ethiopia,ETH,Sub-Saharan Africa,Low income,1997,187475.0,18.7475
Finland,FIN,Europe & Central Asia,High income,1997,222745.47,73.1296070127056
Fiji,FJI,East Asia & Pacific,Upper middle income,1997,9864.36,53.992118226601
France,FRA,Europe & Central Asia,High income,1997,150324.0,27.892012246034
Faroe Islands,FRO,Europe & Central Asia,High income,1997,0.8,0.0573065902578797
"Micronesia, Fed. Sts.",FSM,East Asia & Pacific,Upper middle income,1997,637.76,91.1085714285714
Gabon,GAB,Sub-Saharan Africa,Upper middle income,1997,237184.86,92.0498544650134
United Kingdom,GBR,Europe & Central Asia,High income,1997,29012.0,11.9918984830323
Georgia,GEO,Europe & Central Asia,Upper middle income,1997,27581.1,39.6907468700532
Ghana,GHA,Sub-Saharan Africa,Lower middle income,1997,91713.05,40.3063417421113
Gibraltar,GIB,Europe & Central Asia,High income,1997,0.0,0.0
Guinea,GIN,Sub-Saharan Africa,Lower middle income,1997,70331.0,28.6224157577731
"Gambia, The",GMB,Sub-Saharan Africa,Low income,1997,3745.29,37.0087944664032
Guinea-Bissau,GNB,Sub-Saharan Africa,Low income,1997,21742.15,77.3191678520626
Equatorial Guinea,GNQ,Sub-Saharan Africa,Upper middle income,1997,26406.51,94.1408556149732
Greece,GRC,Europe & Central Asia,High income,1997,35097.26,27.22828549263
Grenada,GRD,Latin America & Caribbean,Upper middle income,1997,177.0,52.0588235294118
Greenland,GRL,Europe & Central Asia,High income,1997,2.2,0.0005359970763795
Guatemala,GTM,Latin America & Caribbean,Upper middle income,1997,43808.0,40.8809257185517
Guam,GUM,East Asia & Pacific,High income,1997,240.0,44.4444444444444
Guyana,GUY,Latin America & Caribbean,High income,1997,185755.99,94.3642316484633
Honduras,HND,Latin America & Caribbean,Lower middle income,1997,68411.23,61.1415050496023
Croatia,HRV,Europe & Central Asia,High income,1997,18745.0,33.4851732761701
Haiti,HTI,Latin America & Caribbean,Lower middle income,1997,3813.31,13.8363933236575
Hungary,HUN,Europe & Central Asia,High income,1997,18889.89,21.0355122494432
Indonesia,IDN,East Asia & Pacific,Upper middle income,1997,1064595.0,58.766429119493
Isle of Man,IMN,Europe & Central Asia,High income,1997,34.6,6.07017543859649
India,IND,South Asia,Lower middle income,1997,664951.0,22.3649009985907
Ireland,IRL,Europe & Central Asia,High income,1997,5797.44,8.41550297575845
"Iran, Islamic Rep.",IRN,Middle East & North Africa,Upper middle income,1997,92507.8,5.67964586556644
Iraq,IRQ,Middle East & North Africa,Upper middle income,1997,8138.0,1.86066716967327
Iceland,ISL,Europe & Central Asia,High income,1997,260.02,0.259371571072319
Israel,ISR,Middle East & North Africa,High income,1997,1467.0,6.77911275415897
Italy,ITA,Europe & Central Asia,High income,1997,81354.0,27.6610791880589
Jamaica,JAM,Latin America & Caribbean,Upper middle income,1997,5210.84,48.11486611265
Jordan,JOR,Middle East & North Africa,Upper middle income,1997,975.0,1.10494106980961
Japan,JPN,East Asia & Pacific,High income,1997,248982.0,68.3078189300412
Kazakhstan,KAZ,Europe & Central Asia,Upper middle income,1997,31585.215,1.16995277253028
Kenya,KEN,Sub-Saharan Africa,Lower middle income,1997,39303.95,6.90584917594968
Kyrgyz Republic,KGZ,Europe & Central Asia,Lower middle income,1997,11675.567,6.08736548488008
Cambodia,KHM,East Asia & Pacific,Lower middle income,1997,108481.37,61.4555687740766
Kiribati,KIR,East Asia & Pacific,Lower middle income,1997,11.8,1.45679012345679
St. Kitts and Nevis,KNA,Latin America & Caribbean,High income,1997,110.0,42.3076923076923
"Korea, Rep.",KOR,East Asia & Pacific,High income,1997,64985.0,67.3698942566867
Kuwait,KWT,Middle East & North Africa,High income,1997,44.3,0.248597081930415
Lao PDR,LAO,East Asia & Pacific,Lower middle income,1997,175504.0,76.0415944540728
Lebanon,LBN,Middle East & North Africa,Lower middle income,1997,1386.36,13.5519061583578
Liberia,LBR,Sub-Saharan Africa,Low income,1997,83134.2,86.3104235880399
Libya,LBY,Middle East & North Africa,Upper middle income,1997,2170.0,0.123327687918433
St. Lucia,LCA,Latin America & Caribbean,Upper middle income,1997,210.88,34.5704918032787
Liechtenstein,LIE,Europe & Central Asia,High income,1997,66.4,41.5
Sri Lanka,LKA,South Asia,Upper middle income,1997,22215.93,35.4264551108276
Lesotho,LSO,Sub-Saharan Africa,Lower middle income,1997,345.2,1.13702239789196
Lithuania,LTU,Europe & Central Asia,High income,1997,19975.0,31.8682195277601
Latvia,LVA,Europe & Central Asia,High income,1997,32206.0,51.7556687611487
Morocco,MAR,Middle East & North Africa,Lower middle income,1997,55001.65,12.3239188886399
Monaco,MCO,Europe & Central Asia,High income,1997,0.0,0.0
Moldova,MDA,Europe & Central Asia,Upper middle income,1997,3387.0,10.2885783718105
Madagascar,MDG,Sub-Saharan Africa,Low income,1997,132295.04,22.7490869071775
Maldives,MDV,South Asia,Upper middle income,1997,8.2,2.73333333333333
Mexico,MEX,Latin America & Caribbean,Upper middle income,1997,690444.4,35.5176007613365
Marshall Islands,MHL,East Asia & Pacific,Upper middle income,1997,94.0,52.2222222222222
North Macedonia,MKD,Europe & Central Asia,Upper middle income,1997,9438.85,37.1169878096736
Mali,MLI,Sub-Saharan Africa,Low income,1997,132960.0,10.896663634352
Malta,MLT,Middle East & North Africa,High income,1997,3.5,1.09375
Myanmar,MMR,East Asia & Pacific,Lower middle income,1997,361732.21,55.349666432047
Mongolia,MNG,East Asia & Pacific,Upper middle income,1997,142903.3,9.23482759745975
Northern Mariana Islands,MNP,East Asia & Pacific,High income,1997,324.55,70.554347826087
Mozambique,MOZ,Sub-Saharan Africa,Low income,1997,418450.0,53.2121874920522
Mauritania,MRT,Sub-Saharan Africa,Lower middle income,1997,4379.6,0.424915106238479
Mauritius,MUS,Sub-Saharan Africa,Upper middle income,1997,416.72,20.528078817734
Malawi,MWI,Sub-Saharan Africa,Low income,1997,32077.0,34.0231226134917
Malaysia,MYS,East Asia & Pacific,Upper middle income,1997,199694.95,60.7806878709481
Namibia,NAM,Sub-Saharan Africa,Lower middle income,1997,82721.098,10.0476257454846
New Caledonia,NCL,East Asia & Pacific,High income,1997,8358.34,45.7239606126915
Niger,NER,Sub-Saharan Africa,Low income,1997,15131.7,1.19457645851425
Nigeria,NGA,Sub-Saharan Africa,Lower middle income,1997,253829.55,27.8697750255278
Nicaragua,NIC,Latin America & Caribbean,Lower middle income,1997,56993.2,47.3601462522852
Netherlands,NLD,Europe & Central Asia,High income,1997,3552.49,10.522778436019
Norway,NOR,Europe & Central Asia,High income,1997,121187.0,33.1797373810384
Nepal,NPL,South Asia,Lower middle income,1997,57481.32,40.1967272727273
Naoero,NRU,East Asia & Pacific,High income,1997,0.0,0.0
New Zealand,NZL,East Asia & Pacific,High income,1997,97069.89,36.8652500854506
Oman,OMN,Middle East & North Africa,High income,1997,30.0,0.0096930533117932
Pakistan,PAK,Middle East & North Africa,Lower middle income,1997,46539.19,6.03715104815276
Panama,PAN,Latin America & Caribbean,High income,1997,44917.18,60.4212806026365
Peru,PER,Latin America & Caribbean,Upper middle income,1997,756430.43,59.09612734375
Philippines,PHL,East Asia & Pacific,Upper middle income,1997,74501.25,24.9861656102224
Palau,PLW,East Asia & Pacific,High income,1997,391.51,85.1108695652174
Papua New Guinea,PNG,East Asia & Pacific,Lower middle income,1997,363144.804,80.1891984277702
Poland,POL,Europe & Central Asia,High income,1997,90059.0,29.4031799928173
Puerto Rico (US),PRI,Latin America & Caribbean,High income,1997,3965.04,44.7016910935738
"Korea, Dem. People's Rep.",PRK,East Asia & Pacific,Low income,1997,65918.92,54.7453865957977
Portugal,PRT,Europe & Central Asia,High income,1997,33164.0,36.2448087431694
Paraguay,PRY,Latin America & Caribbean,Upper middle income,1997,237579.13,59.7984218474704
West Bank and Gaza,PSE,Middle East & North Africa,Lower middle income,1997,90.8,1.50830564784053
French Polynesia,PYF,East Asia & Pacific,High income,1997,1473.14,40.2497267759563
Qatar,QAT,Middle East & North Africa,High income,1997,0.0,0.0
Romania,ROU,Europe & Central Asia,High income,1997,63675.0,27.7414717030454
Russian Federation,RUS,Europe & Central Asia,High income,1997,8091729.2,49.404127934842
Rwanda,RWA,Sub-Saharan Africa,Low income,1997,2960.0,11.9983785974868
Saudi Arabia,SAU,Middle East & North Africa,High income,1997,9770.0,0.454484134921779
Senegal,SEN,Sub-Saharan Africa,Lower middle income,1997,89881.6,46.6844647587389
Singapore,SGP,East Asia & Pacific,High income,1997,163.575,24.4141791044776
Solomon Islands,SLB,East Asia & Pacific,Lower middle income,1997,25397.93,90.7392997499107
Sierra Leone,SLE,Sub-Saharan Africa,Low income,1997,29886.11,41.4049736769188
El Salvador,SLV,Latin America & Caribbean,Upper middle income,1997,6873.8,33.1747104247104
San Marino,SMR,Europe & Central Asia,High income,1997,10.0,16.6666666666667
"Somalia, Fed. Rep.",SOM,Sub-Saharan Africa,Low income,1997,77452.5,12.3461759173654
Sao Tome and Principe,STP,Sub-Saharan Africa,Lower middle income,1997,584.38,60.8729166666667
Suriname,SUR,Latin America & Caribbean,Upper middle income,1997,153518.98,95.6459198414331
Slovak Republic,SVK,Europe & Central Asia,High income,1997,19017.31,39.537027027027
Slovenia,SVN,Europe & Central Asia,High income,1997,12195.0,60.5511420059583
Sweden,SWE,Europe & Central Asia,High income,1997,281330.0,69.0652052819796
Eswatini,SWZ,Sub-Saharan Africa,Lower middle income,1997,4696.38,27.3045348837209
Seychelles,SYC,Sub-Saharan Africa,High income,1997,337.0,73.2608695652174
Syrian Arab Republic,SYR,Middle East & North Africa,Low income,1997,4140.8,2.25312874088584
Turks and Caicos Islands,TCA,Latin America & Caribbean,High income,1997,105.2,11.0736842105263
Chad,TCD,Sub-Saharan Africa,Low income,1997,64661.0,5.13508576874206
Togo,TGO,Sub-Saharan Africa,Lower middle income,1997,12964.228,23.8356830299687
Thailand,THA,East Asia & Pacific,Upper middle income,1997,191069.0,37.3992444557537
Tajikistan,TJK,Europe & Central Asia,Lower middle income,1997,4094.0,2.92512146327522
Turkmenistan,TKM,Europe & Central Asia,Upper middle income,1997,41270.0,8.78215904496414
Timor-Leste,TLS,East Asia & Pacific,Lower middle income,1997,9533.0,64.1089441829186
Tonga,TON,East Asia & Pacific,Upper middle income,1997,89.5,12.4305555555556
Trinidad and Tobago,TTO,Latin America & Caribbean,High income,1997,2382.73,46.4469785575049
Tunisia,TUN,Middle East & North Africa,Lower middle income,1997,6606.881,4.2526268022657
Turkiye,TUR,Europe & Central Asia,Upper middle income,1997,200388.89,26.0370424749555
Tuvalu,TUV,East Asia & Pacific,Upper middle income,1997,10.0,33.3333333333333
Tanzania,TZA,Sub-Saharan Africa,Lower middle income,1997,547860.1,61.8491871754346
Uganda,UGA,Sub-Saharan Africa,Low income,1997,32867.06,16.4491566988639
Ukraine,UKR,Europe & Central Asia,Upper middle income,1997,94392.0,16.2927418658842
Uruguay,URY,Latin America & Caribbean,High income,1997,11977.0,6.84321791795223
United States,USA,North America,High income,1997,3032102.0,33.1053088997004
Uzbekistan,UZB,Europe & Central Asia,Lower middle income,1997,28378.338,6.67097743300423
St. Vincent and the Grenadines,VCT,Latin America & Caribbean,Upper middle income,1997,282.4,72.4102564102564
"Venezuela, RB",VEN,Latin America & Caribbean,Lower middle income,1997,500135.0,56.7014341590613
British Virgin Islands,VGB,Latin America & Caribbean,High income,1997,36.82,24.5466666666667
Virgin Islands (U.S.),VIR,Latin America & Caribbean,High income,1997,216.91,61.9742857142857
Viet Nam,VNM,East Asia & Pacific,Upper middle income,1997,110616.58,33.984632400381
Vanuatu,VUT,East Asia & Pacific,Lower middle income,1997,4423.0,36.2838392124692
Samoa,WSM,East Asia & Pacific,Upper middle income,1997,1727.56,61.0445229681979
"Yemen, Rep.",YEM,Middle East & North Africa,Low income,1997,5490.0,1.03983180862549
South Africa,ZAF,Sub-Saharan Africa,Upper middle income,1997,178872.9,14.7452291256213
Zambia,ZMB,Sub-Saharan Africa,Lower middle income,1997,471614.0,63.4409932875072
Zimbabwe,ZWE,Sub-Saharan Africa,Lower middle income,1997,185041.9,47.8329843608634
Aruba,ABW,Latin America & Caribbean,High income,1998,4.2,2.33333333333333
Afghanistan,AFG,Middle East & North Africa,Low income,1998,12084.4,1.85278199408184
Angola,AGO,Sub-Saharan Africa,Lower middle income,1998,780194.44,62.5807684286516
Albania,ALB,Europe & Central Asia,Upper middle income,1998,7732.0,28.2189781021898
Andorra,AND,Europe & Central Asia,High income,1998,160.0,34.0425531914894
United Arab Emirates,ARE,Middle East & North Africa,High income,1998,2965.44,4.17549985919459
Argentina,ARG,Latin America & Caribbean,Upper middle income,1998,337432.0,12.3299314134959
Armenia,ARM,Europe & Central Asia,Upper middle income,1998,3330.58,11.698559887601
American Samoa,ASM,East Asia & Pacific,High income,1998,177.98,88.99
Antigua and Barbuda,ATG,Latin America & Caribbean,High income,1998,95.82,21.7772727272727
Australia,AUS,East Asia & Pacific,High income,1998,1322277.2,17.2119964073259
Austria,AUT,Europe & Central Asia,High income,1998,38256.46,46.3602278235579
Azerbaijan,AZE,Europe & Central Asia,Upper middle income,1998,9787.24,11.7787994030713
Burundi,BDI,Sub-Saharan Africa,Low income,1998,2104.48,8.19501557632399
Benin,BEN,Sub-Saharan Africa,Lower middle income,1998,42751.5,37.9137105356509
Burkina Faso,BFA,Sub-Saharan Africa,Low income,1998,73165.2,26.7416666666667
Bangladesh,BGD,South Asia,Lower middle income,1998,19203.285,14.7524660059922
Bulgaria,BGR,Europe & Central Asia,High income,1998,33654.0,30.4203199855374
Bahrain,BHR,Middle East & North Africa,High income,1998,3.4,0.47887323943662
"Bahamas, The",BHS,Latin America & Caribbean,High income,1998,5098.6,50.9350649350649
Bosnia and Herzegovina,BIH,Europe & Central Asia,Upper middle income,1998,21313.2,41.62734375
Belarus,BLR,Europe & Central Asia,Upper middle income,1998,81744.0,40.3019292113061
Belize,BLZ,Latin America & Caribbean,Upper middle income,1998,14874.46,65.2102586584831
Bermuda,BMU,North America,High income,1998,10.0,18.5185185185185
Bolivia,BOL,Latin America & Caribbean,Lower middle income,1998,556420.56,51.3634782608696
Brazil,BRA,Latin America & Caribbean,Upper middle income,1998,5586504.8,66.8390909939293
Barbados,BRB,Latin America & Caribbean,High income,1998,63.0,14.6511627906977
Brunei Darussalam,BRN,East Asia & Pacific,High income,1998,4002.0,75.9392789373814
Bhutan,BTN,South Asia,Lower middle income,1998,25861.44,64.9784924623116
Botswana,BWA,Sub-Saharan Africa,Upper middle income,1998,178573.0,31.5093607185079
Central African Republic,CAF,Sub-Saharan Africa,Low income,1998,229630.0,36.859931297955
Canada,CAN,North America,High income,1998,3478961.62,38.8034877793876
Switzerland,CHE,Europe & Central Asia,High income,1998,11876.44,30.0471443886115
Channel Islands,CHI,Europe & Central Asia,High income,1998,8.3,4.19191919191919
Chile,CHL,Latin America & Caribbean,High income,1998,157028.58,21.1192766417585
China,CHN,East Asia & Pacific,Upper middle income,1998,1730285.58,18.430370581036
Cote d'Ivoire,CIV,Sub-Saharan Africa,Lower middle income,1998,56457.32,17.7538742138365
Cameroon,CMR,Sub-Saharan Africa,Lower middle income,1998,217779.92,46.0705125764211
"Congo, Dem. Rep.",COD,Sub-Saharan Africa,Low income,1998,1452450.0,64.067841467987
"Congo, Rep.",COG,Sub-Saharan Africa,Lower middle income,1998,222190.0,65.0629575402635
Colombia,COL,Latin America & Caribbean,Upper middle income,1998,631800.28,56.9445948625507
Comoros,COM,Sub-Saharan Africa,Lower middle income,1998,425.56,22.8672756582483
Cabo Verde,CPV,Sub-Saharan Africa,Upper middle income,1998,348.52,8.64813895781638
Costa Rica,CRI,Latin America & Caribbean,High income,1998,28672.56,56.1546415981199
Cuba,CUB,Latin America & Caribbean,Upper middle income,1998,23596.0,21.9702048417132
Cayman Islands,CYM,Latin America & Caribbean,High income,1998,129.7,54.0416666666667
Cyprus,CYP,Europe & Central Asia,High income,1998,1695.1,18.3452380952381
Czechia,CZE,Europe & Central Asia,High income,1998,26357.16,34.1104697812864
Germany,DEU,Europe & Central Asia,High income,1998,113432.0,32.500143258266
Djibouti,DJI,Middle East & North Africa,Lower middle income,1998,56.0,0.241587575496117
Dominica,DMA,Latin America & Caribbean,Upper middle income,1998,483.58,64.4773333333333
Denmark,DNK,Europe & Central Asia,High income,1998,5635.68,14.0892
Dominican Republic,DOM,Latin America & Caribbean,Upper middle income,1998,18969.54,39.2662802732354
Algeria,DZA,Middle East & North Africa,Upper middle income,1998,15966.0,0.670350248137916
Ecuador,ECU,Latin America & Caribbean,Upper middle income,1998,139108.42,56.010798840393
"Egypt, Arab Rep.",EGY,Middle East & North Africa,Lower middle income,1998,561.3,0.0563865588427344
Eritrea,ERI,Sub-Saharan Africa,Low income,1998,11247.8,11.1364356435644
Spain,ESP,Europe & Central Asia,High income,1998,164560.76,32.9490549415345
Estonia,EST,Europe & Central Asia,High income,1998,22322.92,52.660816230243
Ethiopia,ETH,Sub-Saharan Africa,Low income,1998,186745.0,18.6745
Finland,FIN,Europe & Central Asia,High income,1998,223315.78,73.3168455957188
Fiji,FJI,East Asia & Pacific,Upper middle income,1998,9931.14,54.3576354679803
France,FRA,Europe & Central Asia,High income,1998,151176.0,28.0500974116337
Faroe Islands,FRO,Europe & Central Asia,High income,1998,0.8,0.0573065902578797
"Micronesia, Fed. Sts.",FSM,East Asia & Pacific,Upper middle income,1998,638.04,91.1485714285714
Gabon,GAB,Sub-Saharan Africa,Upper middle income,1998,237123.24,92.0259401560135
United Kingdom,GBR,Europe & Central Asia,High income,1998,29188.0,12.0646467986608
Georgia,GEO,Europe & Central Asia,Upper middle income,1998,27589.4,39.7026910346813
Ghana,GHA,Sub-Saharan Africa,Lower middle income,1998,90637.4,39.8336116726729
Gibraltar,GIB,Europe & Central Asia,High income,1998,0.0,0.0
Guinea,GIN,Sub-Saharan Africa,Lower middle income,1998,69984.0,28.4811981116718
"Gambia, The",GMB,Sub-Saharan Africa,Low income,1998,3687.96,36.4422924901186
Guinea-Bissau,GNB,Sub-Saharan Africa,Low income,1998,21657.7,77.0188477951636
Equatorial Guinea,GNQ,Sub-Saharan Africa,Upper middle income,1998,26322.94,93.8429233511586
Greece,GRC,Europe & Central Asia,High income,1998,35398.939,27.462326609775
Grenada,GRD,Latin America & Caribbean,Upper middle income,1998,177.0,52.0588235294118
Greenland,GRL,Europe & Central Asia,High income,1998,2.2,0.0005359970763795
Guatemala,GTM,Latin America & Caribbean,Upper middle income,1998,43236.0,40.3471444568869
Guam,GUM,East Asia & Pacific,High income,1998,240.0,44.4444444444444
Guyana,GUY,Latin America & Caribbean,High income,1998,185718.06,94.3449631699263
Honduras,HND,Latin America & Caribbean,Lower middle income,1998,68201.72,60.9542586468853
Croatia,HRV,Europe & Central Asia,High income,1998,18780.0,33.5896977284922
Haiti,HTI,Latin America & Caribbean,Lower middle income,1998,3811.04,13.8281567489115
Hungary,HUN,Europe & Central Asia,High income,1998,18997.16,21.1549665924276
Indonesia,IDN,East Asia & Pacific,Upper middle income,1998,1047330.0,57.8133883868688
Isle of Man,IMN,Europe & Central Asia,High income,1998,34.6,6.07017543859649
India,IND,South Asia,Lower middle income,1998,668604.0,22.4877656658337
Ireland,IRL,Europe & Central Asia,High income,1998,5966.16,8.66041515459428
"Iran, Islamic Rep.",IRN,Middle East & North Africa,Upper middle income,1998,92757.4,5.69497040693534
Iraq,IRQ,Middle East & North Africa,Upper middle income,1998,8152.0,1.86386812081304
Iceland,ISL,Europe & Central Asia,High income,1998,272.78,0.272099750623441
Israel,ISR,Middle East & North Africa,High income,1998,1488.0,6.87615526802218
Italy,ITA,Europe & Central Asia,High income,1998,82133.5,27.9261160790181
Jamaica,JAM,Latin America & Caribbean,Upper middle income,1998,5210.56,48.1122807017544
Jordan,JOR,Middle East & North Africa,Upper middle income,1998,975.0,1.10494106980961
Japan,JPN,East Asia & Pacific,High income,1998,248908.0,68.2875171467764
Kazakhstan,KAZ,Europe & Central Asia,Upper middle income,1998,31579.896,1.16975575063896
Kenya,KEN,Sub-Saharan Africa,Lower middle income,1998,39406.6,6.92388516006606
Kyrgyz Republic,KGZ,Europe & Central Asia,Lower middle income,1998,11720.045,6.11055526590198
Cambodia,KHM,East Asia & Pacific,Lower middle income,1998,108257.58,61.3287899388171
Kiribati,KIR,East Asia & Pacific,Lower middle income,1998,11.8,1.45679012345679
St. Kitts and Nevis,KNA,Latin America & Caribbean,High income,1998,110.0,42.3076923076923
"Korea, Rep.",KOR,East Asia & Pacific,High income,1998,64910.0,67.2921418204437
Kuwait,KWT,Middle East & North Africa,High income,1998,45.7,0.25645342312009
Lao PDR,LAO,East Asia & Pacific,Lower middle income,1998,175086.0,75.8604852686309
Lebanon,LBN,Middle East & North Africa,Lower middle income,1998,1384.84,13.5370478983382
Liberia,LBR,Sub-Saharan Africa,Low income,1998,82831.6,85.9962624584718
Libya,LBY,Middle East & North Africa,Upper middle income,1998,2170.0,0.123327687918433
St. Lucia,LCA,Latin America & Caribbean,Upper middle income,1998,210.62,34.527868852459
Liechtenstein,LIE,Europe & Central Asia,High income,1998,66.6,41.625
Sri Lanka,LKA,South Asia,Upper middle income,1998,22032.02,35.1331845000797
Lesotho,LSO,Sub-Saharan Africa,Lower middle income,1998,345.2,1.13702239789196
Lithuania,LTU,Europe & Central Asia,High income,1998,20050.0,31.9878749202297
Latvia,LVA,Europe & Central Asia,High income,1998,32274.0,51.8649460844971
Morocco,MAR,Middle East & North Africa,Lower middle income,1998,55022.9,12.3286802599149
Monaco,MCO,Europe & Central Asia,High income,1998,0.0,0.0
Moldova,MDA,Europe & Central Asia,Upper middle income,1998,3406.0,10.3494378608326
Madagascar,MDG,Sub-Saharan Africa,Low income,1998,131632.26,22.6351171028648
Maldives,MDV,South Asia,Upper middle income,1998,8.2,2.73333333333333
Mexico,MEX,Latin America & Caribbean,Upper middle income,1998,688234.1,35.4038992772448
Marshall Islands,MHL,East Asia & Pacific,Upper middle income,1998,94.0,52.2222222222222
North Macedonia,MKD,Europe & Central Asia,Upper middle income,1998,9484.4,37.2961069602831
Mali,MLI,Sub-Saharan Africa,Low income,1998,132960.0,10.896663634352
Malta,MLT,Middle East & North Africa,High income,1998,3.5,1.09375
Myanmar,MMR,East Asia & Pacific,Lower middle income,1998,357381.84,54.6840040395385
Mongolia,MNG,East Asia & Pacific,Upper middle income,1998,142815.2,9.22913431877874
Northern Mariana Islands,MNP,East Asia & Pacific,High income,1998,322.9,70.195652173913
Mozambique,MOZ,Sub-Saharan Africa,Low income,1998,416260.0,52.9336961774206
Mauritania,MRT,Sub-Saharan Africa,Lower middle income,1998,4325.2,0.419637139807898
Mauritius,MUS,Sub-Saharan Africa,Upper middle income,1998,417.58,20.5704433497537
Malawi,MWI,Sub-Saharan Africa,Low income,1998,31657.0,33.5776410691557
Malaysia,MYS,East Asia & Pacific,Upper middle income,1998,198767.8,60.498493380003
Namibia,NAM,Sub-Saharan Africa,Lower middle income,1998,82011.012,9.96137594286339
New Caledonia,NCL,East Asia & Pacific,High income,1998,8365.06,45.7607221006565
Niger,NER,Sub-Saharan Africa,Low income,1998,14514.8,1.14587510854977
Nigeria,NGA,Sub-Saharan Africa,Lower middle income,1998,252196.5,27.690470700616
Nicaragua,NIC,Latin America & Caribbean,Lower middle income,1998,55993.2,46.5291673591491
Netherlands,NLD,Europe & Central Asia,High income,1998,3566.66,10.5647511848341
Norway,NOR,Europe & Central Asia,High income,1998,121168.0,33.1745353790891
Nepal,NPL,South Asia,Lower middle income,1998,57590.08,40.2727832167832
Naoero,NRU,East Asia & Pacific,High income,1998,0.0,0.0
New Zealand,NZL,East Asia & Pacific,High income,1998,97548.06,37.0468497208613
Oman,OMN,Middle East & North Africa,High income,1998,30.0,0.0096930533117932
Pakistan,PAK,Middle East & North Africa,Lower middle income,1998,46063.66,5.97546440431714
Panama,PAN,Latin America & Caribbean,High income,1998,44751.92,60.1989776701641
Peru,PER,Latin America & Caribbean,Upper middle income,1998,755279.72,59.006228125
Philippines,PHL,East Asia & Pacific,Upper middle income,1998,74031.7,24.8286883321595
Palau,PLW,East Asia & Pacific,High income,1998,392.94,85.4217391304348
Papua New Guinea,PNG,East Asia & Pacific,Lower middle income,1998,363023.09,80.1623216888222
Poland,POL,Europe & Central Asia,High income,1998,90236.0,29.4609683633158
Puerto Rico (US),PRI,Latin America & Caribbean,High income,1998,4073.86,45.9285231116122
"Korea, Dem. People's Rep.",PRK,East Asia & Pacific,Low income,1998,65461.58,54.3655676438834
Portugal,PRT,Europe & Central Asia,High income,1998,33046.0,36.1158469945355
Paraguay,PRY,Latin America & Caribbean,Upper middle income,1998,235024.92,59.1555298263277
West Bank and Gaza,PSE,Middle East & North Africa,Lower middle income,1998,90.8,1.50830564784053
French Polynesia,PYF,East Asia & Pacific,High income,1998,1477.26,40.3622950819672
Qatar,QAT,Middle East & North Africa,High income,1998,0.0,0.0
Romania,ROU,Europe & Central Asia,High income,1998,63670.0,27.7320440785749
Russian Federation,RUS,Europe & Central Asia,High income,1998,8092047.8,49.3980807384029
Rwanda,RWA,Sub-Saharan Africa,Low income,1998,2930.0,11.8767734089988
Saudi Arabia,SAU,Middle East & North Africa,High income,1998,9770.0,0.454484134921779
Senegal,SEN,Sub-Saharan Africa,Lower middle income,1998,89431.6,46.4507349503973
Singapore,SGP,East Asia & Pacific,High income,1998,165.762,24.7405970149254
Solomon Islands,SLB,East Asia & Pacific,Lower middle income,1998,25390.62,90.7131832797428
Sierra Leone,SLE,Sub-Saharan Africa,Low income,1998,29688.84,41.1316708229426
El Salvador,SLV,Latin America & Caribbean,Upper middle income,1998,6828.8,32.957528957529
San Marino,SMR,Europe & Central Asia,High income,1998,10.0,16.6666666666667
"Somalia, Fed. Rep.",SOM,Sub-Saharan Africa,Low income,1998,76685.0,12.2238339656327
Sao Tome and Principe,STP,Sub-Saharan Africa,Lower middle income,1998,584.12,60.8458333333333
Suriname,SUR,Latin America & Caribbean,Upper middle income,1998,153482.22,95.623017500541
Slovak Republic,SVK,Europe & Central Asia,High income,1998,19016.24,39.5348024948025
Slovenia,SVN,Europe & Central Asia,High income,1998,12240.0,60.7745779543198
Sweden,SWE,Europe & Central Asia,High income,1998,281430.0,69.0897548164345
Eswatini,SWZ,Sub-Saharan Africa,Lower middle income,1998,4708.52,27.3751162790698
Seychelles,SYC,Sub-Saharan Africa,High income,1998,337.0,73.2608695652174
Syrian Arab Republic,SYR,Middle East & North Africa,Low income,1998,4200.8,2.28577647186854
Turks and Caicos Islands,TCA,Latin America & Caribbean,High income,1998,105.2,11.0736842105263
Chad,TCD,Sub-Saharan Africa,Low income,1998,64284.0,5.10514612452351
Togo,TGO,Sub-Saharan Africa,Lower middle income,1998,12871.032,23.6643353557639
Thailand,THA,East Asia & Pacific,Upper middle income,1998,190706.0,37.3281919787038
Tajikistan,TJK,Europe & Central Asia,Lower middle income,1998,4096.0,2.92655044298371
Turkmenistan,TKM,Europe & Central Asia,Upper middle income,1998,41270.0,8.78215904496414
Timor-Leste,TLS,East Asia & Pacific,Lower middle income,1998,9519.0,64.0147948890383
Tonga,TON,East Asia & Pacific,Upper middle income,1998,89.5,12.4305555555556
Trinidad and Tobago,TTO,Latin America & Caribbean,High income,1998,2377.32,46.3415204678363
Tunisia,TUN,Middle East & North Africa,Lower middle income,1998,6630.754,4.26799304840371
Turkiye,TUR,Europe & Central Asia,Upper middle income,1998,200753.76,26.0844509699466
Tuvalu,TUV,East Asia & Pacific,Upper middle income,1998,10.0,33.3333333333333
Tanzania,TZA,Sub-Saharan Africa,Lower middle income,1998,544140.1,61.4292278166629
Uganda,UGA,Sub-Saharan Africa,Low income,1998,32454.54,16.2427005655373
Ukraine,UKR,Europe & Central Asia,Upper middle income,1998,94628.0,16.3334771726935
Uruguay,URY,Latin America & Caribbean,High income,1998,12548.0,7.16946634670323
United States,USA,North America,High income,1998,3033188.0,33.1171661411339
Uzbekistan,UZB,Europe & Central Asia,Lower middle income,1998,28790.428,6.76784861307005
St. Vincent and the Grenadines,VCT,Latin America & Caribbean,Upper middle income,1998,283.4,72.6666666666667
"Venezuela, RB",VEN,Latin America & Caribbean,Lower middle income,1998,497260.0,56.3754889178618
British Virgin Islands,VGB,Latin America & Caribbean,High income,1998,36.78,24.52
Virgin Islands (U.S.),VIR,Latin America & Caribbean,High income,1998,212.84,60.8114285714286
Viet Nam,VNM,East Asia & Pacific,Upper middle income,1998,113024.72,34.724483087038
Vanuatu,VUT,East Asia & Pacific,Lower middle income,1998,4423.0,36.2838392124692
Samoa,WSM,East Asia & Pacific,Upper middle income,1998,1722.74,60.8742049469965
"Yemen, Rep.",YEM,Middle East & North Africa,Low income,1998,5490.0,1.03983180862549
South Africa,ZAF,Sub-Saharan Africa,Upper middle income,1998,178508.9,14.715223107931
Zambia,ZMB,Sub-Saharan Africa,Lower middle income,1998,471256.0,63.3928355237493
Zimbabwe,ZWE,Sub-Saharan Africa,Lower middle income,1998,184581.2,47.7138942742665
Aruba,ABW,Latin America & Caribbean,High income,1999,4.2,2.33333333333333
Afghanistan,AFG,Middle East & North Africa,Low income,1999,12084.4,1.85278199408184
Angola,AGO,Sub-Saharan Africa,Lower middle income,1999,778640.27,62.4561057190984
Albania,ALB,Europe & Central Asia,Upper middle income,1999,7712.5,28.1478102189781
Andorra,AND,Europe & Central Asia,High income,1999,160.0,34.0425531914894
United Arab Emirates,ARE,Middle East & North Africa,High income,1999,3029.87,4.26622078287806
Argentina,ARG,Latin America & Caribbean,Upper middle income,1999,335606.0,12.263208474471
Armenia,ARM,Europe & Central Asia,Upper middle income,1999,3328.49,11.6912188268353
American Samoa,ASM,East Asia & Pacific,High income,1999,177.64,88.82
Antigua and Barbuda,ATG,Latin America & Caribbean,High income,1999,95.16,21.6272727272727
Australia,AUS,East Asia & Pacific,High income,1999,1320209.1,17.1850760839853
Austria,AUT,Europe & Central Asia,High income,1999,38318.93,46.4359306834707
Azerbaijan,AZE,Europe & Central Asia,Upper middle income,1999,9829.72,11.8852790036878
Burundi,BDI,Sub-Saharan Africa,Low income,1999,2021.94,7.87359813084112
Benin,BEN,Sub-Saharan Africa,Lower middle income,1999,42051.5,37.2929230223484
Burkina Faso,BFA,Sub-Saharan Africa,Low income,1999,72665.1,26.5588815789474
Bangladesh,BGD,South Asia,Lower middle income,1999,19203.283,14.7524644695398
Bulgaria,BGR,Europe & Central Asia,High income,1999,33702.0,30.4637078550122
Bahrain,BHR,Middle East & North Africa,High income,1999,3.55,0.5
"Bahamas, The",BHS,Latin America & Caribbean,High income,1999,5098.6,50.9350649350649
Bosnia and Herzegovina,BIH,Europe & Central Asia,Upper middle income,1999,21214.85,41.43525390625
Belarus,BLR,Europe & Central Asia,Upper middle income,1999,82237.0,40.5437917519166
Belize,BLZ,Latin America & Caribbean,Upper middle income,1999,14733.73,64.5932924156072
Bermuda,BMU,North America,High income,1999,10.0,18.5185185185185
Bolivia,BOL,Latin America & Caribbean,Lower middle income,1999,553717.23,51.1139324286901
Brazil,BRA,Latin America & Caribbean,Upper middle income,1999,5548695.4,66.3867247976224
Barbados,BRB,Latin America & Caribbean,High income,1999,63.0,14.6511627906977
Brunei Darussalam,BRN,East Asia & Pacific,High income,1999,3986.0,75.6356736242884
Bhutan,BTN,South Asia,Lower middle income,1999,25960.72,65.2279396984925
Botswana,BWA,Sub-Saharan Africa,Upper middle income,1999,177390.0,31.3006193425441
Central African Republic,CAF,Sub-Saharan Africa,Low income,1999,229330.0,36.8117756589297
Canada,CAN,North America,High income,1999,3478490.66,38.7982348066329
Switzerland,CHE,Europe & Central Asia,High income,1999,11919.12,30.1560539205764
Channel Islands,CHI,Europe & Central Asia,High income,1999,8.3,4.19191919191919
Chile,CHL,Latin America & Caribbean,High income,1999,157599.59,21.19607360544
China,CHN,East Asia & Pacific,Upper middle income,1999,1750145.54,18.6419116276444
Cote d'Ivoire,CIV,Sub-Saharan Africa,Lower middle income,1999,53700.91,16.8870786163522
Cameroon,CMR,Sub-Saharan Africa,Lower middle income,1999,216877.41,45.8795900234816
"Congo, Dem. Rep.",COD,Sub-Saharan Africa,Low income,1999,1445720.0,63.7709799078097
"Congo, Rep.",COG,Sub-Saharan Africa,Lower middle income,1999,222070.0,65.0278184480234
Colombia,COL,Latin America & Caribbean,Upper middle income,1999,629577.64,56.7442667868409
Comoros,COM,Sub-Saharan Africa,Lower middle income,1999,421.18,22.631918323482
Cabo Verde,CPV,Sub-Saharan Africa,Upper middle income,1999,372.86,9.25210918114144
Costa Rica,CRI,Latin America & Caribbean,High income,1999,28622.38,56.0563650607129
Cuba,CUB,Latin America & Caribbean,Upper middle income,1999,23973.0,22.3212290502793
Cayman Islands,CYM,Latin America & Caribbean,High income,1999,129.5,53.9583333333333
Cyprus,CYP,Europe & Central Asia,High income,1999,1705.6,18.4588744588745
Czechia,CZE,Europe & Central Asia,High income,1999,26365.03,34.1206548466416
Germany,DEU,Europe & Central Asia,High income,1999,113486.0,32.5193420826408
Djibouti,DJI,Middle East & North Africa,Lower middle income,1999,56.0,0.241587575496117
Dominica,DMA,Latin America & Caribbean,Upper middle income,1999,481.14,64.152
Denmark,DNK,Europe & Central Asia,High income,1999,5675.84,14.1896
Dominican Republic,DOM,Latin America & Caribbean,Upper middle income,1999,19347.12,40.047857586421
Algeria,DZA,Middle East & North Africa,Upper middle income,1999,15878.0,0.666655470370402
Ecuador,ECU,Latin America & Caribbean,Upper middle income,1999,138206.71,55.6477331293284
"Egypt, Arab Rep.",EGY,Middle East & North Africa,Lower middle income,1999,576.7,0.0579335978703099
Eritrea,ERI,Sub-Saharan Africa,Low income,1999,11216.2,11.1051485148515
Spain,ESP,Europe & Central Asia,High income,1999,167750.03,33.5876241390357
Estonia,EST,Europe & Central Asia,High income,1999,22355.91,52.7386411889597
Ethiopia,ETH,Sub-Saharan Africa,Low income,1999,186015.0,18.6015
Finland,FIN,Europe & Central Asia,High income,1999,223886.09,73.5040841787321
Fiji,FJI,East Asia & Pacific,Upper middle income,1999,9997.92,54.7231527093596
France,FRA,Europe & Central Asia,High income,1999,152028.0,28.2081825772335
Faroe Islands,FRO,Europe & Central Asia,High income,1999,0.8,0.0573065902578797
"Micronesia, Fed. Sts.",FSM,East Asia & Pacific,Upper middle income,1999,638.32,91.1885714285714
Gabon,GAB,Sub-Saharan Africa,Upper middle income,1999,237061.62,92.0020258470136
United Kingdom,GBR,Europe & Central Asia,High income,1999,29364.0,12.1373951142893
Georgia,GEO,Europe & Central Asia,Upper middle income,1999,27597.7,39.7146351993093
Ghana,GHA,Sub-Saharan Africa,Lower middle income,1999,89561.75,39.3608816032346
Gibraltar,GIB,Europe & Central Asia,High income,1999,0.0,0.0
Guinea,GIN,Sub-Saharan Africa,Lower middle income,1999,69637.0,28.3399804655706
"Gambia, The",GMB,Sub-Saharan Africa,Low income,1999,3630.63,35.875790513834
Guinea-Bissau,GNB,Sub-Saharan Africa,Low income,1999,21573.25,76.7185277382646
Equatorial Guinea,GNQ,Sub-Saharan Africa,Upper middle income,1999,26239.37,93.544991087344
Greece,GRC,Europe & Central Asia,High income,1999,35700.617,27.6963669511249
Grenada,GRD,Latin America & Caribbean,Upper middle income,1999,177.0,52.0588235294118
Greenland,GRL,Europe & Central Asia,High income,1999,2.2,0.0005359970763795
Guatemala,GTM,Latin America & Caribbean,Upper middle income,1999,42664.0,39.8133631952221
Guam,GUM,East Asia & Pacific,High income,1999,240.0,44.4444444444444
Guyana,GUY,Latin America & Caribbean,High income,1999,185680.13,94.3256946913894
Honduras,HND,Latin America & Caribbean,Lower middle income,1999,67992.21,60.7670122441684
Croatia,HRV,Europe & Central Asia,High income,1999,18815.0,33.6522983366124
Haiti,HTI,Latin America & Caribbean,Lower middle income,1999,3808.77,13.8199201741655
Hungary,HUN,Europe & Central Asia,High income,1999,19104.43,21.274420935412
Indonesia,IDN,East Asia & Pacific,Upper middle income,1999,1030065.0,56.8603476542447
Isle of Man,IMN,Europe & Central Asia,High income,1999,34.6,6.07017543859649
India,IND,South Asia,Lower middle income,1999,672257.0,22.6106303330766
Ireland,IRL,Europe & Central Asia,High income,1999,6134.88,8.90532733343011
"Iran, Islamic Rep.",IRN,Middle East & North Africa,Upper middle income,1999,93007.0,5.71029494830423
Iraq,IRQ,Middle East & North Africa,Upper middle income,1999,8166.0,1.86706907195281
Iceland,ISL,Europe & Central Asia,High income,1999,285.54,0.284827930174564
Israel,ISR,Middle East & North Africa,High income,1999,1509.0,6.9731977818854
Italy,ITA,Europe & Central Asia,High income,1999,82913.0,28.1911529699772
Jamaica,JAM,Latin America & Caribbean,Upper middle income,1999,5210.28,48.1096952908587
Jordan,JOR,Middle East & North Africa,Upper middle income,1999,975.0,1.10494106980961
Japan,JPN,East Asia & Pacific,High income,1999,248834.0,68.2672153635117
Kazakhstan,KAZ,Europe & Central Asia,Upper middle income,1999,31574.577,1.16955872874764
Kenya,KEN,Sub-Saharan Africa,Lower middle income,1999,39509.25,6.94192114418245
Kyrgyz Republic,KGZ,Europe & Central Asia,Lower middle income,1999,11764.523,6.13374504692388
Cambodia,KHM,East Asia & Pacific,Lower middle income,1999,108033.79,61.2020111035577
Kiribati,KIR,East Asia & Pacific,Lower middle income,1999,11.8,1.45679012345679
St. Kitts and Nevis,KNA,Latin America & Caribbean,High income,1999,110.0,42.3076923076923
"Korea, Rep.",KOR,East Asia & Pacific,High income,1999,64835.0,67.2143893842007
Kuwait,KWT,Middle East & North Africa,High income,1999,47.1,0.264309764309764
Lao PDR,LAO,East Asia & Pacific,Lower middle income,1999,174668.0,75.6793760831889
Lebanon,LBN,Middle East & North Africa,Lower middle income,1999,1383.32,13.5221896383187
Liberia,LBR,Sub-Saharan Africa,Low income,1999,82529.0,85.6821013289037
Libya,LBY,Middle East & North Africa,Upper middle income,1999,2170.0,0.123327687918433
St. Lucia,LCA,Latin America & Caribbean,Upper middle income,1999,210.36,34.4852459016393
Liechtenstein,LIE,Europe & Central Asia,High income,1999,66.8,41.75
Sri Lanka,LKA,South Asia,Upper middle income,1999,21848.11,34.8399138893318
Lesotho,LSO,Sub-Saharan Africa,Lower middle income,1999,345.2,1.13702239789196
Lithuania,LTU,Europe & Central Asia,High income,1999,20125.0,32.1075303126994
Latvia,LVA,Europe & Central Asia,High income,1999,32342.0,51.9742234078455
Morocco,MAR,Middle East & North Africa,Lower middle income,1999,55044.15,12.3334416311898
Monaco,MCO,Europe & Central Asia,High income,1999,0.0,0.0
Moldova,MDA,Europe & Central Asia,Upper middle income,1999,3425.0,10.4103343465046
Madagascar,MDG,Sub-Saharan Africa,Low income,1999,130969.48,22.5211472985521
Maldives,MDV,South Asia,Upper middle income,1999,8.2,2.73333333333333
Mexico,MEX,Latin America & Caribbean,Upper middle income,1999,686023.8,35.2901977931531
Marshall Islands,MHL,East Asia & Pacific,Upper middle income,1999,94.0,52.2222222222222
North Macedonia,MKD,Europe & Central Asia,Upper middle income,1999,9529.95,37.4752261108926
Mali,MLI,Sub-Saharan Africa,Low income,1999,132960.0,10.896663634352
Malta,MLT,Middle East & North Africa,High income,1999,3.5,1.09375
Myanmar,MMR,East Asia & Pacific,Lower middle income,1999,353031.47,54.01834164703
Mongolia,MNG,East Asia & Pacific,Upper middle income,1999,142727.1,9.22344104009773
Northern Mariana Islands,MNP,East Asia & Pacific,High income,1999,321.25,69.8369565217391
Mozambique,MOZ,Sub-Saharan Africa,Low income,1999,414070.0,52.655204862789
Mauritania,MRT,Sub-Saharan Africa,Lower middle income,1999,4270.8,0.414359173377316
Mauritius,MUS,Sub-Saharan Africa,Upper middle income,1999,418.44,20.6128078817734
Malawi,MWI,Sub-Saharan Africa,Low income,1999,31237.0,33.1321595248197
Malaysia,MYS,East Asia & Pacific,Upper middle income,1999,197840.65,60.216298889058
Namibia,NAM,Sub-Saharan Africa,Lower middle income,1999,81300.926,9.8751261402422
New Caledonia,NCL,East Asia & Pacific,High income,1999,8371.78,45.7974835886214
Niger,NER,Sub-Saharan Africa,Low income,1999,13897.9,1.0971737585853
Nigeria,NGA,Sub-Saharan Africa,Lower middle income,1999,250563.45,27.5111663757041
Nicaragua,NIC,Latin America & Caribbean,Lower middle income,1999,54993.2,45.698188466013
Netherlands,NLD,Europe & Central Asia,High income,1999,3580.83,10.6067239336493
Norway,NOR,Europe & Central Asia,High income,1999,121149.0,33.1693333771397
Nepal,NPL,South Asia,Lower middle income,1999,57698.84,40.3488391608392
Naoero,NRU,East Asia & Pacific,High income,1999,0.0,0.0
New Zealand,NZL,East Asia & Pacific,High income,1999,98026.23,37.2284493562721
Oman,OMN,Middle East & North Africa,High income,1999,30.0,0.0096930533117932
Pakistan,PAK,Middle East & North Africa,Lower middle income,1999,45588.13,5.91377776048153
Panama,PAN,Latin America & Caribbean,High income,1999,44586.66,59.9766747376917
Peru,PER,Latin America & Caribbean,Upper middle income,1999,754129.01,58.91632890625
Philippines,PHL,East Asia & Pacific,Upper middle income,1999,73562.15,24.6712110540967
Palau,PLW,East Asia & Pacific,High income,1999,394.37,85.7326086956522
Papua New Guinea,PNG,East Asia & Pacific,Lower middle income,1999,362901.376,80.1354449498741
Poland,POL,Europe & Central Asia,High income,1999,90413.0,29.5187567338144
Puerto Rico (US),PRI,Latin America & Caribbean,High income,1999,4182.68,47.1553551296505
"Korea, Dem. People's Rep.",PRK,East Asia & Pacific,Low income,1999,65004.24,53.9857486919691
Portugal,PRT,Europe & Central Asia,High income,1999,32928.0,35.9868852459016
Paraguay,PRY,Latin America & Caribbean,Upper middle income,1999,232470.71,58.512637805185
West Bank and Gaza,PSE,Middle East & North Africa,Lower middle income,1999,90.8,1.50830564784053
French Polynesia,PYF,East Asia & Pacific,High income,1999,1481.38,40.4748633879781
Qatar,QAT,Middle East & North Africa,High income,1999,0.0,0.0
Romania,ROU,Europe & Central Asia,High income,1999,63665.0,27.7286585365854
Russian Federation,RUS,Europe & Central Asia,High income,1999,8092366.4,49.3782924744226
Rwanda,RWA,Sub-Saharan Africa,Low income,1999,2900.0,11.7551682205107
Saudi Arabia,SAU,Middle East & North Africa,High income,1999,9770.0,0.454484134921779
Senegal,SEN,Sub-Saharan Africa,Lower middle income,1999,88981.6,46.2170051420558
Singapore,SGP,East Asia & Pacific,High income,1999,167.948,25.0668656716418
Solomon Islands,SLB,East Asia & Pacific,Lower middle income,1999,25383.31,90.6870668095749
Sierra Leone,SLE,Sub-Saharan Africa,Low income,1999,29491.57,40.8583679689665
El Salvador,SLV,Latin America & Caribbean,Upper middle income,1999,6783.8,32.7403474903475
San Marino,SMR,Europe & Central Asia,High income,1999,10.0,16.6666666666667
"Somalia, Fed. Rep.",SOM,Sub-Saharan Africa,Low income,1999,75917.5,12.1014920139
Sao Tome and Principe,STP,Sub-Saharan Africa,Lower middle income,1999,583.86,60.81875
Suriname,SUR,Latin America & Caribbean,Upper middle income,1999,153445.46,95.6001151596488
Slovak Republic,SVK,Europe & Central Asia,High income,1999,19015.17,39.532577962578
Slovenia,SVN,Europe & Central Asia,High income,1999,12285.0,60.9980139026812
Sweden,SWE,Europe & Central Asia,High income,1999,281530.0,69.1143043508894
Eswatini,SWZ,Sub-Saharan Africa,Lower middle income,1999,4720.66,27.4456976744186
Seychelles,SYC,Sub-Saharan Africa,High income,1999,337.0,73.2608695652174
Syrian Arab Republic,SYR,Middle East & North Africa,Low income,1999,4260.8,2.31842420285124
Turks and Caicos Islands,TCA,Latin America & Caribbean,High income,1999,105.2,11.0736842105263
Chad,TCD,Sub-Saharan Africa,Low income,1999,63907.0,5.07520648030496
Togo,TGO,Sub-Saharan Africa,Lower middle income,1999,12777.836,23.4929876815591
Thailand,THA,East Asia & Pacific,Upper middle income,1999,190343.0,37.257139501654
Tajikistan,TJK,Europe & Central Asia,Lower middle income,1999,4098.0,2.9279794226922
Turkmenistan,TKM,Europe & Central Asia,Upper middle income,1999,41270.0,8.78215904496414
Timor-Leste,TLS,East Asia & Pacific,Lower middle income,1999,9505.0,63.920645595158
Tonga,TON,East Asia & Pacific,Upper middle income,1999,89.5,12.4305555555556
Trinidad and Tobago,TTO,Latin America & Caribbean,High income,1999,2371.91,46.2360623781676
Tunisia,TUN,Middle East & North Africa,Lower middle income,1999,6654.627,4.28335929454171
Turkiye,TUR,Europe & Central Asia,Upper middle income,1999,201118.63,26.1318594649377
Tuvalu,TUV,East Asia & Pacific,Upper middle income,1999,10.0,33.3333333333333
Tanzania,TZA,Sub-Saharan Africa,Lower middle income,1999,540420.1,61.0092684578912
Uganda,UGA,Sub-Saharan Africa,Low income,1999,32042.02,16.0362444322106
Ukraine,UKR,Europe & Central Asia,Upper middle income,1999,94864.0,16.3742124795029
Uruguay,URY,Latin America & Caribbean,High income,1999,13119.0,7.49571477545423
United States,USA,North America,High income,1999,3034274.0,33.1290233825675
Uzbekistan,UZB,Europe & Central Asia,Lower middle income,1999,29202.519,6.86472002820874
St. Vincent and the Grenadines,VCT,Latin America & Caribbean,Upper middle income,1999,284.4,72.9230769230769
"Venezuela, RB",VEN,Latin America & Caribbean,Lower middle income,1999,494385.0,56.0495436766623
British Virgin Islands,VGB,Latin America & Caribbean,High income,1999,36.74,24.4933333333333
Virgin Islands (U.S.),VIR,Latin America & Caribbean,High income,1999,208.77,59.6485714285714
Viet Nam,VNM,East Asia & Pacific,Upper middle income,1999,115432.86,35.464333773695
Vanuatu,VUT,East Asia & Pacific,Lower middle income,1999,4423.0,36.2838392124692
Samoa,WSM,East Asia & Pacific,Upper middle income,1999,1717.92,60.7038869257951
"Yemen, Rep.",YEM,Middle East & North Africa,Low income,1999,5490.0,1.03983180862549
South Africa,ZAF,Sub-Saharan Africa,Upper middle income,1999,178144.9,14.6852170902406
Zambia,ZMB,Sub-Saharan Africa,Lower middle income,1999,470898.0,63.3446777599914
Zimbabwe,ZWE,Sub-Saharan Africa,Lower middle income,1999,184120.5,47.5948041876696
Aruba,ABW,Latin America & Caribbean,High income,2000,4.2,2.33333333333333
Afghanistan,AFG,Middle East & North Africa,Low income,2000,12084.4,1.85278199408184
Angola,AGO,Sub-Saharan Africa,Lower middle income,2000,777086.1,62.3314430095452
Albania,ALB,Europe & Central Asia,Upper middle income,2000,7693.0,28.0766423357664
Andorra,AND,Europe & Central Asia,High income,2000,160.0,34.0425531914894
United Arab Emirates,ARE,Middle East & North Africa,High income,2000,3094.3,4.35694170656153
Argentina,ARG,Latin America & Caribbean,Upper middle income,2000,333780.0,12.1964855354461
Armenia,ARM,Europe & Central Asia,Upper middle income,2000,3326.4,11.6838777660695
American Samoa,ASM,East Asia & Pacific,High income,2000,177.3,88.65
Antigua and Barbuda,ATG,Latin America & Caribbean,High income,2000,94.5,21.4772727272727
Australia,AUS,East Asia & Pacific,High income,2000,1318141.0,17.1581557606446
Austria,AUT,Europe & Central Asia,High income,2000,38381.4,46.5116335433834
Azerbaijan,AZE,Europe & Central Asia,Upper middle income,2000,9872.2,11.9510925488772
Burundi,BDI,Sub-Saharan Africa,Low income,2000,1939.4,7.55218068535826
Belgium,BEL,Europe & Central Asia,High income,2000,6673.0,21.9991428477236
Benin,BEN,Sub-Saharan Africa,Lower middle income,2000,41351.5,36.6721355090458
Burkina Faso,BFA,Sub-Saharan Africa,Low income,2000,72165.0,26.3760964912281
Bangladesh,BGD,South Asia,Lower middle income,2000,19203.281,14.7524629330875
Bulgaria,BGR,Europe & Central Asia,High income,2000,33750.0,30.507095724487
Bahrain,BHR,Middle East & North Africa,High income,2000,3.7,0.52112676056338
"Bahamas, The",BHS,Latin America & Caribbean,High income,2000,5098.6,50.9350649350649
Bosnia and Herzegovina,BIH,Europe & Central Asia,Upper middle income,2000,21116.5,41.2431640625
Belarus,BLR,Europe & Central Asia,Upper middle income,2000,82730.0,40.78423252879
Belize,BLZ,Latin America & Caribbean,Upper middle income,2000,14593.0,63.9763261727313
Bermuda,BMU,North America,High income,2000,10.0,18.5185185185185
Bolivia,BOL,Latin America & Caribbean,Lower middle income,2000,551013.9,50.8643865965107
Brazil,BRA,Latin America & Caribbean,Upper middle income,2000,5510886.0,65.9343586013156
Barbados,BRB,Latin America & Caribbean,High income,2000,63.0,14.6511627906977
Brunei Darussalam,BRN,East Asia & Pacific,High income,2000,3970.0,75.3320683111954
Bhutan,BTN,South Asia,Lower middle income,2000,26060.0,65.4773869346734
Botswana,BWA,Sub-Saharan Africa,Upper middle income,2000,176207.0,31.0918779665802
Central African Republic,CAF,Sub-Saharan Africa,Low income,2000,229030.0,36.7636200199043
Canada,CAN,North America,High income,2000,3478019.7,38.7929818338782
Switzerland,CHE,Europe & Central Asia,High income,2000,11961.8,30.2649701705926
Channel Islands,CHI,Europe & Central Asia,High income,2000,8.3,4.19191919191919
Chile,CHL,Latin America & Caribbean,High income,2000,158170.6,21.2728705691214
China,CHN,East Asia & Pacific,Upper middle income,2000,1770005.5,18.8534727562839
Cote d'Ivoire,CIV,Sub-Saharan Africa,Lower middle income,2000,50944.5,16.0202830188679
Cameroon,CMR,Sub-Saharan Africa,Lower middle income,2000,215974.9,45.6886674705422
"Congo, Dem. Rep.",COD,Sub-Saharan Africa,Low income,2000,1438990.0,63.4741183476324
"Congo, Rep.",COG,Sub-Saharan Africa,Lower middle income,2000,221950.0,64.9926793557833
Colombia,COL,Latin America & Caribbean,Upper middle income,2000,627355.0,56.5439387111311
Comoros,COM,Sub-Saharan Africa,Lower middle income,2000,416.8,22.3965609887157
Cabo Verde,CPV,Sub-Saharan Africa,Upper middle income,2000,397.2,9.8560794044665
Costa Rica,CRI,Latin America & Caribbean,High income,2000,28572.2,55.9580885233059
Cuba,CUB,Latin America & Caribbean,Upper middle income,2000,24350.0,22.6722532588454
Cayman Islands,CYM,Latin America & Caribbean,High income,2000,129.3,53.875
Cyprus,CYP,Europe & Central Asia,High income,2000,1716.1,18.5725108225108
Czechia,CZE,Europe & Central Asia,High income,2000,26372.9,34.1308399119969
Germany,DEU,Europe & Central Asia,High income,2000,113540.0,32.5376128385155
Djibouti,DJI,Middle East & North Africa,Lower middle income,2000,56.0,0.241587575496117
Dominica,DMA,Latin America & Caribbean,Upper middle income,2000,478.7,63.8266666666667
Denmark,DNK,Europe & Central Asia,High income,2000,5716.0,14.29
Dominican Republic,DOM,Latin America & Caribbean,Upper middle income,2000,19724.7,40.8294348996067
Algeria,DZA,Middle East & North Africa,Upper middle income,2000,15790.0,0.662960692602887
Ecuador,ECU,Latin America & Caribbean,Upper middle income,2000,137305.0,55.2846674182638
"Egypt, Arab Rep.",EGY,Middle East & North Africa,Lower middle income,2000,592.1,0.0594806368978854
Eritrea,ERI,Sub-Saharan Africa,Low income,2000,11184.6,11.0738613861386
Spain,ESP,Europe & Central Asia,High income,2000,170939.3,34.256372745491
Estonia,EST,Europe & Central Asia,High income,2000,22388.9,52.8164661476763
Ethiopia,ETH,Sub-Saharan Africa,Low income,2000,185285.0,18.5285
Finland,FIN,Europe & Central Asia,High income,2000,224456.4,73.6913227617453
Fiji,FJI,East Asia & Pacific,Upper middle income,2000,10064.7,55.0886699507389
France,FRA,Europe & Central Asia,High income,2000,152880.0,28.3662677428333
Faroe Islands,FRO,Europe & Central Asia,High income,2000,0.8,0.0573065902578797
"Micronesia, Fed. Sts.",FSM,East Asia & Pacific,Upper middle income,2000,638.6,91.2285714285714
Gabon,GAB,Sub-Saharan Africa,Upper middle income,2000,237000.0,91.9781115380137
United Kingdom,GBR,Europe & Central Asia,High income,2000,29540.0,12.2101434299177
Georgia,GEO,Europe & Central Asia,Upper middle income,2000,27606.0,39.7265793639373
Ghana,GHA,Sub-Saharan Africa,Lower middle income,2000,88486.1,38.8881515337963
Gibraltar,GIB,Europe & Central Asia,High income,2000,0.0,0.0
Guinea,GIN,Sub-Saharan Africa,Lower middle income,2000,69290.0,28.1987628194693
"Gambia, The",GMB,Sub-Saharan Africa,Low income,2000,3573.3,35.3092885375494
Guinea-Bissau,GNB,Sub-Saharan Africa,Low income,2000,21488.8,76.4182076813656
Equatorial Guinea,GNQ,Sub-Saharan Africa,Upper middle income,2000,26155.8,93.2470588235294
Greece,GRC,Europe & Central Asia,High income,2000,36002.296,27.93040806827
Grenada,GRD,Latin America & Caribbean,Upper middle income,2000,177.0,52.0588235294118
Greenland,GRL,Europe & Central Asia,High income,2000,2.2,0.0005359970763795
Guatemala,GTM,Latin America & Caribbean,Upper middle income,2000,42092.0,39.2795819335573
Guam,GUM,East Asia & Pacific,High income,2000,240.0,44.4444444444444
Guyana,GUY,Latin America & Caribbean,High income,2000,185642.2,94.3064262128524
Honduras,HND,Latin America & Caribbean,Lower middle income,2000,67782.7,60.5797658414514
Croatia,HRV,Europe & Central Asia,High income,2000,18850.0,33.7136929460581
Haiti,HTI,Latin America & Caribbean,Lower middle income,2000,3806.5,13.8116835994194
Hungary,HUN,Europe & Central Asia,High income,2000,19211.7,21.4368444543629
Indonesia,IDN,East Asia & Pacific,Upper middle income,2000,1012800.0,53.943528667353
Isle of Man,IMN,Europe & Central Asia,High income,2000,34.6,6.07017543859649
India,IND,South Asia,Lower middle income,2000,675910.0,22.7334950003195
Ireland,IRL,Europe & Central Asia,High income,2000,6303.6,9.15023951226593
"Iran, Islamic Rep.",IRN,Middle East & North Africa,Upper middle income,2000,93256.6,5.72561948967313
Iraq,IRQ,Middle East & North Africa,Upper middle income,2000,8180.0,1.87027002309258
Iceland,ISL,Europe & Central Asia,High income,2000,298.3,0.297556109725686
Israel,ISR,Middle East & North Africa,High income,2000,1530.0,7.07024029574861
Italy,ITA,Europe & Central Asia,High income,2000,83692.5,28.3014561169763
Jamaica,JAM,Latin America & Caribbean,Upper middle income,2000,5210.0,48.1071098799631
Jordan,JOR,Middle East & North Africa,Upper middle income,2000,975.0,1.10494106980961
Japan,JPN,East Asia & Pacific,High income,2000,248760.0,68.2469135802469
Kazakhstan,KAZ,Europe & Central Asia,Upper middle income,2000,31569.258,1.16936170685632
Kenya,KEN,Sub-Saharan Africa,Lower middle income,2000,39611.9,6.95995712829884
Kyrgyz Republic,KGZ,Europe & Central Asia,Lower middle income,2000,11809.0,6.15693430656934
Cambodia,KHM,East Asia & Pacific,Lower middle income,2000,107810.0,61.0752322682982
Kiribati,KIR,East Asia & Pacific,Lower middle income,2000,11.8,1.45679012345679
St. Kitts and Nevis,KNA,Latin America & Caribbean,High income,2000,110.0,42.3076923076923
"Korea, Rep.",KOR,East Asia & Pacific,High income,2000,64760.0,67.1366369479577
Kuwait,KWT,Middle East & North Africa,High income,2000,48.5,0.272166105499439
Lao PDR,LAO,East Asia & Pacific,Lower middle income,2000,174250.0,75.498266897747
Lebanon,LBN,Middle East & North Africa,Lower middle income,2000,1381.8,13.5073313782991
Liberia,LBR,Sub-Saharan Africa,Low income,2000,82226.4,85.3679401993355
Libya,LBY,Middle East & North Africa,Upper middle income,2000,2170.0,0.123327687918433
St. Lucia,LCA,Latin America & Caribbean,Upper middle income,2000,210.1,34.4426229508197
Liechtenstein,LIE,Europe & Central Asia,High income,2000,67.0,41.875
Sri Lanka,LKA,South Asia,Upper middle income,2000,21664.2,34.546643278584
Lesotho,LSO,Sub-Saharan Africa,Lower middle income,2000,345.2,1.13702239789196
Lithuania,LTU,Europe & Central Asia,High income,2000,20200.0,32.2271857051691
Luxembourg,LUX,Europe & Central Asia,High income,2000,867.0,33.6769652665025
Latvia,LVA,Europe & Central Asia,High income,2000,32410.0,52.0835007311939
Morocco,MAR,Middle East & North Africa,Lower middle income,2000,55065.4,12.3382030024647
Monaco,MCO,Europe & Central Asia,High income,2000,0.0,0.0
Moldova,MDA,Europe & Central Asia,Upper middle income,2000,3444.0,10.4744525547445
Madagascar,MDG,Sub-Saharan Africa,Low income,2000,130306.7,22.4071774942394
Maldives,MDV,South Asia,Upper middle income,2000,8.2,2.73333333333333
Mexico,MEX,Latin America & Caribbean,Upper middle income,2000,683813.5,35.1764963090614
Marshall Islands,MHL,East Asia & Pacific,Upper middle income,2000,94.0,52.2222222222222
North Macedonia,MKD,Europe & Central Asia,Upper middle income,2000,9575.5,37.6543452615022
Mali,MLI,Sub-Saharan Africa,Low income,2000,132960.0,10.896663634352
Malta,MLT,Middle East & North Africa,High income,2000,3.5,1.09375
Myanmar,MMR,East Asia & Pacific,Lower middle income,2000,348681.1,53.3526792545215
Mongolia,MNG,East Asia & Pacific,Upper middle income,2000,142639.0,9.21774776141672
Northern Mariana Islands,MNP,East Asia & Pacific,High income,2000,319.6,69.4782608695652
Mozambique,MOZ,Sub-Saharan Africa,Low income,2000,411880.0,52.3767135481574
Mauritania,MRT,Sub-Saharan Africa,Lower middle income,2000,4216.4,0.409081206946735
Mauritius,MUS,Sub-Saharan Africa,Upper middle income,2000,419.3,20.6551724137931
Malawi,MWI,Sub-Saharan Africa,Low income,2000,30817.0,32.6866779804837
Malaysia,MYS,East Asia & Pacific,Upper middle income,2000,196913.5,59.9341043981129
Namibia,NAM,Sub-Saharan Africa,Lower middle income,2000,80590.84,9.78887633762101
New Caledonia,NCL,East Asia & Pacific,High income,2000,8378.5,45.8342450765864
Niger,NER,Sub-Saharan Africa,Low income,2000,13281.0,1.04847240862083
Nigeria,NGA,Sub-Saharan Africa,Lower middle income,2000,248930.4,27.3318620507922
Nicaragua,NIC,Latin America & Caribbean,Lower middle income,2000,53993.2,44.8672095728768
Netherlands,NLD,Europe & Central Asia,High income,2000,3595.0,10.6486966824645
Norway,NOR,Europe & Central Asia,High income,2000,121130.0,33.1641313751903
Nepal,NPL,South Asia,Lower middle income,2000,57807.6,40.3261946285316
Naoero,NRU,East Asia & Pacific,High income,2000,0.0,0.0
New Zealand,NZL,East Asia & Pacific,High income,2000,98504.4,37.4100489916828
Oman,OMN,Middle East & North Africa,High income,2000,30.0,0.0096930533117932
Pakistan,PAK,Middle East & North Africa,Lower middle income,2000,45112.6,5.85209111664591
Panama,PAN,Latin America & Caribbean,High income,2000,44421.4,59.7543718052193
Peru,PER,Latin America & Caribbean,Upper middle income,2000,752978.3,58.8264296875
Philippines,PHL,East Asia & Pacific,Upper middle income,2000,73092.6,24.5137337760338
Palau,PLW,East Asia & Pacific,High income,2000,395.8,86.0434782608696
Papua New Guinea,PNG,East Asia & Pacific,Lower middle income,2000,362779.663,80.1085684317449
Poland,POL,Europe & Central Asia,High income,2000,90590.0,29.5765451043129
Puerto Rico (US),PRI,Latin America & Caribbean,High income,2000,4291.5,48.3821871476888
"Korea, Dem. People's Rep.",PRK,East Asia & Pacific,Low income,2000,64546.9,53.6059297400548
Portugal,PRT,Europe & Central Asia,High income,2000,32810.0,35.8579234972678
Paraguay,PRY,Latin America & Caribbean,Upper middle income,2000,229916.5,57.8697457840423
West Bank and Gaza,PSE,Middle East & North Africa,Lower middle income,2000,90.8,1.50830564784053
French Polynesia,PYF,East Asia & Pacific,High income,2000,1485.5,42.7974647075771
Qatar,QAT,Middle East & North Africa,High income,2000,0.0,0.0
Romania,ROU,Europe & Central Asia,High income,2000,63660.0,27.7132036045449
Russian Federation,RUS,Europe & Central Asia,High income,2000,8092685.0,49.4018499097143
Rwanda,RWA,Sub-Saharan Africa,Low income,2000,2870.0,11.6335630320227
Saudi Arabia,SAU,Middle East & North Africa,High income,2000,9770.0,0.454484134921779
Senegal,SEN,Sub-Saharan Africa,Lower middle income,2000,88531.6,45.9832753337142
Singapore,SGP,East Asia & Pacific,High income,2000,170.135,25.3932835820895
Solomon Islands,SLB,East Asia & Pacific,Lower middle income,2000,25376.0,90.6609503394069
Sierra Leone,SLE,Sub-Saharan Africa,Low income,2000,29294.3,40.5850651149903
El Salvador,SLV,Latin America & Caribbean,Upper middle income,2000,6738.8,32.523166023166
San Marino,SMR,Europe & Central Asia,High income,2000,10.0,16.6666666666667
"Somalia, Fed. Rep.",SOM,Sub-Saharan Africa,Low income,2000,75150.0,11.9791500621672
Sao Tome and Principe,STP,Sub-Saharan Africa,Lower middle income,2000,583.6,60.7916666666667
Suriname,SUR,Latin America & Caribbean,Upper middle income,2000,153408.7,95.5772128187567
Slovak Republic,SVK,Europe & Central Asia,High income,2000,19014.1,39.5303534303534
Slovenia,SVN,Europe & Central Asia,High income,2000,12330.0,61.2214498510427
Sweden,SWE,Europe & Central Asia,High income,2000,281630.0,69.1388538853443
Eswatini,SWZ,Sub-Saharan Africa,Lower middle income,2000,4732.8,27.5162790697674
Seychelles,SYC,Sub-Saharan Africa,High income,2000,337.0,73.2608695652174
Syrian Arab Republic,SYR,Middle East & North Africa,Low income,2000,4320.8,2.35107193383393
Turks and Caicos Islands,TCA,Latin America & Caribbean,High income,2000,105.2,11.0736842105263
Chad,TCD,Sub-Saharan Africa,Low income,2000,63530.0,5.0452668360864
Togo,TGO,Sub-Saharan Africa,Lower middle income,2000,12684.64,23.3216400073543
Thailand,THA,East Asia & Pacific,Upper middle income,2000,189980.0,37.1860870246041
Tajikistan,TJK,Europe & Central Asia,Lower middle income,2000,4100.0,2.92940840240069
Turkmenistan,TKM,Europe & Central Asia,Upper middle income,2000,41270.0,8.78215904496414
Timor-Leste,TLS,East Asia & Pacific,Lower middle income,2000,9491.0,63.8264963012777
Tonga,TON,East Asia & Pacific,Upper middle income,2000,89.5,12.4305555555556
Trinidad and Tobago,TTO,Latin America & Caribbean,High income,2000,2366.5,46.130604288499
Tunisia,TUN,Middle East & North Africa,Lower middle income,2000,6678.5,4.29872554067971
Turkiye,TUR,Europe & Central Asia,Upper middle income,2000,201483.5,26.1792679599288
Tuvalu,TUV,East Asia & Pacific,Upper middle income,2000,10.0,33.3333333333333
Tanzania,TZA,Sub-Saharan Africa,Lower middle income,2000,536700.1,60.5893090991194
Uganda,UGA,Sub-Saharan Africa,Low income,2000,31629.5,15.8297882988839
Ukraine,UKR,Europe & Central Asia,Upper middle income,2000,95100.0,16.4149477863122
Uruguay,URY,Latin America & Caribbean,High income,2000,13690.0,7.82196320420523
United States,USA,North America,High income,2000,3035360.0,33.1301735880689
Uzbekistan,UZB,Europe & Central Asia,Lower middle income,2000,29614.61,6.7928870436847
St. Vincent and the Grenadines,VCT,Latin America & Caribbean,Upper middle income,2000,285.4,73.1794871794872
"Venezuela, RB",VEN,Latin America & Caribbean,Lower middle income,2000,491510.0,55.7235984354628
British Virgin Islands,VGB,Latin America & Caribbean,High income,2000,36.7,24.4666666666667
Virgin Islands (U.S.),VIR,Latin America & Caribbean,High income,2000,204.7,58.4857142857143
Viet Nam,VNM,East Asia & Pacific,Upper middle income,2000,117841.0,37.8836880344628
Vanuatu,VUT,East Asia & Pacific,Lower middle income,2000,4423.0,36.2838392124692
Samoa,WSM,East Asia & Pacific,Upper middle income,2000,1713.1,60.5335689045936
"Yemen, Rep.",YEM,Middle East & North Africa,Low income,2000,5490.0,1.03983180862549
South Africa,ZAF,Sub-Saharan Africa,Upper middle income,2000,177780.9,14.6552110725503
Zambia,ZMB,Sub-Saharan Africa,Lower middle income,2000,470540.0,63.2965199962335
Zimbabwe,ZWE,Sub-Saharan Africa,Lower middle income,2000,183659.8,47.4757141010728
Aruba,ABW,Latin America & Caribbean,High income,2001,4.2,2.33333333333333
Afghanistan,AFG,Middle East & North Africa,Low income,2001,12084.4,1.85278199408184
Angola,AGO,Sub-Saharan Africa,Lower middle income,2001,771535.49,61.8862188176787
Albania,ALB,Europe & Central Asia,Upper middle income,2001,7705.77,28.1232481751825
Andorra,AND,Europe & Central Asia,High income,2001,160.0,34.0425531914894
United Arab Emirates,ARE,Middle East & North Africa,High income,2001,3102.17,4.36802309208674
Argentina,ARG,Latin America & Caribbean,Upper middle income,2001,330616.0,12.0808714176615
Armenia,ARM,Europe & Central Asia,Upper middle income,2001,3324.32,11.6765718299965
American Samoa,ASM,East Asia & Pacific,High income,2001,177.0,88.5
Antigua and Barbuda,ATG,Latin America & Caribbean,High income,2001,93.83,21.325
Australia,AUS,East Asia & Pacific,High income,2001,1315873.0,17.1286333519909
Austria,AUT,Europe & Central Asia,High income,2001,38406.46,46.5420019389239
Azerbaijan,AZE,Europe & Central Asia,Upper middle income,2001,9917.475,12.0060469226672
Burundi,BDI,Sub-Saharan Africa,Low income,2001,1939.4,7.55218068535826
Belgium,BEL,Europe & Central Asia,High income,2001,6695.57,22.0735502587941
Benin,BEN,Sub-Saharan Africa,Lower middle income,2001,40851.5,36.2287158566868
Burkina Faso,BFA,Sub-Saharan Africa,Low income,2001,71665.0,26.1933479532164
Bangladesh,BGD,South Asia,Lower middle income,2001,19171.295,14.7278904509488
Bulgaria,BGR,Europe & Central Asia,High income,2001,34112.0,30.834312573443
Bahrain,BHR,Middle East & North Africa,High income,2001,3.85,0.542253521126761
"Bahamas, The",BHS,Latin America & Caribbean,High income,2001,5098.6,50.9350649350649
Bosnia and Herzegovina,BIH,Europe & Central Asia,Upper middle income,2001,21107.51,41.22560546875
Belarus,BLR,Europe & Central Asia,Upper middle income,2001,83087.0,40.9610340951667
Belize,BLZ,Latin America & Caribbean,Upper middle income,2001,14525.09,63.6786058746164
Bermuda,BMU,North America,High income,2001,10.0,18.5185185185185
Bolivia,BOL,Latin America & Caribbean,Lower middle income,2001,548998.52,50.6783457952552
Brazil,BRA,Latin America & Caribbean,Upper middle income,2001,5471378.1,65.4616708980706
Barbados,BRB,Latin America & Caribbean,High income,2001,63.0,14.6511627906977
Brunei Darussalam,BRN,East Asia & Pacific,High income,2001,3953.0,75.0094876660342
Bhutan,BTN,South Asia,Lower middle income,2001,26159.29,65.7268592964824
Botswana,BWA,Sub-Saharan Africa,Upper middle income,2001,175024.0,30.8831365906163
Central African Republic,CAF,Sub-Saharan Africa,Low income,2001,228730.0,36.715464380879
Canada,CAN,North America,High income,2001,3477539.94,38.7876307080739
Switzerland,CHE,Europe & Central Asia,High income,2001,12000.34,30.3634195933644
Channel Islands,CHI,Europe & Central Asia,High income,2001,8.49,4.28787878787879
Chile,CHL,Latin America & Caribbean,High income,2001,159078.8,21.3950172958259
China,CHN,East Asia & Pacific,Upper middle income,2001,1793615.33,19.1049681205612
Cote d'Ivoire,CIV,Sub-Saharan Africa,Lower middle income,2001,49815.63,15.6652924528302
Cameroon,CMR,Sub-Saharan Africa,Lower middle income,2001,215277.89,45.541217659876
"Congo, Dem. Rep.",COD,Sub-Saharan Africa,Low income,2001,1432260.0,63.1772567874551
"Congo, Rep.",COG,Sub-Saharan Africa,Lower middle income,2001,221830.0,64.9575402635432
Colombia,COL,Latin America & Caribbean,Upper middle income,2001,625427.29,56.3701928796755
Comoros,COM,Sub-Saharan Africa,Lower middle income,2001,412.42,22.1612036539495
Cabo Verde,CPV,Sub-Saharan Africa,Upper middle income,2001,400.2,9.93052109181141
Costa Rica,CRI,Latin America & Caribbean,High income,2001,28586.18,55.9854680767724
Cuba,CUB,Latin America & Caribbean,Upper middle income,2001,24847.0,23.135009310987
Cayman Islands,CYM,Latin America & Caribbean,High income,2001,129.09,53.7875
Cyprus,CYP,Europe & Central Asia,High income,2001,1717.33,18.5858225108225
Czechia,CZE,Europe & Central Asia,High income,2001,26392.99,34.1568396531642
Germany,DEU,Europe & Central Asia,High income,2001,113595.0,32.5580395528805
Djibouti,DJI,Middle East & North Africa,Lower middle income,2001,56.0,0.241587575496117
Dominica,DMA,Latin America & Caribbean,Upper middle income,2001,478.7,63.8266666666667
Denmark,DNK,Europe & Central Asia,High income,2001,5730.89,14.327225
Dominican Republic,DOM,Latin America & Caribbean,Upper middle income,2001,19825.35,41.0377768577934
Algeria,DZA,Middle East & North Africa,Upper middle income,2001,16129.0,0.677193984230017
Ecuador,ECU,Latin America & Caribbean,Upper middle income,2001,136602.69,55.0018883878241
"Egypt, Arab Rep.",EGY,Middle East & North Africa,Lower middle income,2001,598.53,0.060126575920438
Eritrea,ERI,Sub-Saharan Africa,Low income,2001,11153.0,11.0425742574257
Spain,ESP,Europe & Central Asia,High income,2001,172390.71,34.5805002808313
Estonia,EST,Europe & Central Asia,High income,2001,22486.03,53.0456003774475
Ethiopia,ETH,Sub-Saharan Africa,Low income,2001,184555.0,18.4555
Finland,FIN,Europe & Central Asia,High income,2001,224252.76,73.6244656751699
Fiji,FJI,East Asia & Pacific,Upper middle income,2001,10131.47,55.4541324575807
France,FRA,Europe & Central Asia,High income,2001,154011.0,28.5761202337879
Faroe Islands,FRO,Europe & Central Asia,High income,2001,0.8,0.0573065902578797
"Micronesia, Fed. Sts.",FSM,East Asia & Pacific,Upper middle income,2001,638.87,91.2671428571429
Gabon,GAB,Sub-Saharan Africa,Upper middle income,2001,236949.41,91.9584778980867
United Kingdom,GBR,Europe & Central Asia,High income,2001,29645.0,12.2535444136734
Georgia,GEO,Europe & Central Asia,Upper middle income,2001,27667.8,39.8155130234566
Ghana,GHA,Sub-Saharan Africa,Lower middle income,2001,87580.42,38.490120418388
Gibraltar,GIB,Europe & Central Asia,High income,2001,0.0,0.0
Guinea,GIN,Sub-Saharan Africa,Lower middle income,2001,68930.0,28.0522545987303
"Gambia, The",GMB,Sub-Saharan Africa,Low income,2001,3515.97,34.7427865612648
Guinea-Bissau,GNB,Sub-Saharan Africa,Low income,2001,21404.35,76.1178876244666
Equatorial Guinea,GNQ,Sub-Saharan Africa,Upper middle income,2001,26072.23,92.9491265597148
Greece,GRC,Europe & Central Asia,High income,2001,36303.869,28.1643669511249
Grenada,GRD,Latin America & Caribbean,Upper middle income,2001,177.0,52.0588235294118
Greenland,GRL,Europe & Central Asia,High income,2001,2.2,0.0005359970763795
Guatemala,GTM,Latin America & Caribbean,Upper middle income,2001,41605.4,38.8254945875327
Guam,GUM,East Asia & Pacific,High income,2001,240.0,44.4444444444444
Guyana,GUY,Latin America & Caribbean,High income,2001,185597.79,94.2838658877318
Honduras,HND,Latin America & Caribbean,Lower middle income,2001,67579.9,60.3985164000357
Croatia,HRV,Europe & Central Asia,High income,2001,18885.0,33.7762913149234
Haiti,HTI,Latin America & Caribbean,Lower middle income,2001,3804.23,13.8034470246734
Hungary,HUN,Europe & Central Asia,High income,2001,19336.92,21.5765677304173
Indonesia,IDN,East Asia & Pacific,Upper middle income,2001,1011179.2,53.8572019777163
Isle of Man,IMN,Europe & Central Asia,High income,2001,34.6,6.07017543859649
India,IND,South Asia,Lower middle income,2001,677815.0,22.7975675957473
Ireland,IRL,Europe & Central Asia,High income,2001,6393.62,9.28091159820003
"Iran, Islamic Rep.",IRN,Middle East & North Africa,Upper middle income,2001,94622.92,5.80950661853189
Iraq,IRQ,Middle East & North Africa,Upper middle income,2001,8187.0,1.87187049866246
Iceland,ISL,Europe & Central Asia,High income,2001,313.14,0.312359102244389
Israel,ISR,Middle East & North Africa,High income,2001,1531.0,7.07486136783734
Italy,ITA,Europe & Central Asia,High income,2001,84351.29,28.5242325458714
Jamaica,JAM,Latin America & Caribbean,Upper middle income,2001,5247.45,48.4529085872576
Jordan,JOR,Middle East & North Africa,Upper middle income,2001,975.0,1.10494106980961
Japan,JPN,East Asia & Pacific,High income,2001,248850.0,68.2716049382716
Kazakhstan,KAZ,Europe & Central Asia,Upper middle income,2001,31494.512,1.16659302885506
Kenya,KEN,Sub-Saharan Africa,Lower middle income,2001,39267.05,6.89936570966722
Kyrgyz Republic,KGZ,Europe & Central Asia,Lower middle income,2001,11857.78,6.18236704900939
Cambodia,KHM,East Asia & Pacific,Lower middle income,2001,107618.23,60.9665930206209
Kiribati,KIR,East Asia & Pacific,Lower middle income,2001,11.8,1.45679012345679
St. Kitts and Nevis,KNA,Latin America & Caribbean,High income,2001,110.0,42.3076923076923
"Korea, Rep.",KOR,East Asia & Pacific,High income,2001,64671.0,66.8503204465578
Kuwait,KWT,Middle East & North Africa,High income,2001,49.9,0.280022446689113
Lao PDR,LAO,East Asia & Pacific,Lower middle income,2001,173765.5,75.2883448873484
Lebanon,LBN,Middle East & North Africa,Lower middle income,2001,1380.97,13.4992179863148
Liberia,LBR,Sub-Saharan Africa,Low income,2001,81923.8,85.0537790697674
Libya,LBY,Middle East & North Africa,Upper middle income,2001,2170.0,0.123327687918433
St. Lucia,LCA,Latin America & Caribbean,Upper middle income,2001,209.86,34.4032786885246
Liechtenstein,LIE,Europe & Central Asia,High income,2001,66.999,41.874375
Sri Lanka,LKA,South Asia,Upper middle income,2001,21601.4,34.4464997608037
Lesotho,LSO,Sub-Saharan Africa,Lower middle income,2001,345.2,1.13702239789196
Lithuania,LTU,Europe & Central Asia,High income,2001,20350.0,32.4664964901085
Luxembourg,LUX,Europe & Central Asia,High income,2001,869.0,33.7546514608889
Latvia,LVA,Europe & Central Asia,High income,2001,32541.12,52.2942131229209
Morocco,MAR,Middle East & North Africa,Lower middle income,2001,55233.43,12.3758525655389
Monaco,MCO,Europe & Central Asia,High income,2001,0.0,0.0
Moldova,MDA,Europe & Central Asia,Upper middle income,2001,3474.1,10.56599756691
Madagascar,MDG,Sub-Saharan Africa,Low income,2001,129838.01,22.3265828661829
Maldives,MDV,South Asia,Upper middle income,2001,8.2,2.73333333333333
Mexico,MEX,Latin America & Caribbean,Upper middle income,2001,682375.46,35.1025211553795
Marshall Islands,MHL,East Asia & Pacific,Upper middle income,2001,94.0,52.2222222222222
North Macedonia,MKD,Europe & Central Asia,Upper middle income,2001,9578.38,37.6656704679512
Mali,MLI,Sub-Saharan Africa,Low income,2001,132960.0,10.896663634352
Malta,MLT,Middle East & North Africa,High income,2001,3.5,1.09375
Myanmar,MMR,East Asia & Pacific,Lower middle income,2001,345253.99,52.8282874804909
Mongolia,MNG,East Asia & Pacific,Upper middle income,2001,142559.0,9.21257792833521
Northern Mariana Islands,MNP,East Asia & Pacific,High income,2001,317.96,69.1217391304348
Mozambique,MOZ,Sub-Saharan Africa,Low income,2001,409664.14,52.0949337470434
Mauritania,MRT,Sub-Saharan Africa,Lower middle income,2001,4162.0,0.403803240516154
Mauritius,MUS,Sub-Saharan Africa,Upper middle income,2001,415.76,20.4807881773399
Malawi,MWI,Sub-Saharan Africa,Low income,2001,30397.0,32.2411964361476
Malaysia,MYS,East Asia & Pacific,Upper middle income,2001,196169.8,59.7077461573581
Namibia,NAM,Sub-Saharan Africa,Lower middle income,2001,79880.746,9.70262556328876
New Caledonia,NCL,East Asia & Pacific,High income,2001,8379.67,45.8406455142232
Niger,NER,Sub-Saharan Africa,Low income,2001,13156.8,1.03866740348938
Nigeria,NGA,Sub-Saharan Africa,Lower middle income,2001,247297.34,27.1525566279083
Nicaragua,NIC,Latin America & Caribbean,Lower middle income,2001,52782.03,43.8607528668772
Netherlands,NLD,Europe & Central Asia,High income,2001,3608.98,10.6901066350711
Norway,NOR,Europe & Central Asia,High income,2001,121119.0,33.1611196898512
Nepal,NPL,South Asia,Lower middle income,2001,57988.87,40.4526473665853
Naoero,NRU,East Asia & Pacific,High income,2001,0.0,0.0
New Zealand,NZL,East Asia & Pacific,High income,2001,98502.08,37.4091679009532
Oman,OMN,Middle East & North Africa,High income,2001,30.0,0.0096930533117932
Pakistan,PAK,Middle East & North Africa,Lower middle income,2001,44695.07,5.79792834163553
Panama,PAN,Latin America & Caribbean,High income,2001,44307.25,59.6008205542104
Peru,PER,Latin America & Caribbean,Upper middle income,2001,751730.27,58.72892734375
Philippines,PHL,East Asia & Pacific,Upper middle income,2001,72623.06,24.3562598517624
Palau,PLW,East Asia & Pacific,High income,2001,396.78,86.2565217391304
Papua New Guinea,PNG,East Asia & Pacific,Lower middle income,2001,362680.582,80.0866894846089
Poland,POL,Europe & Central Asia,High income,2001,90860.0,29.6646968559209
Puerto Rico (US),PRI,Latin America & Caribbean,High income,2001,4353.8,49.0845546786922
"Korea, Dem. People's Rep.",PRK,East Asia & Pacific,Low income,2001,64334.6,53.4296154804418
Portugal,PRT,Europe & Central Asia,High income,2001,32781.0,35.8262295081967
Paraguay,PRY,Latin America & Caribbean,Upper middle income,2001,226495.06,57.0085728668512
West Bank and Gaza,PSE,Middle East & North Africa,Lower middle income,2001,91.67,1.52275747508306
French Polynesia,PYF,East Asia & Pacific,High income,2001,1486.41,42.8236819360415
Qatar,QAT,Middle East & North Africa,High income,2001,0.0,0.0
Romania,ROU,Europe & Central Asia,High income,2001,63809.0,27.7780679987811
Russian Federation,RUS,Europe & Central Asia,High income,2001,8098552.1,49.4403819433422
Rwanda,RWA,Sub-Saharan Africa,Low income,2001,2848.0,11.5443858937981
Saudi Arabia,SAU,Middle East & North Africa,High income,2001,9770.0,0.454484134921779
Senegal,SEN,Sub-Saharan Africa,Lower middle income,2001,88146.6,45.7833064976887
Singapore,SGP,East Asia & Pacific,High income,2001,170.861,25.5016417910448
Solomon Islands,SLB,East Asia & Pacific,Lower middle income,2001,25368.68,90.6347981421936
Sierra Leone,SLE,Sub-Saharan Africa,Low income,2001,29097.03,40.3117622610141
El Salvador,SLV,Latin America & Caribbean,Upper middle income,2001,6693.8,32.3059845559846
San Marino,SMR,Europe & Central Asia,High income,2001,10.0,16.6666666666667
"Somalia, Fed. Rep.",SOM,Sub-Saharan Africa,Low income,2001,74382.5,11.8568081104345
Sao Tome and Principe,STP,Sub-Saharan Africa,Lower middle income,2001,583.34,60.7645833333333
Suriname,SUR,Latin America & Caribbean,Upper middle income,2001,153367.69,95.5516626283327
Slovak Republic,SVK,Europe & Central Asia,High income,2001,19030.6,39.564656964657
Slovenia,SVN,Europe & Central Asia,High income,2001,12344.0,61.2909632571996
Sweden,SWE,Europe & Central Asia,High income,2001,281540.0,69.1167593043349
Eswatini,SWZ,Sub-Saharan Africa,Lower middle income,2001,4744.95,27.5869186046512
Seychelles,SYC,Sub-Saharan Africa,High income,2001,337.0,73.2608695652174
Syrian Arab Republic,SYR,Middle East & North Africa,Low income,2001,4380.8,2.38371966481663
Turks and Caicos Islands,TCA,Latin America & Caribbean,High income,2001,105.2,11.0736842105263
Chad,TCD,Sub-Saharan Africa,Low income,2001,62707.0,4.97990787801779
Togo,TGO,Sub-Saharan Africa,Lower middle income,2001,12655.046,23.2672292700864
Thailand,THA,East Asia & Pacific,Upper middle income,2001,191055.0,37.3965041398344
Tajikistan,TJK,Europe & Central Asia,Lower middle income,2001,4100.0,2.92940840240069
Turkmenistan,TKM,Europe & Central Asia,Upper middle income,2001,41270.0,8.78215904496414
Timor-Leste,TLS,East Asia & Pacific,Lower middle income,2001,9477.0,63.7323470073975
Tonga,TON,East Asia & Pacific,Upper middle income,2001,89.5,12.4305555555556
Trinidad and Tobago,TTO,Latin America & Caribbean,High income,2001,2362.26,46.0479532163743
Tunisia,TUN,Middle East & North Africa,Lower middle income,2001,6698.08,4.31132852729145
Turkiye,TUR,Europe & Central Asia,Upper middle income,2001,202418.23,26.3007198264101
Tuvalu,TUV,East Asia & Pacific,Upper middle income,2001,10.0,33.3333333333333
Tanzania,TZA,Sub-Saharan Africa,Lower middle income,2001,532980.1,60.1693497403477
Uganda,UGA,Sub-Saharan Africa,Low income,2001,31216.97,15.6233271608028
Ukraine,UKR,Europe & Central Asia,Upper middle income,2001,95138.0,16.4215068611375
Uruguay,URY,Latin America & Caribbean,High income,2001,14052.3,8.02896811792938
United States,USA,North America,High income,2001,3040544.0,33.1867556145437
Uzbekistan,UZB,Europe & Central Asia,Lower middle income,2001,30002.749,6.88276941852809
St. Vincent and the Grenadines,VCT,Latin America & Caribbean,Upper middle income,2001,285.4,73.1794871794872
"Venezuela, RB",VEN,Latin America & Caribbean,Lower middle income,2001,489864.0,55.53698769911
British Virgin Islands,VGB,Latin America & Caribbean,High income,2001,36.67,24.4466666666667
Virgin Islands (U.S.),VIR,Latin America & Caribbean,High income,2001,202.66,57.9028571428571
Viet Nam,VNM,East Asia & Pacific,Upper middle income,2001,119444.96,38.3956282747758
Vanuatu,VUT,East Asia & Pacific,Lower middle income,2001,4423.0,36.2838392124692
Samoa,WSM,East Asia & Pacific,Upper middle income,2001,1708.28,60.3632508833922
"Yemen, Rep.",YEM,Middle East & North Africa,Low income,2001,5490.0,1.03983180862549
South Africa,ZAF,Sub-Saharan Africa,Upper middle income,2001,177416.9,14.6252050548599
Zambia,ZMB,Sub-Saharan Africa,Lower middle income,2001,470182.0,63.2483622324756
Zimbabwe,ZWE,Sub-Saharan Africa,Lower middle income,2001,183199.1,47.3566240144759
Aruba,ABW,Latin America & Caribbean,High income,2002,4.2,2.33333333333333
Afghanistan,AFG,Middle East & North Africa,Low income,2002,12084.4,1.85278199408184
Angola,AGO,Sub-Saharan Africa,Lower middle income,2002,765984.88,61.4409946258121
Albania,ALB,Europe & Central Asia,Upper middle income,2002,7718.54,28.1698540145985
Andorra,AND,Europe & Central Asia,High income,2002,160.0,34.0425531914894
United Arab Emirates,ARE,Middle East & North Africa,High income,2002,3110.04,4.37910447761194
Argentina,ARG,Latin America & Caribbean,Upper middle income,2002,327452.0,11.9652572998769
Armenia,ARM,Europe & Central Asia,Upper middle income,2002,3322.24,11.6692658939234
American Samoa,ASM,East Asia & Pacific,High income,2002,176.7,88.35
Antigua and Barbuda,ATG,Latin America & Caribbean,High income,2002,93.16,21.1727272727273
Australia,AUS,East Asia & Pacific,High income,2002,1313605.0,17.0991109433373
Austria,AUT,Europe & Central Asia,High income,2002,38431.52,46.5723703344644
Azerbaijan,AZE,Europe & Central Asia,Upper middle income,2002,9962.749,12.0588116391101
Burundi,BDI,Sub-Saharan Africa,Low income,2002,1939.4,7.55218068535826
Belgium,BEL,Europe & Central Asia,High income,2002,6718.14,22.1479576698645
Benin,BEN,Sub-Saharan Africa,Lower middle income,2002,40351.5,35.7852962043278
Burkina Faso,BFA,Sub-Saharan Africa,Low income,2002,71165.0,26.0105994152047
Bangladesh,BGD,South Asia,Lower middle income,2002,19139.309,14.70331796881
Bulgaria,BGR,Europe & Central Asia,High income,2002,34474.0,31.6856617647059
Bahrain,BHR,Middle East & North Africa,High income,2002,4.0,0.563380281690141
"Bahamas, The",BHS,Latin America & Caribbean,High income,2002,5098.6,50.9350649350649
Bosnia and Herzegovina,BIH,Europe & Central Asia,Upper middle income,2002,21098.52,41.208046875
Belarus,BLR,Europe & Central Asia,Upper middle income,2002,83444.0,41.1400736581061
Belize,BLZ,Latin America & Caribbean,Upper middle income,2002,14457.18,63.3808855765015
Bermuda,BMU,North America,High income,2002,10.0,18.5185185185185
Bolivia,BOL,Latin America & Caribbean,Lower middle income,2002,546983.14,50.4923049939998
Brazil,BRA,Latin America & Caribbean,Upper middle income,2002,5431870.2,64.9889831948257
Barbados,BRB,Latin America & Caribbean,High income,2002,63.0,14.6511627906977
Brunei Darussalam,BRN,East Asia & Pacific,High income,2002,3936.0,74.6869070208729
Bhutan,BTN,South Asia,Lower middle income,2002,26258.58,65.9763316582915
Botswana,BWA,Sub-Saharan Africa,Upper middle income,2002,173841.0,30.6743952146525
Central African Republic,CAF,Sub-Saharan Africa,Low income,2002,228430.0,36.6673087418537
Canada,CAN,North America,High income,2002,3477060.18,38.7822795822695
Switzerland,CHE,Europe & Central Asia,High income,2002,12038.88,30.4618750992981
Channel Islands,CHI,Europe & Central Asia,High income,2002,8.68,4.38383838383838
Chile,CHL,Latin America & Caribbean,High income,2002,159987.0,21.5171640225303
China,CHN,East Asia & Pacific,Upper middle income,2002,1817225.16,19.3564538990231
Cote d'Ivoire,CIV,Sub-Saharan Africa,Lower middle income,2002,48686.76,15.3103018867925
Cameroon,CMR,Sub-Saharan Africa,Lower middle income,2002,214580.88,45.3937678492099
"Congo, Dem. Rep.",COD,Sub-Saharan Africa,Low income,2002,1425530.0,62.8803952272777
"Congo, Rep.",COG,Sub-Saharan Africa,Lower middle income,2002,221710.0,64.9224011713031
Colombia,COL,Latin America & Caribbean,Upper middle income,2002,623499.58,56.1964470482199
Comoros,COM,Sub-Saharan Africa,Lower middle income,2002,408.04,21.9258463191832
Cabo Verde,CPV,Sub-Saharan Africa,Upper middle income,2002,403.2,10.0049627791563
Costa Rica,CRI,Latin America & Caribbean,High income,2002,28600.16,56.0128476302389
Cuba,CUB,Latin America & Caribbean,Upper middle income,2002,25344.0,23.8217877620077
Cayman Islands,CYM,Latin America & Caribbean,High income,2002,128.88,53.7
Cyprus,CYP,Europe & Central Asia,High income,2002,1718.56,18.5991341991342
Czechia,CZE,Europe & Central Asia,High income,2002,26413.08,34.1828393943316
Germany,DEU,Europe & Central Asia,High income,2002,113650.0,32.5775382674999
Djibouti,DJI,Middle East & North Africa,Lower middle income,2002,56.0,0.241587575496117
Dominica,DMA,Latin America & Caribbean,Upper middle income,2002,478.7,63.8266666666667
Denmark,DNK,Europe & Central Asia,High income,2002,5745.78,14.36445
Dominican Republic,DOM,Latin America & Caribbean,Upper middle income,2002,19926.0,41.2461188159801
Algeria,DZA,Middle East & North Africa,Upper middle income,2002,16468.0,0.691427275857146
Ecuador,ECU,Latin America & Caribbean,Upper middle income,2002,135900.38,54.7191093573844
"Egypt, Arab Rep.",EGY,Middle East & North Africa,Lower middle income,2002,604.96,0.0607725149429906
Eritrea,ERI,Sub-Saharan Africa,Low income,2002,11121.4,11.0112871287129
Spain,ESP,Europe & Central Asia,High income,2002,173842.12,34.8353077909586
Estonia,EST,Europe & Central Asia,High income,2002,22583.16,53.2747346072187
Ethiopia,ETH,Sub-Saharan Africa,Low income,2002,183825.0,18.3825
Finland,FIN,Europe & Central Asia,High income,2002,224049.12,73.5576085885945
Fiji,FJI,East Asia & Pacific,Upper middle income,2002,10198.24,55.8195949644225
France,FRA,Europe & Central Asia,High income,2002,155142.0,28.7859727247426
Faroe Islands,FRO,Europe & Central Asia,High income,2002,0.8,0.0573065902578797
"Micronesia, Fed. Sts.",FSM,East Asia & Pacific,Upper middle income,2002,639.14,91.3057142857143
Gabon,GAB,Sub-Saharan Africa,Upper middle income,2002,236898.82,91.9388442581597
United Kingdom,GBR,Europe & Central Asia,High income,2002,29750.0,12.296945397429
Georgia,GEO,Europe & Central Asia,Upper middle income,2002,27729.6,39.904446682976
Ghana,GHA,Sub-Saharan Africa,Lower middle income,2002,86674.74,38.0920893029797
Gibraltar,GIB,Europe & Central Asia,High income,2002,0.0,0.0
Guinea,GIN,Sub-Saharan Africa,Lower middle income,2002,68570.0,27.9057463779912
"Gambia, The",GMB,Sub-Saharan Africa,Low income,2002,3458.64,34.1762845849802
Guinea-Bissau,GNB,Sub-Saharan Africa,Low income,2002,21319.9,75.8175675675676
Equatorial Guinea,GNQ,Sub-Saharan Africa,Upper middle income,2002,25988.66,92.6511942959002
Greece,GRC,Europe & Central Asia,High income,2002,36605.443,28.398326609775
Grenada,GRD,Latin America & Caribbean,Upper middle income,2002,177.0,52.0588235294118
Greenland,GRL,Europe & Central Asia,High income,2002,2.2,0.0005359970763795
Guatemala,GTM,Latin America & Caribbean,Upper middle income,2002,41118.8,38.371407241508
Guam,GUM,East Asia & Pacific,High income,2002,240.0,44.4444444444444
Guyana,GUY,Latin America & Caribbean,High income,2002,185553.38,94.2613055626111
Honduras,HND,Latin America & Caribbean,Lower middle income,2002,67377.1,60.2172669586201
Croatia,HRV,Europe & Central Asia,High income,2002,18920.0,33.8388896837888
Haiti,HTI,Latin America & Caribbean,Lower middle income,2002,3801.96,13.7952104499274
Hungary,HUN,Europe & Central Asia,High income,2002,19462.14,21.7162910064718
Indonesia,IDN,East Asia & Pacific,Upper middle income,2002,1009558.4,53.7708752880796
Isle of Man,IMN,Europe & Central Asia,High income,2002,34.6,6.07017543859649
India,IND,South Asia,Lower middle income,2002,679720.0,22.8616401911751
Ireland,IRL,Europe & Central Asia,High income,2002,6483.64,9.41158368413413
"Iran, Islamic Rep.",IRN,Middle East & North Africa,Upper middle income,2002,95989.24,5.89339374739065
Iraq,IRQ,Middle East & North Africa,Upper middle income,2002,8194.0,1.87347097423234
Iceland,ISL,Europe & Central Asia,High income,2002,327.98,0.327162094763092
Israel,ISR,Middle East & North Africa,High income,2002,1532.0,7.07948243992606
Italy,ITA,Europe & Central Asia,High income,2002,85010.08,28.7470089747665
Jamaica,JAM,Latin America & Caribbean,Upper middle income,2002,5284.9,48.7987072945522
Jordan,JOR,Middle East & North Africa,Upper middle income,2002,975.0,1.10494106980961
Japan,JPN,East Asia & Pacific,High income,2002,248940.0,68.2962962962963
Kazakhstan,KAZ,Europe & Central Asia,Upper middle income,2002,31419.765,1.16382431381265
Kenya,KEN,Sub-Saharan Africa,Lower middle income,2002,38922.2,6.8387742910356
Kyrgyz Republic,KGZ,Europe & Central Asia,Lower middle income,2002,11906.56,6.20779979144943
Cambodia,KHM,East Asia & Pacific,Lower middle income,2002,107426.46,60.8579537729436
Kiribati,KIR,East Asia & Pacific,Lower middle income,2002,11.8,1.45679012345679
St. Kitts and Nevis,KNA,Latin America & Caribbean,High income,2002,110.0,42.3076923076923
"Korea, Rep.",KOR,East Asia & Pacific,High income,2002,64582.0,66.7238351069325
Kuwait,KWT,Middle East & North Africa,High income,2002,51.3,0.287878787878788
Lao PDR,LAO,East Asia & Pacific,Lower middle income,2002,173281.0,75.0784228769497
Lebanon,LBN,Middle East & North Africa,Lower middle income,2002,1380.14,13.4911045943304
Liberia,LBR,Sub-Saharan Africa,Low income,2002,81621.2,84.7396179401993
Libya,LBY,Middle East & North Africa,Upper middle income,2002,2170.0,0.123327687918433
St. Lucia,LCA,Latin America & Caribbean,Upper middle income,2002,209.62,34.3639344262295
Liechtenstein,LIE,Europe & Central Asia,High income,2002,66.998,41.87375
Sri Lanka,LKA,South Asia,Upper middle income,2002,21538.6,34.3463562430234
Lesotho,LSO,Sub-Saharan Africa,Lower middle income,2002,345.2,1.13702239789196
Lithuania,LTU,Europe & Central Asia,High income,2002,20500.0,32.7058072750479
Luxembourg,LUX,Europe & Central Asia,High income,2002,871.0,33.8323376552753
Latvia,LVA,Europe & Central Asia,High income,2002,32672.24,52.504925514648
Morocco,MAR,Middle East & North Africa,Lower middle income,2002,55401.46,12.413502128613
Monaco,MCO,Europe & Central Asia,High income,2002,0.0,0.0
Moldova,MDA,Europe & Central Asia,Upper middle income,2002,3504.2,10.6575425790754
Madagascar,MDG,Sub-Saharan Africa,Low income,2002,129369.32,22.2459882381264
Maldives,MDV,South Asia,Upper middle income,2002,8.2,2.73333333333333
Mexico,MEX,Latin America & Caribbean,Upper middle income,2002,680937.42,35.0285460016976
Marshall Islands,MHL,East Asia & Pacific,Upper middle income,2002,94.0,52.2222222222222
North Macedonia,MKD,Europe & Central Asia,Upper middle income,2002,9581.26,37.6769956744003
Mali,MLI,Sub-Saharan Africa,Low income,2002,132960.0,10.896663634352
Malta,MLT,Middle East & North Africa,High income,2002,3.5,1.09375
Myanmar,MMR,East Asia & Pacific,Lower middle income,2002,341826.88,52.3038957064602
Mongolia,MNG,East Asia & Pacific,Upper middle income,2002,142479.0,9.20740675053234
Northern Mariana Islands,MNP,East Asia & Pacific,High income,2002,316.32,68.7652173913043
Mozambique,MOZ,Sub-Saharan Africa,Low income,2002,407448.28,51.8131539459295
Mauritania,MRT,Sub-Saharan Africa,Lower middle income,2002,4107.6,0.398525274085573
Mauritius,MUS,Sub-Saharan Africa,Upper middle income,2002,412.22,20.3064039408867
Malawi,MWI,Sub-Saharan Africa,Low income,2002,29977.0,31.7957148918116
Malaysia,MYS,East Asia & Pacific,Upper middle income,2002,195426.1,59.4813879166033
Namibia,NAM,Sub-Saharan Africa,Lower middle income,2002,79170.652,9.6163747889565
New Caledonia,NCL,East Asia & Pacific,High income,2002,8380.84,45.84704595186
Niger,NER,Sub-Saharan Africa,Low income,2002,13032.6,1.02886239835794
Nigeria,NGA,Sub-Saharan Africa,Lower middle income,2002,245664.28,26.9732512050243
Nicaragua,NIC,Latin America & Caribbean,Lower middle income,2002,51570.86,42.8542961608775
Netherlands,NLD,Europe & Central Asia,High income,2002,3622.96,10.7315165876777
Norway,NOR,Europe & Central Asia,High income,2002,121108.0,33.1581080045121
Nepal,NPL,South Asia,Lower middle income,2002,58170.14,40.579100104639
Naoero,NRU,East Asia & Pacific,High income,2002,0.0,0.0
New Zealand,NZL,East Asia & Pacific,High income,2002,98499.76,37.4082868102237
Oman,OMN,Middle East & North Africa,High income,2002,30.0,0.0096930533117932
Pakistan,PAK,Middle East & North Africa,Lower middle income,2002,44277.54,5.74376556662516
Panama,PAN,Latin America & Caribbean,High income,2002,44193.1,59.4472693032015
Peru,PER,Latin America & Caribbean,Upper middle income,2002,750482.24,58.631425
Philippines,PHL,East Asia & Pacific,Upper middle income,2002,72153.52,24.198785927491
Palau,PLW,East Asia & Pacific,High income,2002,397.76,86.4695652173913
Papua New Guinea,PNG,East Asia & Pacific,Lower middle income,2002,362581.501,80.064810537473
Poland,POL,Europe & Central Asia,High income,2002,91130.0,29.7528486075288
Puerto Rico (US),PRI,Latin America & Caribbean,High income,2002,4416.1,49.7869222096956
"Korea, Dem. People's Rep.",PRK,East Asia & Pacific,Low income,2002,64122.3,53.2533012208288
Portugal,PRT,Europe & Central Asia,High income,2002,32752.0,35.7945355191257
Paraguay,PRY,Latin America & Caribbean,Upper middle income,2002,223073.62,56.1473999496602
West Bank and Gaza,PSE,Middle East & North Africa,Lower middle income,2002,92.54,1.53720930232558
French Polynesia,PYF,East Asia & Pacific,High income,2002,1487.32,42.8498991645059
Qatar,QAT,Middle East & North Africa,High income,2002,0.0,0.0
Romania,ROU,Europe & Central Asia,High income,2002,63958.0,27.823552442685
Russian Federation,RUS,Europe & Central Asia,High income,2002,8104419.2,49.4746894866839
Rwanda,RWA,Sub-Saharan Africa,Low income,2002,2826.0,11.4552087555736
Saudi Arabia,SAU,Middle East & North Africa,High income,2002,9770.0,0.454484134921779
Senegal,SEN,Sub-Saharan Africa,Lower middle income,2002,87761.6,45.5833376616631
Singapore,SGP,East Asia & Pacific,High income,2002,171.588,25.4204444444444
Solomon Islands,SLB,East Asia & Pacific,Lower middle income,2002,25361.36,90.6086459449804
Sierra Leone,SLE,Sub-Saharan Africa,Low income,2002,28899.76,40.038459407038
El Salvador,SLV,Latin America & Caribbean,Upper middle income,2002,6648.8,32.0888030888031
San Marino,SMR,Europe & Central Asia,High income,2002,10.0,16.6666666666667
"Somalia, Fed. Rep.",SOM,Sub-Saharan Africa,Low income,2002,73615.0,11.7344661587018
Sao Tome and Principe,STP,Sub-Saharan Africa,Lower middle income,2002,583.08,60.7375
Suriname,SUR,Latin America & Caribbean,Upper middle income,2002,153326.68,95.5261124379087
Slovak Republic,SVK,Europe & Central Asia,High income,2002,19047.1,39.5989604989605
Slovenia,SVN,Europe & Central Asia,High income,2002,12358.0,61.3604766633565
Sweden,SWE,Europe & Central Asia,High income,2002,281450.0,69.0946647233255
Eswatini,SWZ,Sub-Saharan Africa,Lower middle income,2002,4757.1,27.6575581395349
Seychelles,SYC,Sub-Saharan Africa,High income,2002,337.0,73.2608695652174
Syrian Arab Republic,SYR,Middle East & North Africa,Low income,2002,4440.8,2.41636739579933
Turks and Caicos Islands,TCA,Latin America & Caribbean,High income,2002,105.2,11.0736842105263
Chad,TCD,Sub-Saharan Africa,Low income,2002,61884.0,4.91454891994917
Togo,TGO,Sub-Saharan Africa,Lower middle income,2002,12625.452,23.2128185328185
Thailand,THA,East Asia & Pacific,Upper middle income,2002,192130.0,37.6069212550647
Tajikistan,TJK,Europe & Central Asia,Lower middle income,2002,4100.0,2.92940840240069
Turkmenistan,TKM,Europe & Central Asia,Upper middle income,2002,41270.0,8.78215904496414
Timor-Leste,TLS,East Asia & Pacific,Lower middle income,2002,9463.0,63.6381977135172
Tonga,TON,East Asia & Pacific,Upper middle income,2002,89.5,12.4305555555556
Trinidad and Tobago,TTO,Latin America & Caribbean,High income,2002,2358.02,45.9653021442495
Tunisia,TUN,Middle East & North Africa,Lower middle income,2002,6717.66,4.32393151390319
Turkiye,TUR,Europe & Central Asia,Upper middle income,2002,203352.96,26.4221716928914
Tuvalu,TUV,East Asia & Pacific,Upper middle income,2002,10.0,33.3333333333333
Tanzania,TZA,Sub-Saharan Africa,Lower middle income,2002,529260.1,59.749390381576
Uganda,UGA,Sub-Saharan Africa,Low income,2002,30804.44,15.4168660227216
Ukraine,UKR,Europe & Central Asia,Upper middle income,2002,95176.0,16.4283495011565
Uruguay,URY,Latin America & Caribbean,High income,2002,14414.6,8.23597303165353
United States,USA,North America,High income,2002,3045728.0,33.2433376410185
Uzbekistan,UZB,Europe & Central Asia,Lower middle income,2002,30390.888,6.97181030072653
St. Vincent and the Grenadines,VCT,Latin America & Caribbean,Upper middle income,2002,285.4,73.1794871794872
"Venezuela, RB",VEN,Latin America & Caribbean,Lower middle income,2002,488218.0,55.3503769627572
British Virgin Islands,VGB,Latin America & Caribbean,High income,2002,36.64,24.4266666666667
Virgin Islands (U.S.),VIR,Latin America & Caribbean,High income,2002,200.62,57.32
Viet Nam,VNM,East Asia & Pacific,Upper middle income,2002,121048.92,38.9788826275962
Vanuatu,VUT,East Asia & Pacific,Lower middle income,2002,4423.0,36.2838392124692
Samoa,WSM,East Asia & Pacific,Upper middle income,2002,1703.46,60.1929328621908
"Yemen, Rep.",YEM,Middle East & North Africa,Low income,2002,5490.0,1.03983180862549
South Africa,ZAF,Sub-Saharan Africa,Upper middle income,2002,177052.9,14.5951990371695
Zambia,ZMB,Sub-Saharan Africa,Lower middle income,2002,469824.0,63.2002044687176
Zimbabwe,ZWE,Sub-Saharan Africa,Lower middle income,2002,182738.4,47.237533927879
Aruba,ABW,Latin America & Caribbean,High income,2003,4.2,2.33333333333333
Afghanistan,AFG,Middle East & North Africa,Low income,2003,12084.4,1.85278199408184
Angola,AGO,Sub-Saharan Africa,Lower middle income,2003,760434.27,60.9957704339456
Albania,ALB,Europe & Central Asia,Upper middle income,2003,7731.31,28.2164598540146
Andorra,AND,Europe & Central Asia,High income,2003,160.0,34.0425531914894
United Arab Emirates,ARE,Middle East & North Africa,High income,2003,3117.91,4.39018586313714
Argentina,ARG,Latin America & Caribbean,Upper middle income,2003,324288.0,11.8496431820922
Armenia,ARM,Europe & Central Asia,Upper middle income,2003,3320.16,11.6619599578504
American Samoa,ASM,East Asia & Pacific,High income,2003,176.4,88.2
Antigua and Barbuda,ATG,Latin America & Caribbean,High income,2003,92.49,21.0204545454545
Australia,AUS,East Asia & Pacific,High income,2003,1311337.0,17.0695885346836
Austria,AUT,Europe & Central Asia,High income,2003,38456.58,46.6027387300049
Azerbaijan,AZE,Europe & Central Asia,Upper middle income,2003,10008.024,12.1086289502976
Burundi,BDI,Sub-Saharan Africa,Low income,2003,1939.4,7.55218068535826
Belgium,BEL,Europe & Central Asia,High income,2003,6740.71,22.222365080935
Benin,BEN,Sub-Saharan Africa,Lower middle income,2003,39851.5,35.3418765519688
Burkina Faso,BFA,Sub-Saharan Africa,Low income,2003,70665.0,25.827850877193
Bangladesh,BGD,South Asia,Lower middle income,2003,19107.323,14.6787454866713
Bulgaria,BGR,Europe & Central Asia,High income,2003,34836.0,32.0272133860439
Bahrain,BHR,Middle East & North Africa,High income,2003,4.15,0.576388888888889
"Bahamas, The",BHS,Latin America & Caribbean,High income,2003,5098.6,50.9350649350649
Bosnia and Herzegovina,BIH,Europe & Central Asia,Upper middle income,2003,21089.53,41.19048828125
Belarus,BLR,Europe & Central Asia,Upper middle income,2003,83801.0,41.3166950982616
Belize,BLZ,Latin America & Caribbean,Upper middle income,2003,14389.27,63.0831652783867
Bermuda,BMU,North America,High income,2003,10.0,18.5185185185185
Bolivia,BOL,Latin America & Caribbean,Lower middle income,2003,544967.76,50.3062641927444
Brazil,BRA,Latin America & Caribbean,Upper middle income,2003,5392362.3,64.5162954915806
Barbados,BRB,Latin America & Caribbean,High income,2003,63.0,14.6511627906977
Brunei Darussalam,BRN,East Asia & Pacific,High income,2003,3919.0,74.3643263757116
Bhutan,BTN,South Asia,Lower middle income,2003,26357.87,66.2258040201005
Botswana,BWA,Sub-Saharan Africa,Upper middle income,2003,172658.0,30.4656538386886
Central African Republic,CAF,Sub-Saharan Africa,Low income,2003,228130.0,36.6191531028283
Canada,CAN,North America,High income,2003,3476580.42,38.7769284564652
Switzerland,CHE,Europe & Central Asia,High income,2003,12077.42,30.5603374622472
Channel Islands,CHI,Europe & Central Asia,High income,2003,8.87,4.47979797979798
Chile,CHL,Latin America & Caribbean,High income,2003,160895.2,21.6393107492347
China,CHN,East Asia & Pacific,Upper middle income,2003,1840834.99,19.6079386867747
Cote d'Ivoire,CIV,Sub-Saharan Africa,Lower middle income,2003,47557.89,14.9553113207547
Cameroon,CMR,Sub-Saharan Africa,Lower middle income,2003,213883.87,45.2463180385437
"Congo, Dem. Rep.",COD,Sub-Saharan Africa,Low income,2003,1418800.0,62.5835336671004
"Congo, Rep.",COG,Sub-Saharan Africa,Lower middle income,2003,221590.0,64.887262079063
Colombia,COL,Latin America & Caribbean,Upper middle income,2003,621571.87,56.0227012167643
Comoros,COM,Sub-Saharan Africa,Lower middle income,2003,403.66,21.690488984417
Cabo Verde,CPV,Sub-Saharan Africa,Upper middle income,2003,406.2,10.0794044665012
Costa Rica,CRI,Latin America & Caribbean,High income,2003,28614.14,56.0402271837054
Cuba,CUB,Latin America & Caribbean,Upper middle income,2003,25841.0,24.2866541353383
Cayman Islands,CYM,Latin America & Caribbean,High income,2003,128.67,53.6125
Cyprus,CYP,Europe & Central Asia,High income,2003,1719.79,18.6124458874459
Czechia,CZE,Europe & Central Asia,High income,2003,26433.17,34.2088391354989
Germany,DEU,Europe & Central Asia,High income,2003,113705.0,32.5979759754594
Djibouti,DJI,Middle East & North Africa,Lower middle income,2003,56.0,0.241587575496117
Dominica,DMA,Latin America & Caribbean,Upper middle income,2003,478.7,63.8266666666667
Denmark,DNK,Europe & Central Asia,High income,2003,5760.67,14.401675
Dominican Republic,DOM,Latin America & Caribbean,Upper middle income,2003,20026.65,41.4544607741668
Algeria,DZA,Middle East & North Africa,Upper middle income,2003,16807.0,0.705660567484276
Ecuador,ECU,Latin America & Caribbean,Upper middle income,2003,135198.07,54.4363303269448
"Egypt, Arab Rep.",EGY,Middle East & North Africa,Lower middle income,2003,611.39,0.0614184539655432
Eritrea,ERI,Sub-Saharan Africa,Low income,2003,11089.8,10.98
Spain,ESP,Europe & Central Asia,High income,2003,175293.53,35.114186414535
Estonia,EST,Europe & Central Asia,High income,2003,22680.29,53.5038688369899
Ethiopia,ETH,Sub-Saharan Africa,Low income,2003,183095.0,18.3095
Finland,FIN,Europe & Central Asia,High income,2003,223845.48,73.4907515020191
Fiji,FJI,East Asia & Pacific,Upper middle income,2003,10265.01,56.1850574712644
France,FRA,Europe & Central Asia,High income,2003,156273.0,28.9958252156972
Faroe Islands,FRO,Europe & Central Asia,High income,2003,0.8,0.0573065902578797
"Micronesia, Fed. Sts.",FSM,East Asia & Pacific,Upper middle income,2003,639.41,91.3442857142857
Gabon,GAB,Sub-Saharan Africa,Upper middle income,2003,236848.23,91.9192106182326
United Kingdom,GBR,Europe & Central Asia,High income,2003,29855.0,12.3403463811846
Georgia,GEO,Europe & Central Asia,Upper middle income,2003,27791.4,39.9933803424953
Ghana,GHA,Sub-Saharan Africa,Lower middle income,2003,85769.06,37.6940581875714
Gibraltar,GIB,Europe & Central Asia,High income,2003,0.0,0.0
Guinea,GIN,Sub-Saharan Africa,Lower middle income,2003,68210.0,27.7592381572522
"Gambia, The",GMB,Sub-Saharan Africa,Low income,2003,3401.31,33.6097826086957
Guinea-Bissau,GNB,Sub-Saharan Africa,Low income,2003,21235.45,75.5172475106686
Equatorial Guinea,GNQ,Sub-Saharan Africa,Upper middle income,2003,25905.09,92.3532620320856
Greece,GRC,Europe & Central Asia,High income,2003,36907.016,28.63228549263
Grenada,GRD,Latin America & Caribbean,Upper middle income,2003,177.0,52.0588235294118
Greenland,GRL,Europe & Central Asia,High income,2003,2.2,0.0005359970763795
Guatemala,GTM,Latin America & Caribbean,Upper middle income,2003,40632.2,37.9173198954834
Guam,GUM,East Asia & Pacific,High income,2003,240.0,44.4444444444444
Guyana,GUY,Latin America & Caribbean,High income,2003,185508.97,94.2387452374905
Honduras,HND,Latin America & Caribbean,Lower middle income,2003,67174.3,60.0360175172044
Croatia,HRV,Europe & Central Asia,High income,2003,18955.0,33.8699878493317
Haiti,HTI,Latin America & Caribbean,Lower middle income,2003,3799.69,13.7869738751814
Hungary,HUN,Europe & Central Asia,High income,2003,19587.36,21.8560142825262
Indonesia,IDN,East Asia & Pacific,Upper middle income,2003,1007937.6,53.684548598443
Isle of Man,IMN,Europe & Central Asia,High income,2003,34.6,6.07017543859649
India,IND,South Asia,Lower middle income,2003,681625.0,22.9257127866029
Ireland,IRL,Europe & Central Asia,High income,2003,6573.66,9.54225577006822
"Iran, Islamic Rep.",IRN,Middle East & North Africa,Upper middle income,2003,97355.56,5.97728087624942
Iraq,IRQ,Middle East & North Africa,Upper middle income,2003,8201.0,1.87507144980223
Iceland,ISL,Europe & Central Asia,High income,2003,342.82,0.341965087281795
Israel,ISR,Middle East & North Africa,High income,2003,1533.0,7.08410351201479
Italy,ITA,Europe & Central Asia,High income,2003,85668.87,28.9697854036616
Jamaica,JAM,Latin America & Caribbean,Upper middle income,2003,5322.35,49.1445060018467
Jordan,JOR,Middle East & North Africa,Upper middle income,2003,975.0,1.10494106980961
Japan,JPN,East Asia & Pacific,High income,2003,249030.0,68.320987654321
Kazakhstan,KAZ,Europe & Central Asia,Upper middle income,2003,31345.019,1.16105563581139
Kenya,KEN,Sub-Saharan Africa,Lower middle income,2003,38577.35,6.77818287240398
Kyrgyz Republic,KGZ,Europe & Central Asia,Lower middle income,2003,11955.34,6.23323253388947
Cambodia,KHM,East Asia & Pacific,Lower middle income,2003,107234.69,60.7493145252663
Kiribati,KIR,East Asia & Pacific,Lower middle income,2003,11.8,1.45679012345679
St. Kitts and Nevis,KNA,Latin America & Caribbean,High income,2003,110.0,42.3076923076923
"Korea, Rep.",KOR,East Asia & Pacific,High income,2003,64493.0,66.625
Kuwait,KWT,Middle East & North Africa,High income,2003,52.7,0.295735129068462
Lao PDR,LAO,East Asia & Pacific,Lower middle income,2003,172796.5,74.8685008665511
Lebanon,LBN,Middle East & North Africa,Lower middle income,2003,1379.31,13.482991202346
Liberia,LBR,Sub-Saharan Africa,Low income,2003,81318.6,84.4254568106312
Libya,LBY,Middle East & North Africa,Upper middle income,2003,2170.0,0.123327687918433
St. Lucia,LCA,Latin America & Caribbean,Upper middle income,2003,209.38,34.3245901639344
Liechtenstein,LIE,Europe & Central Asia,High income,2003,66.998,41.87375
Sri Lanka,LKA,South Asia,Upper middle income,2003,21475.8,34.2462127252432
Lesotho,LSO,Sub-Saharan Africa,Lower middle income,2003,345.2,1.13702239789196
Lithuania,LTU,Europe & Central Asia,High income,2003,20650.0,32.9451180599872
Luxembourg,LUX,Europe & Central Asia,High income,2003,873.0,33.9100238496617
Latvia,LVA,Europe & Central Asia,High income,2003,32803.36,52.715637906375
Morocco,MAR,Middle East & North Africa,Lower middle income,2003,55569.49,12.4511516916872
Monaco,MCO,Europe & Central Asia,High income,2003,0.0,0.0
Moldova,MDA,Europe & Central Asia,Upper middle income,2003,3534.3,10.7523577730453
Madagascar,MDG,Sub-Saharan Africa,Low income,2003,128900.63,22.1653936100698
Maldives,MDV,South Asia,Upper middle income,2003,8.2,2.73333333333333
Mexico,MEX,Latin America & Caribbean,Upper middle income,2003,679499.38,34.9545708480156
Marshall Islands,MHL,East Asia & Pacific,Upper middle income,2003,94.0,52.2222222222222
North Macedonia,MKD,Europe & Central Asia,Upper middle income,2003,9584.14,37.6883208808494
Mali,MLI,Sub-Saharan Africa,Low income,2003,132960.0,10.896663634352
Malta,MLT,Middle East & North Africa,High income,2003,3.5,1.09375
Myanmar,MMR,East Asia & Pacific,Lower middle income,2003,338399.77,51.7795039324295
Mongolia,MNG,East Asia & Pacific,Upper middle income,2003,142399.0,9.1593411587666
Northern Mariana Islands,MNP,East Asia & Pacific,High income,2003,314.68,68.4086956521739
Mozambique,MOZ,Sub-Saharan Africa,Low income,2003,405232.42,51.5313741448155
Mauritania,MRT,Sub-Saharan Africa,Lower middle income,2003,4053.2,0.393247307654992
Mauritius,MUS,Sub-Saharan Africa,Upper middle income,2003,408.68,20.1320197044335
Malawi,MWI,Sub-Saharan Africa,Low income,2003,29557.0,31.3502333474756
Malaysia,MYS,East Asia & Pacific,Upper middle income,2003,194682.4,59.2550296758484
Namibia,NAM,Sub-Saharan Africa,Lower middle income,2003,78460.558,9.53012401462425
New Caledonia,NCL,East Asia & Pacific,High income,2003,8382.01,45.8534463894967
Niger,NER,Sub-Saharan Africa,Low income,2003,12908.4,1.01905739322649
Nigeria,NGA,Sub-Saharan Africa,Lower middle income,2003,244031.22,26.7939457821404
Nicaragua,NIC,Latin America & Caribbean,Lower middle income,2003,50359.69,41.8478394548778
Netherlands,NLD,Europe & Central Asia,High income,2003,3636.94,10.7729265402844
Norway,NOR,Europe & Central Asia,High income,2003,121097.0,33.1550963191729
Nepal,NPL,South Asia,Lower middle income,2003,58351.41,40.7055528426927
Naoero,NRU,East Asia & Pacific,High income,2003,0.0,0.0
New Zealand,NZL,East Asia & Pacific,High income,2003,98497.44,37.4074057194941
Oman,OMN,Middle East & North Africa,High income,2003,30.0,0.0096930533117932
Pakistan,PAK,Middle East & North Africa,Lower middle income,2003,43860.01,5.68960279161478
Panama,PAN,Latin America & Caribbean,High income,2003,44078.95,59.2937180521926
Peru,PER,Latin America & Caribbean,Upper middle income,2003,749234.21,58.53392265625
Philippines,PHL,East Asia & Pacific,Upper middle income,2003,71683.98,24.0413120032196
Palau,PLW,East Asia & Pacific,High income,2003,398.74,86.6826086956522
Papua New Guinea,PNG,East Asia & Pacific,Lower middle income,2003,362482.42,80.042931590337
Poland,POL,Europe & Central Asia,High income,2003,91400.0,29.8458725182863
Puerto Rico (US),PRI,Latin America & Caribbean,High income,2003,4478.4,50.489289740699
"Korea, Dem. People's Rep.",PRK,East Asia & Pacific,Low income,2003,63910.0,53.0769869612158
Portugal,PRT,Europe & Central Asia,High income,2003,32723.0,35.7628415300546
Paraguay,PRY,Latin America & Caribbean,Upper middle income,2003,219652.18,55.2862270324692
West Bank and Gaza,PSE,Middle East & North Africa,Lower middle income,2003,93.41,1.55166112956811
French Polynesia,PYF,East Asia & Pacific,High income,2003,1488.23,42.8761163929703
Qatar,QAT,Middle East & North Africa,High income,2003,0.0,0.0
Romania,ROU,Europe & Central Asia,High income,2003,64107.0,27.8786692759296
Russian Federation,RUS,Europe & Central Asia,High income,2003,8110286.3,49.5103852150482
Rwanda,RWA,Sub-Saharan Africa,Low income,2003,2804.0,11.366031617349
Saudi Arabia,SAU,Middle East & North Africa,High income,2003,9770.0,0.454484134921779
Senegal,SEN,Sub-Saharan Africa,Lower middle income,2003,87376.6,45.3833688256376
Singapore,SGP,East Asia & Pacific,High income,2003,172.315,25.0822416302766
Solomon Islands,SLB,East Asia & Pacific,Lower middle income,2003,25354.04,90.5824937477671
Sierra Leone,SLE,Sub-Saharan Africa,Low income,2003,28702.49,39.7651565530618
El Salvador,SLV,Latin America & Caribbean,Upper middle income,2003,6603.8,31.8716216216216
San Marino,SMR,Europe & Central Asia,High income,2003,10.0,16.6666666666667
"Somalia, Fed. Rep.",SOM,Sub-Saharan Africa,Low income,2003,72847.5,11.6121242069691
Sao Tome and Principe,STP,Sub-Saharan Africa,Lower middle income,2003,582.82,60.7104166666667
Suriname,SUR,Latin America & Caribbean,Upper middle income,2003,153285.67,95.5005622474847
Slovak Republic,SVK,Europe & Central Asia,High income,2003,19063.6,39.6250259821243
Slovenia,SVN,Europe & Central Asia,High income,2003,12372.0,61.4299900695134
Sweden,SWE,Europe & Central Asia,High income,2003,281360.0,69.0725701423161
Eswatini,SWZ,Sub-Saharan Africa,Lower middle income,2003,4769.25,27.7281976744186
Seychelles,SYC,Sub-Saharan Africa,High income,2003,337.0,73.2608695652174
Syrian Arab Republic,SYR,Middle East & North Africa,Low income,2003,4500.8,2.45154964867368
Turks and Caicos Islands,TCA,Latin America & Caribbean,High income,2003,105.2,11.0736842105263
Chad,TCD,Sub-Saharan Africa,Low income,2003,61061.0,4.84918996188056
Togo,TGO,Sub-Saharan Africa,Lower middle income,2003,12595.858,23.1584077955507
Thailand,THA,East Asia & Pacific,Upper middle income,2003,193205.0,37.817338370295
Tajikistan,TJK,Europe & Central Asia,Lower middle income,2003,4100.0,2.92940840240069
Turkmenistan,TKM,Europe & Central Asia,Upper middle income,2003,41270.0,8.78215904496414
Timor-Leste,TLS,East Asia & Pacific,Lower middle income,2003,9449.0,63.5440484196369
Tonga,TON,East Asia & Pacific,Upper middle income,2003,89.5,12.4305555555556
Trinidad and Tobago,TTO,Latin America & Caribbean,High income,2003,2353.78,45.8826510721248
Tunisia,TUN,Middle East & North Africa,Lower middle income,2003,6737.24,4.33653450051493
Turkiye,TUR,Europe & Central Asia,Upper middle income,2003,204287.69,26.5436235593727
Tuvalu,TUV,East Asia & Pacific,Upper middle income,2003,10.0,33.3333333333333
Tanzania,TZA,Sub-Saharan Africa,Lower middle income,2003,525540.1,59.3294310228042
Uganda,UGA,Sub-Saharan Africa,Low income,2003,30391.91,15.2104048846404
Ukraine,UKR,Europe & Central Asia,Upper middle income,2003,95214.0,16.4349086891981
Uruguay,URY,Latin America & Caribbean,High income,2003,14776.9,8.44297794537767
United States,USA,North America,High income,2003,3050912.0,33.2999196674933
Uzbekistan,UZB,Europe & Central Asia,Lower middle income,2003,30779.027,7.06140195513872
St. Vincent and the Grenadines,VCT,Latin America & Caribbean,Upper middle income,2003,285.4,73.1794871794872
"Venezuela, RB",VEN,Latin America & Caribbean,Lower middle income,2003,486572.0,55.1637662264044
British Virgin Islands,VGB,Latin America & Caribbean,High income,2003,36.61,24.4066666666667
Virgin Islands (U.S.),VIR,Latin America & Caribbean,High income,2003,198.58,56.7371428571429
Viet Nam,VNM,East Asia & Pacific,Upper middle income,2003,122652.88,39.5565130454414
Vanuatu,VUT,East Asia & Pacific,Lower middle income,2003,4423.0,36.2838392124692
Samoa,WSM,East Asia & Pacific,Upper middle income,2003,1698.64,60.0226148409894
"Yemen, Rep.",YEM,Middle East & North Africa,Low income,2003,5490.0,1.03983180862549
South Africa,ZAF,Sub-Saharan Africa,Upper middle income,2003,176688.9,14.5651930194792
Zambia,ZMB,Sub-Saharan Africa,Lower middle income,2003,469466.0,63.1520467049597
Zimbabwe,ZWE,Sub-Saharan Africa,Lower middle income,2003,182277.7,47.1184438412822
Aruba,ABW,Latin America & Caribbean,High income,2004,4.2,2.33333333333333
Afghanistan,AFG,Middle East & North Africa,Low income,2004,12084.4,1.85278199408184
Angola,AGO,Sub-Saharan Africa,Lower middle income,2004,754883.66,60.5505462420791
Albania,ALB,Europe & Central Asia,Upper middle income,2004,7744.08,28.2630656934307
Andorra,AND,Europe & Central Asia,High income,2004,160.0,34.0425531914894
United Arab Emirates,ARE,Middle East & North Africa,High income,2004,3125.78,4.40126724866235
Argentina,ARG,Latin America & Caribbean,Upper middle income,2004,321124.0,11.7340290643076
Armenia,ARM,Europe & Central Asia,Upper middle income,2004,3318.08,11.6546540217773
American Samoa,ASM,East Asia & Pacific,High income,2004,176.1,88.05
Antigua and Barbuda,ATG,Latin America & Caribbean,High income,2004,91.82,20.8681818181818
Australia,AUS,East Asia & Pacific,High income,2004,1309069.0,17.04006612603
Austria,AUT,Europe & Central Asia,High income,2004,38481.64,46.6331071255453
Azerbaijan,AZE,Europe & Central Asia,Upper middle income,2004,10053.298,12.1604630346429
Burundi,BDI,Sub-Saharan Africa,Low income,2004,1939.4,7.55218068535826
Belgium,BEL,Europe & Central Asia,High income,2004,6763.28,22.2967724920054
Benin,BEN,Sub-Saharan Africa,Lower middle income,2004,39351.5,34.8984568996098
Burkina Faso,BFA,Sub-Saharan Africa,Low income,2004,70165.0,25.6451023391813
Bangladesh,BGD,South Asia,Lower middle income,2004,19075.337,14.6541730045325
Bulgaria,BGR,Europe & Central Asia,High income,2004,35198.0,32.3630011033468
Bahrain,BHR,Middle East & North Africa,High income,2004,4.3,0.589041095890411
"Bahamas, The",BHS,Latin America & Caribbean,High income,2004,5098.6,50.9350649350649
Bosnia and Herzegovina,BIH,Europe & Central Asia,Upper middle income,2004,21080.54,41.1729296875
Belarus,BLR,Europe & Central Asia,Upper middle income,2004,84158.0,41.49495845968
Belize,BLZ,Latin America & Caribbean,Upper middle income,2004,14321.36,62.7854449802718
Bermuda,BMU,North America,High income,2004,10.0,18.5185185185185
Bolivia,BOL,Latin America & Caribbean,Lower middle income,2004,542952.38,50.120223391489
Brazil,BRA,Latin America & Caribbean,Upper middle income,2004,5352854.4,64.0436077883357
Barbados,BRB,Latin America & Caribbean,High income,2004,63.0,14.6511627906977
Brunei Darussalam,BRN,East Asia & Pacific,High income,2004,3902.0,74.0417457305503
Bhutan,BTN,South Asia,Lower middle income,2004,26457.16,69.4103943122491
Botswana,BWA,Sub-Saharan Africa,Upper middle income,2004,171475.0,30.2569124627248
Central African Republic,CAF,Sub-Saharan Africa,Low income,2004,227830.0,36.570997463803
Canada,CAN,North America,High income,2004,3476100.66,38.7715773306609
Switzerland,CHE,Europe & Central Asia,High income,2004,12115.96,30.6588066903223
Channel Islands,CHI,Europe & Central Asia,High income,2004,9.06,4.57575757575758
Chile,CHL,Latin America & Caribbean,High income,2004,161803.4,21.7614574759392
China,CHN,East Asia & Pacific,Upper middle income,2004,1864444.82,19.8594228667065
Cote d'Ivoire,CIV,Sub-Saharan Africa,Lower middle income,2004,46429.02,14.600320754717
Cameroon,CMR,Sub-Saharan Africa,Lower middle income,2004,213186.86,45.0988682278776
"Congo, Dem. Rep.",COD,Sub-Saharan Africa,Low income,2004,1412070.0,62.2866721069231
"Congo, Rep.",COG,Sub-Saharan Africa,Lower middle income,2004,221470.0,64.8521229868228
Colombia,COL,Latin America & Caribbean,Upper middle income,2004,619644.16,55.8489553853087
Comoros,COM,Sub-Saharan Africa,Lower middle income,2004,399.28,21.4551316496507
Cabo Verde,CPV,Sub-Saharan Africa,Upper middle income,2004,409.2,10.1538461538462
Costa Rica,CRI,Latin America & Caribbean,High income,2004,28628.12,56.0676067371719
Cuba,CUB,Latin America & Caribbean,Upper middle income,2004,26338.0,24.7514331359835
Cayman Islands,CYM,Latin America & Caribbean,High income,2004,128.46,53.525
Cyprus,CYP,Europe & Central Asia,High income,2004,1721.02,18.6257575757576
Czechia,CZE,Europe & Central Asia,High income,2004,26453.26,34.2392699974113
Germany,DEU,Europe & Central Asia,High income,2004,113760.0,32.6174843019755
Djibouti,DJI,Middle East & North Africa,Lower middle income,2004,56.0,0.241587575496117
Dominica,DMA,Latin America & Caribbean,Upper middle income,2004,478.7,63.8266666666667
Denmark,DNK,Europe & Central Asia,High income,2004,5775.56,14.4389
Dominican Republic,DOM,Latin America & Caribbean,Upper middle income,2004,20127.3,41.6628027323535
Algeria,DZA,Middle East & North Africa,Upper middle income,2004,17146.0,0.719893859111406
Ecuador,ECU,Latin America & Caribbean,Upper middle income,2004,134495.76,54.1535512965051
"Egypt, Arab Rep.",EGY,Middle East & North Africa,Lower middle income,2004,617.82,0.0620643929880958
Eritrea,ERI,Sub-Saharan Africa,Low income,2004,11058.2,9.14032076920136
Spain,ESP,Europe & Central Asia,High income,2004,176744.94,35.4070555711367
Estonia,EST,Europe & Central Asia,High income,2004,22777.42,53.733003066761
Ethiopia,ETH,Sub-Saharan Africa,Low income,2004,182365.0,16.1585536311313
Finland,FIN,Europe & Central Asia,High income,2004,223641.84,73.4238944154437
Fiji,FJI,East Asia & Pacific,Upper middle income,2004,10331.78,56.5505199781062
France,FRA,Europe & Central Asia,High income,2004,157404.0,29.2056777066518
Faroe Islands,FRO,Europe & Central Asia,High income,2004,0.8,0.0573065902578797
"Micronesia, Fed. Sts.",FSM,East Asia & Pacific,Upper middle income,2004,639.68,91.3828571428571
Gabon,GAB,Sub-Saharan Africa,Upper middle income,2004,236797.64,91.8995769783056
United Kingdom,GBR,Europe & Central Asia,High income,2004,29960.0,12.3837473649403
Georgia,GEO,Europe & Central Asia,Upper middle income,2004,27853.2,40.0823140020147
Ghana,GHA,Sub-Saharan Africa,Lower middle income,2004,84863.38,37.2960270721631
Gibraltar,GIB,Europe & Central Asia,High income,2004,0.0,0.0
Guinea,GIN,Sub-Saharan Africa,Lower middle income,2004,67850.0,27.6127299365131
"Gambia, The",GMB,Sub-Saharan Africa,Low income,2004,3343.98,33.0432806324111
Guinea-Bissau,GNB,Sub-Saharan Africa,Low income,2004,21151.0,75.2169274537696
Equatorial Guinea,GNQ,Sub-Saharan Africa,Upper middle income,2004,25821.52,92.0553297682709
Greece,GRC,Europe & Central Asia,High income,2004,37208.59,28.8662451512801
Grenada,GRD,Latin America & Caribbean,Upper middle income,2004,177.0,52.0588235294118
Greenland,GRL,Europe & Central Asia,High income,2004,2.2,0.0005359970763795
Guatemala,GTM,Latin America & Caribbean,Upper middle income,2004,40145.6,37.4632325494588
Guam,GUM,East Asia & Pacific,High income,2004,240.0,44.4444444444444
Guyana,GUY,Latin America & Caribbean,High income,2004,185464.56,94.2161849123698
Honduras,HND,Latin America & Caribbean,Lower middle income,2004,66971.5,59.8547680757887
Croatia,HRV,Europe & Central Asia,High income,2004,18990.0,33.9325280537488
Haiti,HTI,Latin America & Caribbean,Lower middle income,2004,3797.42,13.7787373004354
Hungary,HUN,Europe & Central Asia,High income,2004,19712.58,21.9957375585807
Indonesia,IDN,East Asia & Pacific,Upper middle income,2004,1006316.8,53.5982219088063
Isle of Man,IMN,Europe & Central Asia,High income,2004,34.6,6.07017543859649
India,IND,South Asia,Lower middle income,2004,683530.0,22.9897853820307
Ireland,IRL,Europe & Central Asia,High income,2004,6663.68,9.67292785600232
"Iran, Islamic Rep.",IRN,Middle East & North Africa,Upper middle income,2004,98721.88,6.06116800510818
Iraq,IRQ,Middle East & North Africa,Upper middle income,2004,8208.0,1.87667192537211
Iceland,ISL,Europe & Central Asia,High income,2004,357.66,0.356768079800499
Israel,ISR,Middle East & North Africa,High income,2004,1534.0,7.08872458410351
Italy,ITA,Europe & Central Asia,High income,2004,86327.66,29.1925618325567
Jamaica,JAM,Latin America & Caribbean,Upper middle income,2004,5359.8,49.4903047091413
Jordan,JOR,Middle East & North Africa,Upper middle income,2004,975.0,1.10494106980961
Japan,JPN,East Asia & Pacific,High income,2004,249120.0,68.3456790123457
Kazakhstan,KAZ,Europe & Central Asia,Upper middle income,2004,31270.273,1.15828695781013
Kenya,KEN,Sub-Saharan Africa,Lower middle income,2004,38232.5,6.71759145377236
Kyrgyz Republic,KGZ,Europe & Central Asia,Lower middle income,2004,12004.12,6.25866527632951
Cambodia,KHM,East Asia & Pacific,Lower middle income,2004,107042.92,60.6406752775889
Kiribati,KIR,East Asia & Pacific,Lower middle income,2004,11.8,1.45679012345679
St. Kitts and Nevis,KNA,Latin America & Caribbean,High income,2004,110.0,42.3076923076923
"Korea, Rep.",KOR,East Asia & Pacific,High income,2004,64404.0,66.5193141912828
Kuwait,KWT,Middle East & North Africa,High income,2004,54.1,0.303591470258137
Lao PDR,LAO,East Asia & Pacific,Lower middle income,2004,172312.0,74.6585788561525
Lebanon,LBN,Middle East & North Africa,Lower middle income,2004,1378.48,13.4748778103617
Liberia,LBR,Sub-Saharan Africa,Low income,2004,81016.0,84.1112956810631
Libya,LBY,Middle East & North Africa,Upper middle income,2004,2170.0,0.123327687918433
St. Lucia,LCA,Latin America & Caribbean,Upper middle income,2004,209.14,34.2852459016393
Liechtenstein,LIE,Europe & Central Asia,High income,2004,66.997,41.873125
Sri Lanka,LKA,South Asia,Upper middle income,2004,21413.0,34.1460692074629
Lesotho,LSO,Sub-Saharan Africa,Lower middle income,2004,345.2,1.13702239789196
Lithuania,LTU,Europe & Central Asia,High income,2004,20800.0,33.1844288449266
Luxembourg,LUX,Europe & Central Asia,High income,2004,875.0,33.9877100440481
Latvia,LVA,Europe & Central Asia,High income,2004,32934.48,52.9263502981021
Morocco,MAR,Middle East & North Africa,Lower middle income,2004,55737.52,12.4888012547614
Monaco,MCO,Europe & Central Asia,High income,2004,0.0,0.0
Moldova,MDA,Europe & Central Asia,Upper middle income,2004,3564.4,10.8406326034063
Madagascar,MDG,Sub-Saharan Africa,Low income,2004,128431.94,22.0847989820133
Maldives,MDV,South Asia,Upper middle income,2004,8.2,2.73333333333333
Mexico,MEX,Latin America & Caribbean,Upper middle income,2004,678061.34,34.8805956943337
Marshall Islands,MHL,East Asia & Pacific,Upper middle income,2004,94.0,52.2222222222222
North Macedonia,MKD,Europe & Central Asia,Upper middle income,2004,9587.02,37.6996460872985
Mali,MLI,Sub-Saharan Africa,Low income,2004,132960.0,10.896663634352
Malta,MLT,Middle East & North Africa,High income,2004,3.5,1.09375
Myanmar,MMR,East Asia & Pacific,Lower middle income,2004,334972.66,51.2645251140155
Mongolia,MNG,East Asia & Pacific,Upper middle income,2004,142319.0,9.15562080463703
Northern Mariana Islands,MNP,East Asia & Pacific,High income,2004,313.04,68.0521739130435
Mozambique,MOZ,Sub-Saharan Africa,Low income,2004,403016.56,51.2495943437015
Mauritania,MRT,Sub-Saharan Africa,Lower middle income,2004,3998.8,0.387969341224411
Mauritius,MUS,Sub-Saharan Africa,Upper middle income,2004,405.14,19.9576354679803
Malawi,MWI,Sub-Saharan Africa,Low income,2004,29137.0,30.9047518031396
Malaysia,MYS,East Asia & Pacific,Upper middle income,2004,193938.7,59.0286714350936
Namibia,NAM,Sub-Saharan Africa,Lower middle income,2004,77750.464,9.443873240292
New Caledonia,NCL,East Asia & Pacific,High income,2004,8383.18,45.8598468271335
Niger,NER,Sub-Saharan Africa,Low income,2004,12784.2,1.00925238809505
Nigeria,NGA,Sub-Saharan Africa,Lower middle income,2004,242398.16,26.6146403592565
Nicaragua,NIC,Latin America & Caribbean,Lower middle income,2004,49148.52,40.8413827488782
Netherlands,NLD,Europe & Central Asia,High income,2004,3650.92,10.814336492891
Norway,NOR,Europe & Central Asia,High income,2004,121086.0,33.1520846338338
Nepal,NPL,South Asia,Lower middle income,2004,58532.68,40.8320055807464
Naoero,NRU,East Asia & Pacific,High income,2004,0.0,0.0
New Zealand,NZL,East Asia & Pacific,High income,2004,98495.12,37.4065246287646
Oman,OMN,Middle East & North Africa,High income,2004,30.0,0.0096930533117932
Pakistan,PAK,Middle East & North Africa,Lower middle income,2004,43442.48,5.6354400166044
Panama,PAN,Latin America & Caribbean,High income,2004,43964.8,59.1401668011838
Peru,PER,Latin America & Caribbean,Upper middle income,2004,747986.18,58.4364203125
Philippines,PHL,East Asia & Pacific,Upper middle income,2004,71214.44,23.8838380789483
Palau,PLW,East Asia & Pacific,High income,2004,399.72,86.895652173913
Papua New Guinea,PNG,East Asia & Pacific,Lower middle income,2004,362383.339,80.021052643201
Poland,POL,Europe & Central Asia,High income,2004,91670.0,29.9252440178892
Puerto Rico (US),PRI,Latin America & Caribbean,High income,2004,4540.7,51.1916572717024
"Korea, Dem. People's Rep.",PRK,East Asia & Pacific,Low income,2004,63697.7,52.9006727016029
Portugal,PRT,Europe & Central Asia,High income,2004,32694.0,35.7311475409836
Paraguay,PRY,Latin America & Caribbean,Upper middle income,2004,216230.74,54.4250541152781
West Bank and Gaza,PSE,Middle East & North Africa,Lower middle income,2004,94.28,1.56611295681063
French Polynesia,PYF,East Asia & Pacific,High income,2004,1489.14,42.9023336214347
Qatar,QAT,Middle East & North Africa,High income,2004,0.0,0.0
Romania,ROU,Europe & Central Asia,High income,2004,64256.0,27.9373913043478
Russian Federation,RUS,Europe & Central Asia,High income,2004,8116153.4,49.5454456106165
Rwanda,RWA,Sub-Saharan Africa,Low income,2004,2782.0,11.2768544791244
Saudi Arabia,SAU,Middle East & North Africa,High income,2004,9770.0,0.454484134921779
Senegal,SEN,Sub-Saharan Africa,Lower middle income,2004,86991.6,45.183399989612
Singapore,SGP,East Asia & Pacific,High income,2004,173.042,25.1149492017417
Solomon Islands,SLB,East Asia & Pacific,Lower middle income,2004,25346.72,90.5563415505538
Sierra Leone,SLE,Sub-Saharan Africa,Low income,2004,28505.22,39.4918536990856
El Salvador,SLV,Latin America & Caribbean,Upper middle income,2004,6558.8,31.6544401544402
San Marino,SMR,Europe & Central Asia,High income,2004,10.0,16.6666666666667
"Somalia, Fed. Rep.",SOM,Sub-Saharan Africa,Low income,2004,72080.0,11.4897822552364
Sao Tome and Principe,STP,Sub-Saharan Africa,Lower middle income,2004,582.56,60.6833333333333
Suriname,SUR,Latin America & Caribbean,Upper middle income,2004,153244.66,95.4750120570607
Slovak Republic,SVK,Europe & Central Asia,High income,2004,19080.1,39.6675675675676
Slovenia,SVN,Europe & Central Asia,High income,2004,12386.0,61.4995034756703
Sweden,SWE,Europe & Central Asia,High income,2004,281270.0,69.0504755613067
Eswatini,SWZ,Sub-Saharan Africa,Lower middle income,2004,4781.4,27.7988372093023
Seychelles,SYC,Sub-Saharan Africa,High income,2004,337.0,73.2608695652174
Syrian Arab Republic,SYR,Middle East & North Africa,Low income,2004,4560.8,2.48450182491693
Turks and Caicos Islands,TCA,Latin America & Caribbean,High income,2004,105.2,11.0736842105263
Chad,TCD,Sub-Saharan Africa,Low income,2004,60238.0,4.78383100381194
Togo,TGO,Sub-Saharan Africa,Lower middle income,2004,12566.264,23.1039970582828
Thailand,THA,East Asia & Pacific,Upper middle income,2004,194280.0,38.0277554855253
Tajikistan,TJK,Europe & Central Asia,Lower middle income,2004,4100.0,2.92940840240069
Turkmenistan,TKM,Europe & Central Asia,Upper middle income,2004,41270.0,8.78215904496414
Timor-Leste,TLS,East Asia & Pacific,Lower middle income,2004,9435.0,63.4498991257566
Tonga,TON,East Asia & Pacific,Upper middle income,2004,89.5,12.4305555555556
Trinidad and Tobago,TTO,Latin America & Caribbean,High income,2004,2349.54,45.8
Tunisia,TUN,Middle East & North Africa,Lower middle income,2004,6756.82,4.34913748712667
Turkiye,TUR,Europe & Central Asia,Upper middle income,2004,205222.42,26.665075425854
Tuvalu,TUV,East Asia & Pacific,Upper middle income,2004,10.0,33.3333333333333
Tanzania,TZA,Sub-Saharan Africa,Lower middle income,2004,521820.1,58.9094716640325
Uganda,UGA,Sub-Saharan Africa,Low income,2004,29979.38,15.0039437465592
Ukraine,UKR,Europe & Central Asia,Upper middle income,2004,95252.0,16.4414678772396
Uruguay,URY,Latin America & Caribbean,High income,2004,15139.2,8.64998285910182
United States,USA,North America,High income,2004,3056096.0,33.3565016939681
Uzbekistan,UZB,Europe & Central Asia,Lower middle income,2004,31167.166,7.15084351834219
St. Vincent and the Grenadines,VCT,Latin America & Caribbean,Upper middle income,2004,285.4,73.1794871794872
"Venezuela, RB",VEN,Latin America & Caribbean,Lower middle income,2004,484926.0,54.9771554900516
British Virgin Islands,VGB,Latin America & Caribbean,High income,2004,36.58,24.3866666666667
Virgin Islands (U.S.),VIR,Latin America & Caribbean,High income,2004,196.54,56.1542857142857
Viet Nam,VNM,East Asia & Pacific,Upper middle income,2004,124256.84,40.0738026897152
Vanuatu,VUT,East Asia & Pacific,Lower middle income,2004,4423.0,36.2838392124692
Samoa,WSM,East Asia & Pacific,Upper middle income,2004,1693.82,59.852296819788
"Yemen, Rep.",YEM,Middle East & North Africa,Low income,2004,5490.0,1.03983180862549
South Africa,ZAF,Sub-Saharan Africa,Upper middle income,2004,176324.9,14.5351870017888
Zambia,ZMB,Sub-Saharan Africa,Lower middle income,2004,469108.0,63.1038889412018
Zimbabwe,ZWE,Sub-Saharan Africa,Lower middle income,2004,181817.0,46.9993537546853
Aruba,ABW,Latin America & Caribbean,High income,2005,4.2,2.33333333333333
Afghanistan,AFG,Middle East & North Africa,Low income,2005,12084.4,1.85278199408184
Angola,AGO,Sub-Saharan Africa,Lower middle income,2005,749333.05,60.1053220502126
Albania,ALB,Europe & Central Asia,Upper middle income,2005,7756.85,28.3096715328467
Andorra,AND,Europe & Central Asia,High income,2005,160.0,34.0425531914894
United Arab Emirates,ARE,Middle East & North Africa,High income,2005,3133.65,4.41234863418755
Argentina,ARG,Latin America & Caribbean,Upper middle income,2005,317960.0,11.618414946523
Armenia,ARM,Europe & Central Asia,Upper middle income,2005,3316.0,11.6473480857042
American Samoa,ASM,East Asia & Pacific,High income,2005,175.8,87.9
Antigua and Barbuda,ATG,Latin America & Caribbean,High income,2005,91.15,20.7159090909091
Australia,AUS,East Asia & Pacific,High income,2005,1306801.0,17.0105437173763
Austria,AUT,Europe & Central Asia,High income,2005,38506.7,46.6634755210858
Azerbaijan,AZE,Europe & Central Asia,Upper middle income,2005,10098.573,12.21700096782
Burundi,BDI,Sub-Saharan Africa,Low income,2005,1939.4,7.55218068535826
Belgium,BEL,Europe & Central Asia,High income,2005,6785.85,22.3711799030759
Benin,BEN,Sub-Saharan Africa,Lower middle income,2005,38851.5,34.4550372472508
Burkina Faso,BFA,Sub-Saharan Africa,Low income,2005,69665.0,25.4623538011696
Bangladesh,BGD,South Asia,Lower middle income,2005,19043.351,14.6296005223938
Bulgaria,BGR,Europe & Central Asia,High income,2005,35560.0,32.7319587628866
Bahrain,BHR,Middle East & North Africa,High income,2005,4.45,0.601351351351351
"Bahamas, The",BHS,Latin America & Caribbean,High income,2005,5098.6,50.9350649350649
Bosnia and Herzegovina,BIH,Europe & Central Asia,Upper middle income,2005,21071.55,41.15537109375
Belarus,BLR,Europe & Central Asia,Upper middle income,2005,84515.0,41.6672829371946
Belize,BLZ,Latin America & Caribbean,Upper middle income,2005,14253.45,62.487724682157
Bermuda,BMU,North America,High income,2005,10.0,18.5185185185185
Bolivia,BOL,Latin America & Caribbean,Lower middle income,2005,540937.0,49.9341825902335
Brazil,BRA,Latin America & Caribbean,Upper middle income,2005,5313346.5,63.5709200850907
Barbados,BRB,Latin America & Caribbean,High income,2005,63.0,14.6511627906977
Brunei Darussalam,BRN,East Asia & Pacific,High income,2005,3885.0,73.719165085389
Bhutan,BTN,South Asia,Lower middle income,2005,26556.45,69.6708817587953
Botswana,BWA,Sub-Saharan Africa,Upper middle income,2005,170292.0,30.0481710867609
Central African Republic,CAF,Sub-Saharan Africa,Low income,2005,227530.0,36.5228418247777
Canada,CAN,North America,High income,2005,3475620.9,38.7662262048566
Switzerland,CHE,Europe & Central Asia,High income,2005,12154.5,30.7572827916362
Channel Islands,CHI,Europe & Central Asia,High income,2005,9.25,4.67171717171717
Chile,CHL,Latin America & Caribbean,High income,2005,162711.6,21.8836042026436
China,CHN,East Asia & Pacific,Upper middle income,2005,1888054.65,20.1109081284255
Cote d'Ivoire,CIV,Sub-Saharan Africa,Lower middle income,2005,45300.15,14.2453301886792
Cameroon,CMR,Sub-Saharan Africa,Lower middle income,2005,212489.85,44.9514184172114
"Congo, Dem. Rep.",COD,Sub-Saharan Africa,Low income,2005,1405340.0,61.9898105467458
"Congo, Rep.",COG,Sub-Saharan Africa,Lower middle income,2005,221350.0,64.8169838945827
Colombia,COL,Latin America & Caribbean,Upper middle income,2005,617716.45,55.6752095538531
Comoros,COM,Sub-Saharan Africa,Lower middle income,2005,394.9,21.2197743148845
Cabo Verde,CPV,Sub-Saharan Africa,Upper middle income,2005,412.2,10.2282878411911
Costa Rica,CRI,Latin America & Caribbean,High income,2005,28642.1,56.0949862906385
Cuba,CUB,Latin America & Caribbean,Upper middle income,2005,26835.0,25.2113866967306
Cayman Islands,CYM,Latin America & Caribbean,High income,2005,128.25,53.4375
Cyprus,CYP,Europe & Central Asia,High income,2005,1722.25,18.6390692640693
Czechia,CZE,Europe & Central Asia,High income,2005,26473.35,34.2652731038053
Germany,DEU,Europe & Central Asia,High income,2005,113815.0,32.6341897006537
Djibouti,DJI,Middle East & North Africa,Lower middle income,2005,56.0,0.241587575496117
Dominica,DMA,Latin America & Caribbean,Upper middle income,2005,478.7,63.8266666666667
Denmark,DNK,Europe & Central Asia,High income,2005,5790.45,14.476125
Dominican Republic,DOM,Latin America & Caribbean,Upper middle income,2005,20227.95,41.8711446905403
Algeria,DZA,Middle East & North Africa,Upper middle income,2005,17485.0,0.734127150738536
Ecuador,ECU,Latin America & Caribbean,Upper middle income,2005,133793.45,53.8707722660654
"Egypt, Arab Rep.",EGY,Middle East & North Africa,Lower middle income,2005,624.25,0.0627103320106484
Eritrea,ERI,Sub-Saharan Africa,Low income,2005,11026.6,9.1109855799934
Spain,ESP,Europe & Central Asia,High income,2005,178196.35,35.7042517381635
Estonia,EST,Europe & Central Asia,High income,2005,22874.55,53.9621372965322
Ethiopia,ETH,Sub-Saharan Africa,Low income,2005,181635.0,16.0938359195173
Finland,FIN,Europe & Central Asia,High income,2005,223438.2,73.3570373288683
Fiji,FJI,East Asia & Pacific,Upper middle income,2005,10398.55,56.915982484948
France,FRA,Europe & Central Asia,High income,2005,158535.0,29.4155301976065
Faroe Islands,FRO,Europe & Central Asia,High income,2005,0.8,0.0573065902578797
"Micronesia, Fed. Sts.",FSM,East Asia & Pacific,Upper middle income,2005,639.95,91.4214285714286
Gabon,GAB,Sub-Saharan Africa,Upper middle income,2005,236747.05,91.8799433383785
United Kingdom,GBR,Europe & Central Asia,High income,2005,30065.0,12.4271483486959
Georgia,GEO,Europe & Central Asia,Upper middle income,2005,27915.0,40.171247661534
Ghana,GHA,Sub-Saharan Africa,Lower middle income,2005,83957.7,36.8979959567549
Gibraltar,GIB,Europe & Central Asia,High income,2005,0.0,0.0
Guinea,GIN,Sub-Saharan Africa,Lower middle income,2005,67490.0,27.4662217157741
"Gambia, The",GMB,Sub-Saharan Africa,Low income,2005,3286.65,32.4767786561265
Guinea-Bissau,GNB,Sub-Saharan Africa,Low income,2005,21066.55,74.9166073968705
Equatorial Guinea,GNQ,Sub-Saharan Africa,Upper middle income,2005,25737.95,91.7573975044563
Greece,GRC,Europe & Central Asia,High income,2005,37510.163,29.100204034135
Grenada,GRD,Latin America & Caribbean,Upper middle income,2005,177.0,52.0588235294118
Greenland,GRL,Europe & Central Asia,High income,2005,2.2,0.0005359970763795
Guatemala,GTM,Latin America & Caribbean,Upper middle income,2005,39659.0,37.0091452034341
Guam,GUM,East Asia & Pacific,High income,2005,240.0,44.4444444444444
Guyana,GUY,Latin America & Caribbean,High income,2005,185420.15,94.1936245872492
Honduras,HND,Latin America & Caribbean,Lower middle income,2005,66768.7,59.673518634373
Croatia,HRV,Europe & Central Asia,High income,2005,19025.0,33.995068258166
Haiti,HTI,Latin America & Caribbean,Lower middle income,2005,3795.15,13.7705007256894
Hungary,HUN,Europe & Central Asia,High income,2005,19837.8,22.1379310344828
Indonesia,IDN,East Asia & Pacific,Upper middle income,2005,1004696.0,53.5118952191696
Isle of Man,IMN,Europe & Central Asia,High income,2005,34.6,6.07017543859649
India,IND,South Asia,Lower middle income,2005,685435.0,23.0538579774586
Ireland,IRL,Europe & Central Asia,High income,2005,6753.7,9.80359994193642
"Iran, Islamic Rep.",IRN,Middle East & North Africa,Upper middle income,2005,100088.2,6.14505513396694
Iraq,IRQ,Middle East & North Africa,Upper middle income,2005,8215.0,1.87827240094199
Iceland,ISL,Europe & Central Asia,High income,2005,372.5,0.371571072319202
Israel,ISR,Middle East & North Africa,High income,2005,1535.0,7.09334565619224
Italy,ITA,Europe & Central Asia,High income,2005,86986.45,29.4153382614518
Jamaica,JAM,Latin America & Caribbean,Upper middle income,2005,5397.25,49.8361034164358
Jordan,JOR,Middle East & North Africa,Upper middle income,2005,975.0,1.10494106980961
Japan,JPN,East Asia & Pacific,High income,2005,249210.0,68.3703703703704
Kazakhstan,KAZ,Europe & Central Asia,Upper middle income,2005,31195.527,1.15551827980887
Kenya,KEN,Sub-Saharan Africa,Lower middle income,2005,37887.65,6.65700003514074
Kyrgyz Republic,KGZ,Europe & Central Asia,Lower middle income,2005,12052.9,6.28409801876955
Cambodia,KHM,East Asia & Pacific,Lower middle income,2005,106851.15,60.5320360299116
Kiribati,KIR,East Asia & Pacific,Lower middle income,2005,11.8,1.45679012345679
St. Kitts and Nevis,KNA,Latin America & Caribbean,High income,2005,110.0,42.3076923076923
"Korea, Rep.",KOR,East Asia & Pacific,High income,2005,64315.0,66.4068146618482
Kuwait,KWT,Middle East & North Africa,High income,2005,55.5,0.311447811447811
Lao PDR,LAO,East Asia & Pacific,Lower middle income,2005,171827.5,74.4486568457539
Lebanon,LBN,Middle East & North Africa,Lower middle income,2005,1377.65,13.4667644183773
Liberia,LBR,Sub-Saharan Africa,Low income,2005,80713.4,83.797134551495
Libya,LBY,Middle East & North Africa,Upper middle income,2005,2170.0,0.123327687918433
St. Lucia,LCA,Latin America & Caribbean,Upper middle income,2005,208.9,34.2459016393443
Liechtenstein,LIE,Europe & Central Asia,High income,2005,66.996,41.8725
Sri Lanka,LKA,South Asia,Upper middle income,2005,21350.2,34.0459256896827
Lesotho,LSO,Sub-Saharan Africa,Lower middle income,2005,345.2,1.13702239789196
Lithuania,LTU,Europe & Central Asia,High income,2005,20950.0,33.423739629866
Luxembourg,LUX,Europe & Central Asia,High income,2005,877.0,34.0653962384345
Latvia,LVA,Europe & Central Asia,High income,2005,33065.6,53.1370626898292
Morocco,MAR,Middle East & North Africa,Lower middle income,2005,55905.55,12.5264508178355
Monaco,MCO,Europe & Central Asia,High income,2005,0.0,0.0
Moldova,MDA,Europe & Central Asia,Upper middle income,2005,3594.5,10.9288537549407
Madagascar,MDG,Sub-Saharan Africa,Low income,2005,127963.25,22.0042043539567
Maldives,MDV,South Asia,Upper middle income,2005,8.2,2.73333333333333
Mexico,MEX,Latin America & Caribbean,Upper middle income,2005,676623.3,34.8066205406518
Marshall Islands,MHL,East Asia & Pacific,Upper middle income,2005,94.0,52.2222222222222
North Macedonia,MKD,Europe & Central Asia,Upper middle income,2005,9589.9,37.7109712937475
Mali,MLI,Sub-Saharan Africa,Low income,2005,132960.0,10.896663634352
Malta,MLT,Middle East & North Africa,High income,2005,3.5,1.09375
Myanmar,MMR,East Asia & Pacific,Lower middle income,2005,331545.55,50.7446966450349
Mongolia,MNG,East Asia & Pacific,Upper middle income,2005,142239.0,9.15047384615134
Northern Mariana Islands,MNP,East Asia & Pacific,High income,2005,311.4,67.695652173913
Mozambique,MOZ,Sub-Saharan Africa,Low income,2005,400800.7,50.9678145425876
Mauritania,MRT,Sub-Saharan Africa,Lower middle income,2005,3944.4,0.382691374793829
Mauritius,MUS,Sub-Saharan Africa,Upper middle income,2005,401.6,19.7832512315271
Malawi,MWI,Sub-Saharan Africa,Low income,2005,28717.0,30.4592702588036
Malaysia,MYS,East Asia & Pacific,Upper middle income,2005,193195.0,58.8023131943388
Namibia,NAM,Sub-Saharan Africa,Lower middle income,2005,77040.37,9.35762246595975
New Caledonia,NCL,East Asia & Pacific,High income,2005,8384.35,45.8662472647702
Niger,NER,Sub-Saharan Africa,Low income,2005,12660.0,0.999447382963606
Nigeria,NGA,Sub-Saharan Africa,Lower middle income,2005,240765.1,26.4353349363725
Nicaragua,NIC,Latin America & Caribbean,Lower middle income,2005,47937.35,39.8349260428785
Netherlands,NLD,Europe & Central Asia,High income,2005,3664.9,10.8557464454976
Norway,NOR,Europe & Central Asia,High income,2005,121075.0,33.1490729484947
Nepal,NPL,South Asia,Lower middle income,2005,58713.95,40.9584583188001
Naoero,NRU,East Asia & Pacific,High income,2005,0.0,0.0
New Zealand,NZL,East Asia & Pacific,High income,2005,98492.8,37.405643538035
Oman,OMN,Middle East & North Africa,High income,2005,30.0,0.0096930533117932
Pakistan,PAK,Middle East & North Africa,Lower middle income,2005,43024.95,5.58127724159402
Panama,PAN,Latin America & Caribbean,High income,2005,43850.65,58.9866155501749
Peru,PER,Latin America & Caribbean,Upper middle income,2005,746738.15,58.33891796875
Philippines,PHL,East Asia & Pacific,Upper middle income,2005,70744.9,23.7263641546769
Palau,PLW,East Asia & Pacific,High income,2005,400.7,87.1086956521739
Papua New Guinea,PNG,East Asia & Pacific,Lower middle income,2005,362284.258,79.999173696065
Poland,POL,Europe & Central Asia,High income,2005,91940.0,30.0133842588059
Puerto Rico (US),PRI,Latin America & Caribbean,High income,2005,4603.0,51.8940248027058
"Korea, Dem. People's Rep.",PRK,East Asia & Pacific,Low income,2005,63485.4,52.7243584419899
Portugal,PRT,Europe & Central Asia,High income,2005,32665.0,35.71116212966
Paraguay,PRY,Latin America & Caribbean,Upper middle income,2005,212809.3,53.5638811980871
West Bank and Gaza,PSE,Middle East & North Africa,Lower middle income,2005,95.15,1.58056478405316
French Polynesia,PYF,East Asia & Pacific,High income,2005,1490.05,42.9285508498992
Qatar,QAT,Middle East & North Africa,High income,2005,0.0,0.0
Romania,ROU,Europe & Central Asia,High income,2005,64405.0,28.0046090964432
Russian Federation,RUS,Europe & Central Asia,High income,2005,8122020.5,49.5807773333032
Rwanda,RWA,Sub-Saharan Africa,Low income,2005,2760.0,11.1876773408999
Saudi Arabia,SAU,Middle East & North Africa,High income,2005,9770.0,0.454484134921779
Senegal,SEN,Sub-Saharan Africa,Lower middle income,2005,86606.6,44.9834311535865
Singapore,SGP,East Asia & Pacific,High income,2005,173.769,25.2204644412192
Solomon Islands,SLB,East Asia & Pacific,Lower middle income,2005,25339.4,90.5301893533405
Sierra Leone,SLE,Sub-Saharan Africa,Low income,2005,28307.95,39.2185508451094
El Salvador,SLV,Latin America & Caribbean,Upper middle income,2005,6513.8,31.4372586872587
San Marino,SMR,Europe & Central Asia,High income,2005,10.0,16.6666666666667
"Somalia, Fed. Rep.",SOM,Sub-Saharan Africa,Low income,2005,71312.5,11.3674403035037
Sao Tome and Principe,STP,Sub-Saharan Africa,Lower middle income,2005,582.3,60.65625
Suriname,SUR,Latin America & Caribbean,Upper middle income,2005,153203.65,95.4494618666367
Slovak Republic,SVK,Europe & Central Asia,High income,2005,19096.6,39.7018711018711
Slovenia,SVN,Europe & Central Asia,High income,2005,12400.0,61.5690168818272
Sweden,SWE,Europe & Central Asia,High income,2005,281180.0,69.0283809802973
Eswatini,SWZ,Sub-Saharan Africa,Lower middle income,2005,4793.55,27.8694767441861
Seychelles,SYC,Sub-Saharan Africa,High income,2005,337.0,73.2608695652174
Syrian Arab Republic,SYR,Middle East & North Africa,Low income,2005,4620.8,2.51718690417824
Turks and Caicos Islands,TCA,Latin America & Caribbean,High income,2005,105.2,11.0736842105263
Chad,TCD,Sub-Saharan Africa,Low income,2005,59415.0,4.71847204574333
Togo,TGO,Sub-Saharan Africa,Lower middle income,2005,12536.67,23.0495863210149
Thailand,THA,East Asia & Pacific,Upper middle income,2005,195355.0,38.2381726007555
Tajikistan,TJK,Europe & Central Asia,Lower middle income,2005,4100.0,2.92940840240069
Turkmenistan,TKM,Europe & Central Asia,Upper middle income,2005,41270.0,8.78215904496414
Timor-Leste,TLS,East Asia & Pacific,Lower middle income,2005,9421.0,63.3557498318763
Tonga,TON,East Asia & Pacific,Upper middle income,2005,89.5,12.4305555555556
Trinidad and Tobago,TTO,Latin America & Caribbean,High income,2005,2345.3,45.7173489278752
Tunisia,TUN,Middle East & North Africa,Lower middle income,2005,6776.4,4.36174047373841
Turkiye,TUR,Europe & Central Asia,Upper middle income,2005,206157.15,26.7865272923353
Tuvalu,TUV,East Asia & Pacific,Upper middle income,2005,10.0,33.3333333333333
Tanzania,TZA,Sub-Saharan Africa,Lower middle income,2005,518100.1,58.4895123052608
Uganda,UGA,Sub-Saharan Africa,Low income,2005,29566.85,14.7974826084781
Ukraine,UKR,Europe & Central Asia,Upper middle income,2005,95290.0,16.4468915047119
Uruguay,URY,Latin America & Caribbean,High income,2005,15501.5,8.85698777282596
United States,USA,North America,High income,2005,3061280.0,33.4130837204429
Uzbekistan,UZB,Europe & Central Asia,Lower middle income,2005,31555.305,7.23996269350165
St. Vincent and the Grenadines,VCT,Latin America & Caribbean,Upper middle income,2005,285.4,73.1794871794872
"Venezuela, RB",VEN,Latin America & Caribbean,Lower middle income,2005,483280.0,54.7905447536988
British Virgin Islands,VGB,Latin America & Caribbean,High income,2005,36.55,24.3666666666667
Virgin Islands (U.S.),VIR,Latin America & Caribbean,High income,2005,194.5,55.5714285714286
Viet Nam,VNM,East Asia & Pacific,Upper middle income,2005,125860.8,40.2320697359967
Vanuatu,VUT,East Asia & Pacific,Lower middle income,2005,4423.0,36.2838392124692
Samoa,WSM,East Asia & Pacific,Upper middle income,2005,1689.0,59.6819787985866
"Yemen, Rep.",YEM,Middle East & North Africa,Low income,2005,5490.0,1.03983180862549
South Africa,ZAF,Sub-Saharan Africa,Upper middle income,2005,175960.9,14.5051809840985
Zambia,ZMB,Sub-Saharan Africa,Lower middle income,2005,468750.0,63.0557311774439
Zimbabwe,ZWE,Sub-Saharan Africa,Lower middle income,2005,181356.3,46.8802636680884
Aruba,ABW,Latin America & Caribbean,High income,2006,4.2,2.33333333333333
Afghanistan,AFG,Middle East & North Africa,Low income,2006,12084.4,1.85278199408184
Angola,AGO,Sub-Saharan Africa,Lower middle income,2006,743782.44,59.660097858346
Albania,ALB,Europe & Central Asia,Upper middle income,2006,7769.62,28.3562773722628
Andorra,AND,Europe & Central Asia,High income,2006,160.0,34.0425531914894
United Arab Emirates,ARE,Middle East & North Africa,High income,2006,3141.52,4.42343001971276
Argentina,ARG,Latin America & Caribbean,Upper middle income,2006,314796.0,11.5028008287384
Armenia,ARM,Europe & Central Asia,Upper middle income,2006,3313.92,11.6400421496312
American Samoa,ASM,East Asia & Pacific,High income,2006,175.5,87.75
Antigua and Barbuda,ATG,Latin America & Caribbean,High income,2006,90.48,20.5636363636364
Australia,AUS,East Asia & Pacific,High income,2006,1304533.0,16.9810213087226
Austria,AUT,Europe & Central Asia,High income,2006,38531.76,46.6938439166263
Azerbaijan,AZE,Europe & Central Asia,Upper middle income,2006,10143.848,12.2751890799521
Burundi,BDI,Sub-Saharan Africa,Low income,2006,1939.4,7.55218068535826
Belgium,BEL,Europe & Central Asia,High income,2006,6808.42,22.4455873141463
Benin,BEN,Sub-Saharan Africa,Lower middle income,2006,38351.5,34.0116175948918
Burkina Faso,BFA,Sub-Saharan Africa,Low income,2006,69165.0,25.2796052631579
Bangladesh,BGD,South Asia,Lower middle income,2006,19011.365,14.6050280402551
Bulgaria,BGR,Europe & Central Asia,High income,2006,35922.0,33.0682132007733
Bahrain,BHR,Middle East & North Africa,High income,2006,4.6,0.621621621621622
"Bahamas, The",BHS,Latin America & Caribbean,High income,2006,5098.6,50.9350649350649
Bosnia and Herzegovina,BIH,Europe & Central Asia,Upper middle income,2006,21062.56,41.1378125
Belarus,BLR,Europe & Central Asia,Upper middle income,2006,84872.0,41.8286480305958
Belize,BLZ,Latin America & Caribbean,Upper middle income,2006,14185.54,62.1900043840421
Bermuda,BMU,North America,High income,2006,10.0,18.5185185185185
Bolivia,BOL,Latin America & Caribbean,Lower middle income,2006,538921.62,49.7481417889781
Brazil,BRA,Latin America & Caribbean,Upper middle income,2006,5273838.6,63.0982323818457
Barbados,BRB,Latin America & Caribbean,High income,2006,63.0,14.6511627906977
Brunei Darussalam,BRN,East Asia & Pacific,High income,2006,3868.0,73.3965844402277
Bhutan,BTN,South Asia,Lower middle income,2006,26655.74,69.9313692053415
Botswana,BWA,Sub-Saharan Africa,Upper middle income,2006,169109.0,29.839429710797
Central African Republic,CAF,Sub-Saharan Africa,Low income,2006,227230.0,36.4746861857524
Canada,CAN,North America,High income,2006,3475141.14,38.7608750790522
Switzerland,CHE,Europe & Central Asia,High income,2006,12193.04,30.8557657743037
Channel Islands,CHI,Europe & Central Asia,High income,2006,9.44,4.76767676767677
Chile,CHL,Latin America & Caribbean,High income,2006,163619.8,22.005750929348
China,CHN,East Asia & Pacific,Upper middle income,2006,1911664.48,20.3623927769671
Cote d'Ivoire,CIV,Sub-Saharan Africa,Lower middle income,2006,44171.28,13.8903396226415
Cameroon,CMR,Sub-Saharan Africa,Lower middle income,2006,211792.84,44.8039686065452
"Congo, Dem. Rep.",COD,Sub-Saharan Africa,Low income,2006,1398610.0,61.6929489865685
"Congo, Rep.",COG,Sub-Saharan Africa,Lower middle income,2006,221230.0,64.7818448023426
Colombia,COL,Latin America & Caribbean,Upper middle income,2006,615788.74,55.5014637223975
Comoros,COM,Sub-Saharan Africa,Lower middle income,2006,390.52,20.9844169801182
Cabo Verde,CPV,Sub-Saharan Africa,Upper middle income,2006,415.2,10.302729528536
Costa Rica,CRI,Latin America & Caribbean,High income,2006,28656.08,56.122365844105
Cuba,CUB,Latin America & Caribbean,Upper middle income,2006,27332.0,25.68072911773
Cayman Islands,CYM,Latin America & Caribbean,High income,2006,128.04,53.35
Cyprus,CYP,Europe & Central Asia,High income,2006,1723.48,18.652380952381
Czechia,CZE,Europe & Central Asia,High income,2006,26493.44,34.295715210356
Germany,DEU,Europe & Central Asia,High income,2006,113870.0,32.653704978206
Djibouti,DJI,Middle East & North Africa,Lower middle income,2006,56.0,0.241587575496117
Dominica,DMA,Latin America & Caribbean,Upper middle income,2006,478.7,63.8266666666667
Denmark,DNK,Europe & Central Asia,High income,2006,5805.34,14.51335
Dominican Republic,DOM,Latin America & Caribbean,Upper middle income,2006,20328.6,42.079486648727
Algeria,DZA,Middle East & North Africa,Upper middle income,2006,17824.0,0.748360442365665
Ecuador,ECU,Latin America & Caribbean,Upper middle income,2006,133091.14,53.5879932356257
"Egypt, Arab Rep.",EGY,Middle East & North Africa,Lower middle income,2006,630.68,0.0633562710332011
Eritrea,ERI,Sub-Saharan Africa,Low income,2006,10995.0,9.08647415225366
Spain,ESP,Europe & Central Asia,High income,2006,179647.76,36.002998116157
Estonia,EST,Europe & Central Asia,High income,2006,22971.68,54.1912715263034
Ethiopia,ETH,Sub-Saharan Africa,Low income,2006,180905.0,16.0289636874706
Finland,FIN,Europe & Central Asia,High income,2006,223234.56,73.4058597218112
Fiji,FJI,East Asia & Pacific,Upper middle income,2006,10465.32,57.2814449917898
France,FRA,Europe & Central Asia,High income,2006,159666.0,29.6253826885611
Faroe Islands,FRO,Europe & Central Asia,High income,2006,0.8,0.0573065902578797
"Micronesia, Fed. Sts.",FSM,East Asia & Pacific,Upper middle income,2006,640.22,91.46
Gabon,GAB,Sub-Saharan Africa,Upper middle income,2006,236696.46,91.8603096984515
United Kingdom,GBR,Europe & Central Asia,High income,2006,30170.0,12.4705493324515
Georgia,GEO,Europe & Central Asia,Upper middle income,2006,27976.8,40.2601813210534
Ghana,GHA,Sub-Saharan Africa,Lower middle income,2006,83052.02,36.4999648413466
Gibraltar,GIB,Europe & Central Asia,High income,2006,0.0,0.0
Guinea,GIN,Sub-Saharan Africa,Lower middle income,2006,67130.0,27.319713495035
"Gambia, The",GMB,Sub-Saharan Africa,Low income,2006,3229.32,31.9102766798419
Guinea-Bissau,GNB,Sub-Saharan Africa,Low income,2006,20982.1,74.6162873399715
Equatorial Guinea,GNQ,Sub-Saharan Africa,Upper middle income,2006,25654.38,91.4594652406417
Greece,GRC,Europe & Central Asia,High income,2006,37811.736,29.3341629169899
Grenada,GRD,Latin America & Caribbean,Upper middle income,2006,177.0,52.0588235294118
Greenland,GRL,Europe & Central Asia,High income,2006,2.2,0.0005359970763795
Guatemala,GTM,Latin America & Caribbean,Upper middle income,2006,39172.4,36.5550578574095
Guam,GUM,East Asia & Pacific,High income,2006,240.0,44.4444444444444
Guyana,GUY,Latin America & Caribbean,High income,2006,185375.74,94.1710642621285
Honduras,HND,Latin America & Caribbean,Lower middle income,2006,66565.9,59.4922691929574
Croatia,HRV,Europe & Central Asia,High income,2006,19060.0,34.0576084625831
Haiti,HTI,Latin America & Caribbean,Lower middle income,2006,3792.88,13.7622641509434
Hungary,HUN,Europe & Central Asia,High income,2006,19963.02,22.2776699029126
Indonesia,IDN,East Asia & Pacific,Upper middle income,2006,1003075.2,53.4255685295329
Isle of Man,IMN,Europe & Central Asia,High income,2006,34.6,6.07017543859649
India,IND,South Asia,Lower middle income,2006,687340.0,23.1179305728864
Ireland,IRL,Europe & Central Asia,High income,2006,6843.72,9.93427202787052
"Iran, Islamic Rep.",IRN,Middle East & North Africa,Upper middle income,2006,101454.52,6.22894226282571
Iraq,IRQ,Middle East & North Africa,Upper middle income,2006,8222.0,1.87987287651188
Iceland,ISL,Europe & Central Asia,High income,2006,387.34,0.386374064837905
Israel,ISR,Middle East & North Africa,High income,2006,1536.0,7.09796672828096
Italy,ITA,Europe & Central Asia,High income,2006,87645.24,29.6381146903469
Jamaica,JAM,Latin America & Caribbean,Upper middle income,2006,5434.7,50.1819021237304
Jordan,JOR,Middle East & North Africa,Upper middle income,2006,975.0,1.10494106980961
Japan,JPN,East Asia & Pacific,High income,2006,249300.0,68.3950617283951
Kazakhstan,KAZ,Europe & Central Asia,Upper middle income,2006,31120.78,1.15274956476646
Kenya,KEN,Sub-Saharan Africa,Lower middle income,2006,37542.8,6.59640861650912
Kyrgyz Republic,KGZ,Europe & Central Asia,Lower middle income,2006,12101.68,6.30953076120959
Cambodia,KHM,East Asia & Pacific,Lower middle income,2006,106659.38,60.4233967822343
Kiribati,KIR,East Asia & Pacific,Lower middle income,2006,11.8,1.45679012345679
St. Kitts and Nevis,KNA,Latin America & Caribbean,High income,2006,110.0,42.3076923076923
"Korea, Rep.",KOR,East Asia & Pacific,High income,2006,64226.0,66.2943848059455
Kuwait,KWT,Middle East & North Africa,High income,2006,56.9,0.319304152637486
Lao PDR,LAO,East Asia & Pacific,Lower middle income,2006,171343.0,74.2387348353553
Lebanon,LBN,Middle East & North Africa,Lower middle income,2006,1376.82,13.458651026393
Liberia,LBR,Sub-Saharan Africa,Low income,2006,80410.8,83.4829734219269
Libya,LBY,Middle East & North Africa,Upper middle income,2006,2170.0,0.123327687918433
St. Lucia,LCA,Latin America & Caribbean,Upper middle income,2006,208.66,34.2065573770492
Liechtenstein,LIE,Europe & Central Asia,High income,2006,66.995,41.871875
Sri Lanka,LKA,South Asia,Upper middle income,2006,21287.4,33.9457821719024
Lesotho,LSO,Sub-Saharan Africa,Lower middle income,2006,345.2,1.13702239789196
Lithuania,LTU,Europe & Central Asia,High income,2006,21100.0,33.6630504148054
Luxembourg,LUX,Europe & Central Asia,High income,2006,879.0,34.1430824328209
Latvia,LVA,Europe & Central Asia,High income,2006,33196.72,53.3477750815562
Morocco,MAR,Middle East & North Africa,Lower middle income,2006,56073.58,12.5641003809097
Monaco,MCO,Europe & Central Asia,High income,2006,0.0,0.0
Moldova,MDA,Europe & Central Asia,Upper middle income,2006,3624.6,11.0203709334144
Madagascar,MDG,Sub-Saharan Africa,Low income,2006,127494.56,21.9236097259002
Maldives,MDV,South Asia,Upper middle income,2006,8.2,2.73333333333333
Mexico,MEX,Latin America & Caribbean,Upper middle income,2006,675185.26,34.7326453869698
Marshall Islands,MHL,East Asia & Pacific,Upper middle income,2006,94.0,52.2222222222222
North Macedonia,MKD,Europe & Central Asia,Upper middle income,2006,9592.78,37.7222965001966
Mali,MLI,Sub-Saharan Africa,Low income,2006,132960.0,10.896663634352
Malta,MLT,Middle East & North Africa,High income,2006,3.5,1.09375
Myanmar,MMR,East Asia & Pacific,Lower middle income,2006,328118.44,50.2117067348157
Montenegro,MNE,Europe & Central Asia,Upper middle income,2006,7466.0,55.5092936802974
Mongolia,MNG,East Asia & Pacific,Upper middle income,2006,142159.0,9.12762336031384
Northern Mariana Islands,MNP,East Asia & Pacific,High income,2006,309.76,67.3391304347826
Mozambique,MOZ,Sub-Saharan Africa,Low income,2006,398584.84,50.6860347414736
Mauritania,MRT,Sub-Saharan Africa,Lower middle income,2006,3890.0,0.377413408363248
Mauritius,MUS,Sub-Saharan Africa,Upper middle income,2006,398.06,19.6088669950739
Malawi,MWI,Sub-Saharan Africa,Low income,2006,28297.0,30.0137887144675
Malaysia,MYS,East Asia & Pacific,Upper middle income,2006,192451.3,58.5759549535839
Namibia,NAM,Sub-Saharan Africa,Lower middle income,2006,76330.276,9.2713716916275
New Caledonia,NCL,East Asia & Pacific,High income,2006,8385.52,45.872647702407
Niger,NER,Sub-Saharan Africa,Low income,2006,12535.8,0.989642377832162
Nigeria,NGA,Sub-Saharan Africa,Lower middle income,2006,239132.04,26.2560295134886
Nicaragua,NIC,Latin America & Caribbean,Lower middle income,2006,46726.18,38.8284693368788
Netherlands,NLD,Europe & Central Asia,High income,2006,3678.88,10.8971563981043
Norway,NOR,Europe & Central Asia,High income,2006,121064.0,33.1460612631556
Nepal,NPL,South Asia,Lower middle income,2006,58895.22,41.0849110568539
Naoero,NRU,East Asia & Pacific,High income,2006,0.0,0.0
New Zealand,NZL,East Asia & Pacific,High income,2006,98490.48,37.4047624473055
Oman,OMN,Middle East & North Africa,High income,2006,30.0,0.0096930533117932
Pakistan,PAK,Middle East & North Africa,Lower middle income,2006,42607.42,5.52711446658364
Panama,PAN,Latin America & Caribbean,High income,2006,43736.5,58.833064299166
Peru,PER,Latin America & Caribbean,Upper middle income,2006,745490.12,58.241415625
Philippines,PHL,East Asia & Pacific,Upper middle income,2006,70275.36,23.5688902304055
Palau,PLW,East Asia & Pacific,High income,2006,401.68,87.3217391304348
Papua New Guinea,PNG,East Asia & Pacific,Lower middle income,2006,362185.177,79.977294748929
Poland,POL,Europe & Central Asia,High income,2006,92210.0,30.1025071820319
Puerto Rico (US),PRI,Latin America & Caribbean,High income,2006,4665.3,52.5963923337091
"Korea, Dem. People's Rep.",PRK,East Asia & Pacific,Low income,2006,63273.1,52.5480441823769
Portugal,PRT,Europe & Central Asia,High income,2006,32636.0,35.679457745709
Paraguay,PRY,Latin America & Caribbean,Upper middle income,2006,209387.86,52.702708280896
West Bank and Gaza,PSE,Middle East & North Africa,Lower middle income,2006,96.02,1.59501661129568
French Polynesia,PYF,East Asia & Pacific,High income,2006,1490.96,42.9547680783636
Qatar,QAT,Middle East & North Africa,High income,2006,0.0,0.0
Romania,ROU,Europe & Central Asia,High income,2006,64554.0,28.069397338899
Russian Federation,RUS,Europe & Central Asia,High income,2006,8127887.6,49.6276507015009
Rwanda,RWA,Sub-Saharan Africa,Low income,2006,2738.0,11.0985002026753
Saudi Arabia,SAU,Middle East & North Africa,High income,2006,9770.0,0.454484134921779
Senegal,SEN,Sub-Saharan Africa,Lower middle income,2006,86221.6,44.7834623175609
Singapore,SGP,East Asia & Pacific,High income,2006,174.496,25.1435158501441
Solomon Islands,SLB,East Asia & Pacific,Lower middle income,2006,25332.08,90.5040371561272
Sierra Leone,SLE,Sub-Saharan Africa,Low income,2006,28110.68,38.9452479911333
El Salvador,SLV,Latin America & Caribbean,Upper middle income,2006,6468.8,31.2200772200772
San Marino,SMR,Europe & Central Asia,High income,2006,10.0,16.6666666666667
"Somalia, Fed. Rep.",SOM,Sub-Saharan Africa,Low income,2006,70545.0,11.245098351771
Serbia,SRB,Europe & Central Asia,Upper middle income,2006,26118.0,29.8627944203064
Sao Tome and Principe,STP,Sub-Saharan Africa,Lower middle income,2006,582.04,60.6291666666667
Suriname,SUR,Latin America & Caribbean,Upper middle income,2006,153162.64,95.4239116762128
Slovak Republic,SVK,Europe & Central Asia,High income,2006,19113.1,39.7361746361746
Slovenia,SVN,Europe & Central Asia,High income,2006,12414.0,61.6385302879841
Sweden,SWE,Europe & Central Asia,High income,2006,281090.0,69.0062863992879
Eswatini,SWZ,Sub-Saharan Africa,Lower middle income,2006,4805.7,27.9401162790698
Seychelles,SYC,Sub-Saharan Africa,High income,2006,337.0,73.2608695652174
Syrian Arab Republic,SYR,Middle East & North Africa,Low income,2006,4680.8,2.5490388280782
Turks and Caicos Islands,TCA,Latin America & Caribbean,High income,2006,105.2,11.0736842105263
Chad,TCD,Sub-Saharan Africa,Low income,2006,58592.0,4.65311308767471
Togo,TGO,Sub-Saharan Africa,Lower middle income,2006,12507.076,22.995175583747
Thailand,THA,East Asia & Pacific,Upper middle income,2006,196430.0,38.4485897159858
Tajikistan,TJK,Europe & Central Asia,Lower middle income,2006,4100.0,2.92940840240069
Turkmenistan,TKM,Europe & Central Asia,Upper middle income,2006,41270.0,8.78215904496414
Timor-Leste,TLS,East Asia & Pacific,Lower middle income,2006,9407.0,63.261600537996
Tonga,TON,East Asia & Pacific,Upper middle income,2006,89.5,12.4305555555556
Trinidad and Tobago,TTO,Latin America & Caribbean,High income,2006,2341.06,45.6346978557505
Tunisia,TUN,Middle East & North Africa,Lower middle income,2006,6795.98,4.37434346035015
Turkiye,TUR,Europe & Central Asia,Upper middle income,2006,207091.88,26.9079791588166
Tuvalu,TUV,East Asia & Pacific,Upper middle income,2006,10.0,33.3333333333333
Tanzania,TZA,Sub-Saharan Africa,Lower middle income,2006,514380.1,58.069552946489
Uganda,UGA,Sub-Saharan Africa,Low income,2006,29154.32,14.5910214703969
Ukraine,UKR,Europe & Central Asia,Upper middle income,2006,95328.0,16.4540182270091
Uruguay,URY,Latin America & Caribbean,High income,2006,15863.8,9.06399268655011
United States,USA,North America,High income,2006,3066464.0,33.4696657469177
Uzbekistan,UZB,Europe & Central Asia,Lower middle income,2006,31943.444,7.32899942640817
St. Vincent and the Grenadines,VCT,Latin America & Caribbean,Upper middle income,2006,285.4,73.1794871794872
"Venezuela, RB",VEN,Latin America & Caribbean,Lower middle income,2006,481634.0,54.603934017346
British Virgin Islands,VGB,Latin America & Caribbean,High income,2006,36.52,24.3466666666667
Virgin Islands (U.S.),VIR,Latin America & Caribbean,High income,2006,192.46,54.9885714285714
Viet Nam,VNM,East Asia & Pacific,Upper middle income,2006,127464.76,40.7502549593184
Vanuatu,VUT,East Asia & Pacific,Lower middle income,2006,4423.0,36.2838392124692
Samoa,WSM,East Asia & Pacific,Upper middle income,2006,1684.18,59.5116607773852
"Yemen, Rep.",YEM,Middle East & North Africa,Low income,2006,5490.0,1.03983180862549
South Africa,ZAF,Sub-Saharan Africa,Upper middle income,2006,175596.9,14.4751749664081
Zambia,ZMB,Sub-Saharan Africa,Lower middle income,2006,468392.0,63.0075734136859
Zimbabwe,ZWE,Sub-Saharan Africa,Lower middle income,2006,180895.6,46.7611735814915
Aruba,ABW,Latin America & Caribbean,High income,2007,4.2,2.33333333333333
Afghanistan,AFG,Middle East & North Africa,Low income,2007,12084.4,1.85278199408184
Angola,AGO,Sub-Saharan Africa,Lower middle income,2007,738231.83,59.2148736664795
Albania,ALB,Europe & Central Asia,Upper middle income,2007,7782.39,28.4028832116788
Andorra,AND,Europe & Central Asia,High income,2007,160.0,34.0425531914894
United Arab Emirates,ARE,Middle East & North Africa,High income,2007,3149.39,4.43451140523796
Argentina,ARG,Latin America & Caribbean,Upper middle income,2007,311632.0,11.3871867109537
Armenia,ARM,Europe & Central Asia,Upper middle income,2007,3311.84,11.6327362135581
American Samoa,ASM,East Asia & Pacific,High income,2007,175.2,87.6
Antigua and Barbuda,ATG,Latin America & Caribbean,High income,2007,89.81,20.4113636363636
Australia,AUS,East Asia & Pacific,High income,2007,1302265.0,16.951498900069
Austria,AUT,Europe & Central Asia,High income,2007,38556.82,46.7242123121667
Azerbaijan,AZE,Europe & Central Asia,Upper middle income,2007,10189.122,12.3311694441419
Burundi,BDI,Sub-Saharan Africa,Low income,2007,1939.4,7.55218068535826
Belgium,BEL,Europe & Central Asia,High income,2007,6830.99,22.5199947252168
Benin,BEN,Sub-Saharan Africa,Lower middle income,2007,37851.5,33.5681979425328
Burkina Faso,BFA,Sub-Saharan Africa,Low income,2007,68665.0,25.0968567251462
Bangladesh,BGD,South Asia,Lower middle income,2007,18979.379,14.5804555581163
Bulgaria,BGR,Europe & Central Asia,High income,2007,36284.0,33.407605192892
Bahrain,BHR,Middle East & North Africa,High income,2007,4.75,0.633333333333333
"Bahamas, The",BHS,Latin America & Caribbean,High income,2007,5098.6,50.9350649350649
Bosnia and Herzegovina,BIH,Europe & Central Asia,Upper middle income,2007,21053.57,41.12025390625
Belarus,BLR,Europe & Central Asia,Upper middle income,2007,85229.0,42.0052143656266
Belize,BLZ,Latin America & Caribbean,Upper middle income,2007,14117.63,61.8922840859272
Bermuda,BMU,North America,High income,2007,10.0,18.5185185185185
Bolivia,BOL,Latin America & Caribbean,Lower middle income,2007,536906.24,49.5621009877227
Brazil,BRA,Latin America & Caribbean,Upper middle income,2007,5234330.7,62.6255446786007
Barbados,BRB,Latin America & Caribbean,High income,2007,63.0,14.6511627906977
Brunei Darussalam,BRN,East Asia & Pacific,High income,2007,3851.0,73.0740037950664
Bhutan,BTN,South Asia,Lower middle income,2007,26755.03,70.1918566518876
Botswana,BWA,Sub-Saharan Africa,Upper middle income,2007,167926.0,29.6306883348332
Central African Republic,CAF,Sub-Saharan Africa,Low income,2007,226930.0,36.426530546727
Canada,CAN,North America,High income,2007,3474661.38,38.7555239532479
Switzerland,CHE,Europe & Central Asia,High income,2007,12231.58,30.9542548630875
Channel Islands,CHI,Europe & Central Asia,High income,2007,9.63,4.86363636363636
Chile,CHL,Latin America & Caribbean,High income,2007,164528.0,22.1278976560525
China,CHN,East Asia & Pacific,Upper middle income,2007,1935274.31,20.6138778860824
Cote d'Ivoire,CIV,Sub-Saharan Africa,Lower middle income,2007,43042.41,13.5353490566038
Cameroon,CMR,Sub-Saharan Africa,Lower middle income,2007,211095.83,44.6565187958791
"Congo, Dem. Rep.",COD,Sub-Saharan Africa,Low income,2007,1391880.0,61.3960874263911
"Congo, Rep.",COG,Sub-Saharan Africa,Lower middle income,2007,221110.0,64.7467057101025
Colombia,COL,Latin America & Caribbean,Upper middle income,2007,613861.03,55.3277178909419
Comoros,COM,Sub-Saharan Africa,Lower middle income,2007,386.14,20.749059645352
Cabo Verde,CPV,Sub-Saharan Africa,Upper middle income,2007,418.2,10.3771712158809
Costa Rica,CRI,Latin America & Caribbean,High income,2007,28670.06,56.1497453975715
Cuba,CUB,Latin America & Caribbean,Upper middle income,2007,27829.0,26.1452461480646
Cayman Islands,CYM,Latin America & Caribbean,High income,2007,127.83,53.2625
Cyprus,CYP,Europe & Central Asia,High income,2007,1724.71,18.6656926406926
Czechia,CZE,Europe & Central Asia,High income,2007,26513.53,34.3217216828479
Germany,DEU,Europe & Central Asia,High income,2007,113925.0,32.6741618148966
Djibouti,DJI,Middle East & North Africa,Lower middle income,2007,56.0,0.241587575496117
Dominica,DMA,Latin America & Caribbean,Upper middle income,2007,478.7,63.8266666666667
Denmark,DNK,Europe & Central Asia,High income,2007,5820.23,14.550575
Dominican Republic,DOM,Latin America & Caribbean,Upper middle income,2007,20429.25,42.2878286069137
Algeria,DZA,Middle East & North Africa,Upper middle income,2007,18163.0,0.762593733992795
Ecuador,ECU,Latin America & Caribbean,Upper middle income,2007,132388.83,53.305214205186
"Egypt, Arab Rep.",EGY,Middle East & North Africa,Lower middle income,2007,637.11,0.0640022100557537
Eritrea,ERI,Sub-Saharan Africa,Low income,2007,10963.4,9.0582202286878
Spain,ESP,Europe & Central Asia,High income,2007,181099.17,36.2844202680772
Estonia,EST,Europe & Central Asia,High income,2007,23068.81,54.4204057560746
Ethiopia,ETH,Sub-Saharan Africa,Low income,2007,180175.0,15.9640279304701
Finland,FIN,Europe & Central Asia,High income,2007,223030.92,73.3437206090302
Fiji,FJI,East Asia & Pacific,Upper middle income,2007,10532.09,57.6469074986316
France,FRA,Europe & Central Asia,High income,2007,160797.0,29.8352351795157
Faroe Islands,FRO,Europe & Central Asia,High income,2007,0.8,0.0573065902578797
"Micronesia, Fed. Sts.",FSM,East Asia & Pacific,Upper middle income,2007,640.49,91.4985714285714
Gabon,GAB,Sub-Saharan Africa,Upper middle income,2007,236645.87,91.8406760585245
United Kingdom,GBR,Europe & Central Asia,High income,2007,30275.0,12.5139503162072
Georgia,GEO,Europe & Central Asia,Upper middle income,2007,28038.6,40.3491149805727
Ghana,GHA,Sub-Saharan Africa,Lower middle income,2007,82146.34,36.1019337259383
Gibraltar,GIB,Europe & Central Asia,High income,2007,0.0,0.0
Guinea,GIN,Sub-Saharan Africa,Lower middle income,2007,66770.0,27.1732052742959
"Gambia, The",GMB,Sub-Saharan Africa,Low income,2007,3171.99,31.3437747035573
Guinea-Bissau,GNB,Sub-Saharan Africa,Low income,2007,20897.65,74.3159672830726
Equatorial Guinea,GNQ,Sub-Saharan Africa,Upper middle income,2007,25570.81,91.1615329768271
Greece,GRC,Europe & Central Asia,High income,2007,38113.31,29.56812257564
Grenada,GRD,Latin America & Caribbean,Upper middle income,2007,177.0,52.0588235294118
Greenland,GRL,Europe & Central Asia,High income,2007,2.2,0.0005359970763795
Guatemala,GTM,Latin America & Caribbean,Upper middle income,2007,38685.8,36.1009705113849
Guam,GUM,East Asia & Pacific,High income,2007,240.0,44.4444444444444
Guyana,GUY,Latin America & Caribbean,High income,2007,185331.33,94.1485039370079
Honduras,HND,Latin America & Caribbean,Lower middle income,2007,66363.1,59.3110197515417
Croatia,HRV,Europe & Central Asia,High income,2007,19095.0,34.1201486670002
Haiti,HTI,Latin America & Caribbean,Lower middle income,2007,3790.61,13.7540275761974
Hungary,HUN,Europe & Central Asia,High income,2007,20088.24,22.4174087713425
Indonesia,IDN,East Asia & Pacific,Upper middle income,2007,1001454.4,53.3392418398962
Isle of Man,IMN,Europe & Central Asia,High income,2007,34.6,6.07017543859649
India,IND,South Asia,Lower middle income,2007,689245.0,23.1820031683142
Ireland,IRL,Europe & Central Asia,High income,2007,6933.74,10.0649441138046
"Iran, Islamic Rep.",IRN,Middle East & North Africa,Upper middle income,2007,102820.84,6.31282939168447
Iraq,IRQ,Middle East & North Africa,Upper middle income,2007,8229.0,1.88147335208176
Iceland,ISL,Europe & Central Asia,High income,2007,402.18,0.401177057356608
Israel,ISR,Middle East & North Africa,High income,2007,1537.0,7.10258780036969
Italy,ITA,Europe & Central Asia,High income,2007,88304.03,29.860891119242
Jamaica,JAM,Latin America & Caribbean,Upper middle income,2007,5472.15,50.5277008310249
Jordan,JOR,Middle East & North Africa,Upper middle income,2007,975.0,1.10494106980961
Japan,JPN,East Asia & Pacific,High income,2007,249390.0,68.4197530864198
Kazakhstan,KAZ,Europe & Central Asia,Upper middle income,2007,31046.034,1.1499808867652
Kenya,KEN,Sub-Saharan Africa,Lower middle income,2007,37197.95,6.5358171978775
Kyrgyz Republic,KGZ,Europe & Central Asia,Lower middle income,2007,12150.46,6.33496350364964
Cambodia,KHM,East Asia & Pacific,Lower middle income,2007,106467.61,60.314757534557
Kiribati,KIR,East Asia & Pacific,Lower middle income,2007,11.8,1.45679012345679
St. Kitts and Nevis,KNA,Latin America & Caribbean,High income,2007,110.0,42.3076923076923
"Korea, Rep.",KOR,East Asia & Pacific,High income,2007,64137.0,66.1751960379695
Kuwait,KWT,Middle East & North Africa,High income,2007,58.3,0.327160493827161
Lao PDR,LAO,East Asia & Pacific,Lower middle income,2007,170858.5,74.0288128249567
Lebanon,LBN,Middle East & North Africa,Lower middle income,2007,1375.99,13.4505376344086
Liberia,LBR,Sub-Saharan Africa,Low income,2007,80108.2,83.1688122923588
Libya,LBY,Middle East & North Africa,Upper middle income,2007,2170.0,0.123327687918433
St. Lucia,LCA,Latin America & Caribbean,Upper middle income,2007,208.42,34.1672131147541
Liechtenstein,LIE,Europe & Central Asia,High income,2007,66.994,41.87125
Sri Lanka,LKA,South Asia,Upper middle income,2007,21224.6,33.8456386541221
Lesotho,LSO,Sub-Saharan Africa,Lower middle income,2007,345.2,1.13702239789196
Lithuania,LTU,Europe & Central Asia,High income,2007,21250.0,33.9023611997447
Luxembourg,LUX,Europe & Central Asia,High income,2007,881.0,34.2207686272073
Latvia,LVA,Europe & Central Asia,High income,2007,33327.84,53.5584874732833
Morocco,MAR,Middle East & North Africa,Lower middle income,2007,56241.61,12.6017499439839
Monaco,MCO,Europe & Central Asia,High income,2007,0.0,0.0
Moldova,MDA,Europe & Central Asia,Upper middle income,2007,3654.7,11.1118881118881
Madagascar,MDG,Sub-Saharan Africa,Low income,2007,127025.87,21.8430150978437
Maldives,MDV,South Asia,Upper middle income,2007,8.2,2.73333333333333
Mexico,MEX,Latin America & Caribbean,Upper middle income,2007,673747.22,34.6586702332879
Marshall Islands,MHL,East Asia & Pacific,Upper middle income,2007,94.0,52.2222222222222
North Macedonia,MKD,Europe & Central Asia,Upper middle income,2007,9595.66,38.0327388030123
Mali,MLI,Sub-Saharan Africa,Low income,2007,132960.0,10.896663634352
Malta,MLT,Middle East & North Africa,High income,2007,3.5,1.09375
Myanmar,MMR,East Asia & Pacific,Lower middle income,2007,324691.33,49.6834572775126
Montenegro,MNE,Europe & Central Asia,Upper middle income,2007,7667.0,57.003717472119
Mongolia,MNG,East Asia & Pacific,Upper middle income,2007,142079.0,9.12248678880711
Northern Mariana Islands,MNP,East Asia & Pacific,High income,2007,308.12,66.9826086956522
Mozambique,MOZ,Sub-Saharan Africa,Low income,2007,396368.98,50.4042549403596
Mauritania,MRT,Sub-Saharan Africa,Lower middle income,2007,3835.6,0.372135441932667
Mauritius,MUS,Sub-Saharan Africa,Upper middle income,2007,394.52,19.4344827586207
Malawi,MWI,Sub-Saharan Africa,Low income,2007,27877.0,29.5683071701315
Malaysia,MYS,East Asia & Pacific,Upper middle income,2007,191707.6,58.3495967128291
Namibia,NAM,Sub-Saharan Africa,Lower middle income,2007,75620.182,9.18512091729524
New Caledonia,NCL,East Asia & Pacific,High income,2007,8386.69,45.8790481400438
Niger,NER,Sub-Saharan Africa,Low income,2007,12411.6,0.979837372700718
Nigeria,NGA,Sub-Saharan Africa,Lower middle income,2007,237498.98,26.0767240906047
Nicaragua,NIC,Latin America & Caribbean,Lower middle income,2007,45515.01,37.8220126308792
Netherlands,NLD,Europe & Central Asia,High income,2007,3692.86,10.9385663507109
Norway,NOR,Europe & Central Asia,High income,2007,121053.0,33.1430495778165
Nepal,NPL,South Asia,Lower middle income,2007,59076.49,41.2113637949076
Naoero,NRU,East Asia & Pacific,High income,2007,0.0,0.0
New Zealand,NZL,East Asia & Pacific,High income,2007,98488.16,37.4038813565759
Oman,OMN,Middle East & North Africa,High income,2007,30.0,0.0096930533117932
Pakistan,PAK,Middle East & North Africa,Lower middle income,2007,42189.89,5.47295169157327
Panama,PAN,Latin America & Caribbean,High income,2007,43622.35,58.6795130481571
Peru,PER,Latin America & Caribbean,Upper middle income,2007,744242.09,58.14391328125
Philippines,PHL,East Asia & Pacific,Upper middle income,2007,69805.82,23.4114163061341
Palau,PLW,East Asia & Pacific,High income,2007,402.66,87.5347826086957
Papua New Guinea,PNG,East Asia & Pacific,Lower middle income,2007,362086.096,79.9554158017931
Poland,POL,Europe & Central Asia,High income,2007,92480.0,30.1906503003395
Puerto Rico (US),PRI,Latin America & Caribbean,High income,2007,4727.6,53.2987598647125
"Korea, Dem. People's Rep.",PRK,East Asia & Pacific,Low income,2007,63060.8,52.3717299227639
Portugal,PRT,Europe & Central Asia,High income,2007,32607.0,35.647753361758
Paraguay,PRY,Latin America & Caribbean,Upper middle income,2007,205966.42,51.841535363705
West Bank and Gaza,PSE,Middle East & North Africa,Lower middle income,2007,96.89,1.60946843853821
French Polynesia,PYF,East Asia & Pacific,High income,2007,1491.87,42.980985306828
Qatar,QAT,Middle East & North Africa,High income,2007,0.0,0.0
Romania,ROU,Europe & Central Asia,High income,2007,64703.0,28.1451998782026
Russian Federation,RUS,Europe & Central Asia,High income,2007,8133754.7,49.6634743255174
Rwanda,RWA,Sub-Saharan Africa,Low income,2007,2716.0,11.0093230644508
Saudi Arabia,SAU,Middle East & North Africa,High income,2007,9770.0,0.454484134921779
Senegal,SEN,Sub-Saharan Africa,Lower middle income,2007,85836.6,44.5834934815353
Singapore,SGP,East Asia & Pacific,High income,2007,175.223,25.2119424460432
Solomon Islands,SLB,East Asia & Pacific,Lower middle income,2007,25324.76,90.4778849589139
Sierra Leone,SLE,Sub-Saharan Africa,Low income,2007,27913.41,38.6719451371571
El Salvador,SLV,Latin America & Caribbean,Upper middle income,2007,6423.8,31.0028957528958
San Marino,SMR,Europe & Central Asia,High income,2007,10.0,16.6666666666667
"Somalia, Fed. Rep.",SOM,Sub-Saharan Africa,Low income,2007,69777.5,11.1227564000383
Serbia,SRB,Europe & Central Asia,Upper middle income,2007,26371.0,30.1520695174937
Sao Tome and Principe,STP,Sub-Saharan Africa,Lower middle income,2007,581.78,60.6020833333333
Suriname,SUR,Latin America & Caribbean,Upper middle income,2007,153121.63,95.3983614857888
Slovak Republic,SVK,Europe & Central Asia,High income,2007,19129.6,39.7704781704782
Slovenia,SVN,Europe & Central Asia,High income,2007,12428.0,61.708043694141
Sweden,SWE,Europe & Central Asia,High income,2007,281000.0,68.9841918182784
Eswatini,SWZ,Sub-Saharan Africa,Lower middle income,2007,4817.85,28.0107558139535
Seychelles,SYC,Sub-Saharan Africa,High income,2007,337.0,73.2608695652174
Syrian Arab Republic,SYR,Middle East & North Africa,Low income,2007,4740.8,2.5815726421259
Turks and Caicos Islands,TCA,Latin America & Caribbean,High income,2007,105.2,11.0736842105263
Chad,TCD,Sub-Saharan Africa,Low income,2007,57769.0,4.5877541296061
Togo,TGO,Sub-Saharan Africa,Lower middle income,2007,12477.482,22.9407648464791
Thailand,THA,East Asia & Pacific,Upper middle income,2007,197505.0,38.6590068312161
Tajikistan,TJK,Europe & Central Asia,Lower middle income,2007,4100.0,2.92940840240069
Turkmenistan,TKM,Europe & Central Asia,Upper middle income,2007,41270.0,8.78215904496414
Timor-Leste,TLS,East Asia & Pacific,Lower middle income,2007,9393.0,63.1674512441157
Tonga,TON,East Asia & Pacific,Upper middle income,2007,89.5,12.4305555555556
Trinidad and Tobago,TTO,Latin America & Caribbean,High income,2007,2336.82,45.5520467836257
Tunisia,TUN,Middle East & North Africa,Lower middle income,2007,6815.56,4.3869464469619
Turkiye,TUR,Europe & Central Asia,Upper middle income,2007,208026.61,27.0294310252979
Tuvalu,TUV,East Asia & Pacific,Upper middle income,2007,10.0,33.3333333333333
Tanzania,TZA,Sub-Saharan Africa,Lower middle income,2007,510660.1,57.6495935877173
Uganda,UGA,Sub-Saharan Africa,Low income,2007,28741.79,14.3845603323157
Ukraine,UKR,Europe & Central Asia,Upper middle income,2007,95366.0,16.4614295824487
Uruguay,URY,Latin America & Caribbean,High income,2007,16226.1,9.27099760027425
United States,USA,North America,High income,2007,3071648.0,33.5262477733925
Uzbekistan,UZB,Europe & Central Asia,Lower middle income,2007,32331.583,7.41577282652574
St. Vincent and the Grenadines,VCT,Latin America & Caribbean,Upper middle income,2007,285.4,73.1794871794872
"Venezuela, RB",VEN,Latin America & Caribbean,Lower middle income,2007,479988.0,54.4173232809931
British Virgin Islands,VGB,Latin America & Caribbean,High income,2007,36.49,24.3266666666667
Virgin Islands (U.S.),VIR,Latin America & Caribbean,High income,2007,190.42,54.4057142857143
Viet Nam,VNM,East Asia & Pacific,Upper middle income,2007,129068.72,41.2943261730623
Vanuatu,VUT,East Asia & Pacific,Lower middle income,2007,4423.0,36.2838392124692
Samoa,WSM,East Asia & Pacific,Upper middle income,2007,1679.36,59.3413427561837
"Yemen, Rep.",YEM,Middle East & North Africa,Low income,2007,5490.0,1.03983180862549
South Africa,ZAF,Sub-Saharan Africa,Upper middle income,2007,175232.9,14.4451689487177
Zambia,ZMB,Sub-Saharan Africa,Lower middle income,2007,468034.0,62.959415649928
Zimbabwe,ZWE,Sub-Saharan Africa,Lower middle income,2007,180434.9,46.6420834948947
Aruba,ABW,Latin America & Caribbean,High income,2008,4.2,2.33333333333333
Afghanistan,AFG,Middle East & North Africa,Low income,2008,12084.4,1.85278199408184
Angola,AGO,Sub-Saharan Africa,Lower middle income,2008,732681.22,58.769649474613
Albania,ALB,Europe & Central Asia,Upper middle income,2008,7795.16,28.4494890510949
Andorra,AND,Europe & Central Asia,High income,2008,160.0,34.0425531914894
United Arab Emirates,ARE,Middle East & North Africa,High income,2008,3157.26,4.44559279076317
Argentina,ARG,Latin America & Caribbean,Upper middle income,2008,308468.0,11.2715725931691
Armenia,ARM,Europe & Central Asia,Upper middle income,2008,3309.76,11.6254302774851
American Samoa,ASM,East Asia & Pacific,High income,2008,174.9,87.45
Antigua and Barbuda,ATG,Latin America & Caribbean,High income,2008,89.14,20.2590909090909
Australia,AUS,East Asia & Pacific,High income,2008,1299997.0,16.9219764914153
Austria,AUT,Europe & Central Asia,High income,2008,38581.88,46.7545807077072
Azerbaijan,AZE,Europe & Central Asia,Upper middle income,2008,10234.397,12.3862623597613
Burundi,BDI,Sub-Saharan Africa,Low income,2008,1939.4,7.55218068535826
Belgium,BEL,Europe & Central Asia,High income,2008,6853.56,22.5944021362872
Benin,BEN,Sub-Saharan Africa,Lower middle income,2008,37351.5,33.1247782901738
Burkina Faso,BFA,Sub-Saharan Africa,Low income,2008,68165.0,24.9141081871345
Bangladesh,BGD,South Asia,Lower middle income,2008,18947.393,14.5558830759776
Bulgaria,BGR,Europe & Central Asia,High income,2008,36646.0,33.7409078353743
Bahrain,BHR,Middle East & North Africa,High income,2008,4.9,0.644736842105263
"Bahamas, The",BHS,Latin America & Caribbean,High income,2008,5098.6,50.9350649350649
Bosnia and Herzegovina,BIH,Europe & Central Asia,Upper middle income,2008,21044.58,41.1026953125
Belarus,BLR,Europe & Central Asia,Upper middle income,2008,85586.0,42.1809543523474
Belize,BLZ,Latin America & Caribbean,Upper middle income,2008,14049.72,61.5945637878124
Bermuda,BMU,North America,High income,2008,10.0,18.5185185185185
Bolivia,BOL,Latin America & Caribbean,Lower middle income,2008,534890.86,49.3760601864673
Brazil,BRA,Latin America & Caribbean,Upper middle income,2008,5194822.8,62.1528569753558
Barbados,BRB,Latin America & Caribbean,High income,2008,63.0,14.6511627906977
Brunei Darussalam,BRN,East Asia & Pacific,High income,2008,3834.0,72.7514231499051
Bhutan,BTN,South Asia,Lower middle income,2008,26854.32,70.4523440984338
Botswana,BWA,Sub-Saharan Africa,Upper middle income,2008,166743.0,29.4219469588693
Central African Republic,CAF,Sub-Saharan Africa,Low income,2008,226630.0,36.3783749077017
Canada,CAN,North America,High income,2008,3474181.62,38.7501728274436
Switzerland,CHE,Europe & Central Asia,High income,2008,12270.12,31.0522573251862
Channel Islands,CHI,Europe & Central Asia,High income,2008,9.82,4.95959595959596
Chile,CHL,Latin America & Caribbean,High income,2008,165436.2,22.2500443827569
China,CHN,East Asia & Pacific,Upper middle income,2008,1958884.14,20.8653616938384
Cote d'Ivoire,CIV,Sub-Saharan Africa,Lower middle income,2008,41913.54,13.180358490566
Cameroon,CMR,Sub-Saharan Africa,Lower middle income,2008,210398.82,44.5090689852129
"Congo, Dem. Rep.",COD,Sub-Saharan Africa,Low income,2008,1385150.0,61.0992258662138
"Congo, Rep.",COG,Sub-Saharan Africa,Lower middle income,2008,220990.0,64.7115666178624
Colombia,COL,Latin America & Caribbean,Upper middle income,2008,611933.32,55.1539720594863
Comoros,COM,Sub-Saharan Africa,Lower middle income,2008,381.76,20.5137023105857
Cabo Verde,CPV,Sub-Saharan Africa,Upper middle income,2008,421.2,10.4516129032258
Costa Rica,CRI,Latin America & Caribbean,High income,2008,28684.04,56.177124951038
Cuba,CUB,Latin America & Caribbean,Upper middle income,2008,28326.0,26.6121758737317
Cayman Islands,CYM,Latin America & Caribbean,High income,2008,127.62,53.175
Cyprus,CYP,Europe & Central Asia,High income,2008,1725.94,18.6790043290043
Czechia,CZE,Europe & Central Asia,High income,2008,26533.62,34.35217503884
Germany,DEU,Europe & Central Asia,High income,2008,113980.0,32.6936867165763
Djibouti,DJI,Middle East & North Africa,Lower middle income,2008,56.0,0.241587575496117
Dominica,DMA,Latin America & Caribbean,Upper middle income,2008,478.7,63.8266666666667
Denmark,DNK,Europe & Central Asia,High income,2008,5835.12,14.5878
Dominican Republic,DOM,Latin America & Caribbean,Upper middle income,2008,20529.9,42.4961705651004
Algeria,DZA,Middle East & North Africa,Upper middle income,2008,18502.0,0.776827025619925
Ecuador,ECU,Latin America & Caribbean,Upper middle income,2008,131686.52,53.0224351747463
"Egypt, Arab Rep.",EGY,Middle East & North Africa,Lower middle income,2008,643.54,0.0646481490783063
Eritrea,ERI,Sub-Saharan Africa,Low income,2008,10931.8,9.03025466560542
Spain,ESP,Europe & Central Asia,High income,2008,182550.58,36.5979510825982
Estonia,EST,Europe & Central Asia,High income,2008,23165.94,54.6495399858457
Ethiopia,ETH,Sub-Saharan Africa,Low income,2008,179445.0,15.9002339512815
Finland,FIN,Europe & Central Asia,High income,2008,222827.28,73.3225666337611
Fiji,FJI,East Asia & Pacific,Upper middle income,2008,10598.86,58.0123700054735
France,FRA,Europe & Central Asia,High income,2008,161928.0,30.0450876704704
Faroe Islands,FRO,Europe & Central Asia,High income,2008,0.8,0.0573065902578797
"Micronesia, Fed. Sts.",FSM,East Asia & Pacific,Upper middle income,2008,640.76,91.5371428571429
Gabon,GAB,Sub-Saharan Africa,Upper middle income,2008,236595.28,91.8210424185974
United Kingdom,GBR,Europe & Central Asia,High income,2008,30380.0,12.5573512999628
Georgia,GEO,Europe & Central Asia,Upper middle income,2008,28100.4,40.4380486400921
Ghana,GHA,Sub-Saharan Africa,Lower middle income,2008,81240.66,35.70390261053
Gibraltar,GIB,Europe & Central Asia,High income,2008,0.0,0.0
Guinea,GIN,Sub-Saharan Africa,Lower middle income,2008,66410.0,27.0266970535569
"Gambia, The",GMB,Sub-Saharan Africa,Low income,2008,3114.66,30.7772727272727
Guinea-Bissau,GNB,Sub-Saharan Africa,Low income,2008,20813.2,74.0156472261735
Equatorial Guinea,GNQ,Sub-Saharan Africa,Upper middle income,2008,25487.24,90.8636007130125
Greece,GRC,Europe & Central Asia,High income,2008,38414.883,29.802081458495
Grenada,GRD,Latin America & Caribbean,Upper middle income,2008,177.0,52.0588235294118
Greenland,GRL,Europe & Central Asia,High income,2008,2.2,0.0005359970763795
Guatemala,GTM,Latin America & Caribbean,Upper middle income,2008,38199.2,35.6468831653602
Guam,GUM,East Asia & Pacific,High income,2008,240.0,44.4444444444444
Guyana,GUY,Latin America & Caribbean,High income,2008,185286.92,94.1259436118872
Honduras,HND,Latin America & Caribbean,Lower middle income,2008,66160.3,59.129770310126
Croatia,HRV,Europe & Central Asia,High income,2008,19130.0,34.1826888714173
Haiti,HTI,Latin America & Caribbean,Lower middle income,2008,3788.34,13.7457910014514
Hungary,HUN,Europe & Central Asia,High income,2008,20213.46,22.5571476397723
Indonesia,IDN,East Asia & Pacific,Upper middle income,2008,999833.6,53.2529151502595
Isle of Man,IMN,Europe & Central Asia,High income,2008,34.6,6.07017543859649
India,IND,South Asia,Lower middle income,2008,691150.0,23.246075763742
Ireland,IRL,Europe & Central Asia,High income,2008,7023.76,10.1956161997387
"Iran, Islamic Rep.",IRN,Middle East & North Africa,Upper middle income,2008,104187.16,6.39671652054324
Iraq,IRQ,Middle East & North Africa,Upper middle income,2008,8236.0,1.88307382765165
Iceland,ISL,Europe & Central Asia,High income,2008,417.02,0.415980049875312
Israel,ISR,Middle East & North Africa,High income,2008,1538.0,7.10720887245841
Italy,ITA,Europe & Central Asia,High income,2008,88962.82,30.0836675481371
Jamaica,JAM,Latin America & Caribbean,Upper middle income,2008,5509.6,50.8734995383195
Jordan,JOR,Middle East & North Africa,Upper middle income,2008,975.0,1.10494106980961
Japan,JPN,East Asia & Pacific,High income,2008,249480.0,68.4444444444444
Kazakhstan,KAZ,Europe & Central Asia,Upper middle income,2008,30971.288,1.14721220876394
Kenya,KEN,Sub-Saharan Africa,Lower middle income,2008,36853.1,6.47522577924588
Kyrgyz Republic,KGZ,Europe & Central Asia,Lower middle income,2008,12199.24,6.36039624608968
Cambodia,KHM,East Asia & Pacific,Lower middle income,2008,106275.84,60.2061182868797
Kiribati,KIR,East Asia & Pacific,Lower middle income,2008,11.8,1.45679012345679
St. Kitts and Nevis,KNA,Latin America & Caribbean,High income,2008,110.0,42.3076923076923
"Korea, Rep.",KOR,East Asia & Pacific,High income,2008,64048.0,66.0356737808021
Kuwait,KWT,Middle East & North Africa,High income,2008,59.7,0.335016835016835
Lao PDR,LAO,East Asia & Pacific,Lower middle income,2008,170374.0,73.8188908145581
Lebanon,LBN,Middle East & North Africa,Lower middle income,2008,1375.16,13.4424242424242
Liberia,LBR,Sub-Saharan Africa,Low income,2008,79805.6,82.8546511627907
Libya,LBY,Middle East & North Africa,Upper middle income,2008,2170.0,0.123327687918433
St. Lucia,LCA,Latin America & Caribbean,Upper middle income,2008,208.18,34.127868852459
Liechtenstein,LIE,Europe & Central Asia,High income,2008,66.994,41.87125
Sri Lanka,LKA,South Asia,Upper middle income,2008,21161.8,33.7454951363419
Lesotho,LSO,Sub-Saharan Africa,Lower middle income,2008,345.2,1.13702239789196
Lithuania,LTU,Europe & Central Asia,High income,2008,21400.0,34.1443956920622
Luxembourg,LUX,Europe & Central Asia,High income,2008,883.0,34.2984548215937
Latvia,LVA,Europe & Central Asia,High income,2008,33458.96,53.7691998650104
Morocco,MAR,Middle East & North Africa,Lower middle income,2008,56409.64,12.639399507058
Monaco,MCO,Europe & Central Asia,High income,2008,0.0,0.0
Moldova,MDA,Europe & Central Asia,Upper middle income,2008,3684.8,11.2034052903618
Madagascar,MDG,Sub-Saharan Africa,Low income,2008,126557.18,21.7624204697871
Maldives,MDV,South Asia,Upper middle income,2008,8.2,2.73333333333333
Mexico,MEX,Latin America & Caribbean,Upper middle income,2008,672309.18,34.584695079606
Marshall Islands,MHL,East Asia & Pacific,Upper middle income,2008,94.0,52.2222222222222
North Macedonia,MKD,Europe & Central Asia,Upper middle income,2008,9598.54,38.0441537851764
Mali,MLI,Sub-Saharan Africa,Low income,2008,132960.0,10.896663634352
Malta,MLT,Middle East & North Africa,High income,2008,3.5,1.09375
Myanmar,MMR,East Asia & Pacific,Lower middle income,2008,321264.22,49.1748511426428
Montenegro,MNE,Europe & Central Asia,Upper middle income,2008,7868.0,58.4981412639405
Mongolia,MNG,East Asia & Pacific,Upper middle income,2008,141999.0,9.11731512861835
Northern Mariana Islands,MNP,East Asia & Pacific,High income,2008,306.48,66.6260869565217
Mozambique,MOZ,Sub-Saharan Africa,Low income,2008,394153.12,50.1224751392457
Mauritania,MRT,Sub-Saharan Africa,Lower middle income,2008,3781.2,0.366857475502086
Mauritius,MUS,Sub-Saharan Africa,Upper middle income,2008,390.98,19.2600985221675
Malawi,MWI,Sub-Saharan Africa,Low income,2008,27457.0,29.1228256257955
Malaysia,MYS,East Asia & Pacific,Upper middle income,2008,190963.9,58.1232384720743
Namibia,NAM,Sub-Saharan Africa,Lower middle income,2008,74910.088,9.09887014296299
New Caledonia,NCL,East Asia & Pacific,High income,2008,8387.86,45.8854485776805
Niger,NER,Sub-Saharan Africa,Low income,2008,12287.4,0.970032367569274
Nigeria,NGA,Sub-Saharan Africa,Lower middle income,2008,235865.92,25.8974186677207
Nicaragua,NIC,Latin America & Caribbean,Lower middle income,2008,44303.84,36.8155559248795
Netherlands,NLD,Europe & Central Asia,High income,2008,3706.84,10.9799763033175
Norway,NOR,Europe & Central Asia,High income,2008,121042.0,33.1400378924774
Nepal,NPL,South Asia,Lower middle income,2008,59257.76,41.3378165329613
Naoero,NRU,East Asia & Pacific,High income,2008,0.0,0.0
New Zealand,NZL,East Asia & Pacific,High income,2008,98485.84,37.4030002658463
Oman,OMN,Middle East & North Africa,High income,2008,30.0,0.0096930533117932
Pakistan,PAK,Middle East & North Africa,Lower middle income,2008,41772.36,5.41878891656289
Panama,PAN,Latin America & Caribbean,High income,2008,43508.2,58.5259617971482
Peru,PER,Latin America & Caribbean,Upper middle income,2008,742994.06,58.0464109375
Philippines,PHL,East Asia & Pacific,Upper middle income,2008,69336.28,23.2539423818627
Palau,PLW,East Asia & Pacific,High income,2008,403.64,87.7478260869565
Papua New Guinea,PNG,East Asia & Pacific,Lower middle income,2008,361987.015,79.9335368546571
Poland,POL,Europe & Central Asia,High income,2008,92750.0,30.2807704864512
Puerto Rico (US),PRI,Latin America & Caribbean,High income,2008,4789.9,54.0011273957159
"Korea, Dem. People's Rep.",PRK,East Asia & Pacific,Low income,2008,62848.5,52.1954156631509
Portugal,PRT,Europe & Central Asia,High income,2008,32578.0,35.6160489778069
Paraguay,PRY,Latin America & Caribbean,Upper middle income,2008,202544.98,50.980362446514
West Bank and Gaza,PSE,Middle East & North Africa,Lower middle income,2008,97.76,1.62392026578073
French Polynesia,PYF,East Asia & Pacific,High income,2008,1492.78,43.0072025352924
Qatar,QAT,Middle East & North Africa,High income,2008,0.0,0.0
Romania,ROU,Europe & Central Asia,High income,2008,64852.0,28.2087864288821
Russian Federation,RUS,Europe & Central Asia,High income,2008,8139621.8,49.7019381603444
Rwanda,RWA,Sub-Saharan Africa,Low income,2008,2694.0,10.9201459262262
Saudi Arabia,SAU,Middle East & North Africa,High income,2008,9770.0,0.454484134921779
Senegal,SEN,Sub-Saharan Africa,Lower middle income,2008,85451.6,44.3835246455098
Singapore,SGP,East Asia & Pacific,High income,2008,175.95,25.1357142857143
Solomon Islands,SLB,East Asia & Pacific,Lower middle income,2008,25317.44,90.4517327617006
Sierra Leone,SLE,Sub-Saharan Africa,Low income,2008,27716.14,38.3986422831809
El Salvador,SLV,Latin America & Caribbean,Upper middle income,2008,6378.8,30.7857142857143
San Marino,SMR,Europe & Central Asia,High income,2008,10.0,16.6666666666667
"Somalia, Fed. Rep.",SOM,Sub-Saharan Africa,Low income,2008,69010.0,11.0004144483055
Serbia,SRB,Europe & Central Asia,Upper middle income,2008,26624.0,30.441344614681
Sao Tome and Principe,STP,Sub-Saharan Africa,Lower middle income,2008,581.52,60.575
Suriname,SUR,Latin America & Caribbean,Upper middle income,2008,153080.62,95.3728112953648
Slovak Republic,SVK,Europe & Central Asia,High income,2008,19146.1,39.8047817047817
Slovenia,SVN,Europe & Central Asia,High income,2008,12442.0,61.7585450357884
Sweden,SWE,Europe & Central Asia,High income,2008,280910.0,68.962097237269
Eswatini,SWZ,Sub-Saharan Africa,Lower middle income,2008,4830.0,28.0813953488372
Seychelles,SYC,Sub-Saharan Africa,High income,2008,337.0,73.2608695652174
Syrian Arab Republic,SYR,Middle East & North Africa,Low income,2008,4800.8,2.61424526247005
Turks and Caicos Islands,TCA,Latin America & Caribbean,High income,2008,105.2,11.0736842105263
Chad,TCD,Sub-Saharan Africa,Low income,2008,56946.0,4.52239517153748
Togo,TGO,Sub-Saharan Africa,Lower middle income,2008,12447.888,22.8863541092113
Thailand,THA,East Asia & Pacific,Upper middle income,2008,198580.0,38.8694239464464
Tajikistan,TJK,Europe & Central Asia,Lower middle income,2008,4100.0,2.92940840240069
Turkmenistan,TKM,Europe & Central Asia,Upper middle income,2008,41270.0,8.78215904496414
Timor-Leste,TLS,East Asia & Pacific,Lower middle income,2008,9379.0,63.0733019502354
Tonga,TON,East Asia & Pacific,Upper middle income,2008,89.5,12.4305555555556
Trinidad and Tobago,TTO,Latin America & Caribbean,High income,2008,2332.58,45.469395711501
Tunisia,TUN,Middle East & North Africa,Lower middle income,2008,6835.14,4.39954943357364
Turkiye,TUR,Europe & Central Asia,Upper middle income,2008,208961.34,27.1508828917792
Tuvalu,TUV,East Asia & Pacific,Upper middle income,2008,10.0,33.3333333333333
Tanzania,TZA,Sub-Saharan Africa,Lower middle income,2008,506940.1,57.2296342289456
Uganda,UGA,Sub-Saharan Africa,Low income,2008,28329.26,14.1780991942345
Ukraine,UKR,Europe & Central Asia,Upper middle income,2008,95404.0,16.4682731478285
Uruguay,URY,Latin America & Caribbean,High income,2008,16588.4,9.4780025139984
United States,USA,North America,High income,2008,3076832.0,33.6360635020585
Uzbekistan,UZB,Europe & Central Asia,Lower middle income,2008,32719.722,7.50509144040719
St. Vincent and the Grenadines,VCT,Latin America & Caribbean,Upper middle income,2008,285.4,73.1794871794872
"Venezuela, RB",VEN,Latin America & Caribbean,Lower middle income,2008,478342.0,54.2307125446403
British Virgin Islands,VGB,Latin America & Caribbean,High income,2008,36.46,24.3066666666667
Virgin Islands (U.S.),VIR,Latin America & Caribbean,High income,2008,188.38,53.8228571428571
Viet Nam,VNM,East Asia & Pacific,Upper middle income,2008,130672.68,41.7762218982583
Vanuatu,VUT,East Asia & Pacific,Lower middle income,2008,4423.0,36.2838392124692
Samoa,WSM,East Asia & Pacific,Upper middle income,2008,1674.54,59.1710247349823
"Yemen, Rep.",YEM,Middle East & North Africa,Low income,2008,5490.0,1.03983180862549
South Africa,ZAF,Sub-Saharan Africa,Upper middle income,2008,174868.9,14.4151629310274
Zambia,ZMB,Sub-Saharan Africa,Lower middle income,2008,467676.0,62.9112578861701
Zimbabwe,ZWE,Sub-Saharan Africa,Lower middle income,2008,179974.2,46.5229934082978
Aruba,ABW,Latin America & Caribbean,High income,2009,4.2,2.33333333333333
Afghanistan,AFG,Middle East & North Africa,Low income,2009,12084.4,1.85278199408184
Angola,AGO,Sub-Saharan Africa,Lower middle income,2009,727130.61,58.3244252827465
Albania,ALB,Europe & Central Asia,Upper middle income,2009,7807.93,28.4960948905109
Andorra,AND,Europe & Central Asia,High income,2009,160.0,34.0425531914894
United Arab Emirates,ARE,Middle East & North Africa,High income,2009,3165.13,4.45667417628837
Argentina,ARG,Latin America & Caribbean,Upper middle income,2009,305304.0,11.1559584753845
Armenia,ARM,Europe & Central Asia,Upper middle income,2009,3307.68,11.618124341412
American Samoa,ASM,East Asia & Pacific,High income,2009,174.6,87.3
Antigua and Barbuda,ATG,Latin America & Caribbean,High income,2009,88.47,20.1068181818182
Australia,AUS,East Asia & Pacific,High income,2009,1297729.0,16.8924540827617
Austria,AUT,Europe & Central Asia,High income,2009,38606.94,46.7849491032477
Azerbaijan,AZE,Europe & Central Asia,Upper middle income,2009,10279.671,12.441808477161
Burundi,BDI,Sub-Saharan Africa,Low income,2009,1939.4,7.55218068535826
Belgium,BEL,Europe & Central Asia,High income,2009,6876.13,22.6688095473577
Benin,BEN,Sub-Saharan Africa,Lower middle income,2009,36851.5,32.6813586378148
Burkina Faso,BFA,Sub-Saharan Africa,Low income,2009,67665.0,24.7313596491228
Bangladesh,BGD,South Asia,Lower middle income,2009,18915.406,14.5313098256127
Bulgaria,BGR,Europe & Central Asia,High income,2009,37008.0,34.0899042004421
Bahrain,BHR,Middle East & North Africa,High income,2009,5.05,0.664473684210526
"Bahamas, The",BHS,Latin America & Caribbean,High income,2009,5098.6,50.9350649350649
Bosnia and Herzegovina,BIH,Europe & Central Asia,Upper middle income,2009,21035.59,41.08513671875
Belarus,BLR,Europe & Central Asia,Upper middle income,2009,85943.0,42.3577363995702
Belize,BLZ,Latin America & Caribbean,Upper middle income,2009,13981.81,61.2968434896975
Bermuda,BMU,North America,High income,2009,10.0,18.5185185185185
Bolivia,BOL,Latin America & Caribbean,Lower middle income,2009,532875.48,49.1900193852119
Brazil,BRA,Latin America & Caribbean,Upper middle income,2009,5155314.9,61.6801692721108
Barbados,BRB,Latin America & Caribbean,High income,2009,63.0,14.6511627906977
Brunei Darussalam,BRN,East Asia & Pacific,High income,2009,3817.0,72.4288425047438
Bhutan,BTN,South Asia,Lower middle income,2009,26953.61,70.7128315449799
Botswana,BWA,Sub-Saharan Africa,Upper middle income,2009,165560.0,29.2132055829054
Central African Republic,CAF,Sub-Saharan Africa,Low income,2009,226330.0,36.3302192686764
Canada,CAN,North America,High income,2009,3473701.86,38.7448217016393
Switzerland,CHE,Europe & Central Asia,High income,2009,12308.66,31.1502627536125
Channel Islands,CHI,Europe & Central Asia,High income,2009,10.01,5.05555555555556
Chile,CHL,Latin America & Caribbean,High income,2009,166344.4,22.3721911094613
China,CHN,East Asia & Pacific,Upper middle income,2009,1982493.97,21.1168450517356
Cote d'Ivoire,CIV,Sub-Saharan Africa,Lower middle income,2009,40784.67,12.8253679245283
Cameroon,CMR,Sub-Saharan Africa,Lower middle income,2009,209701.81,44.3616191745468
"Congo, Dem. Rep.",COD,Sub-Saharan Africa,Low income,2009,1378420.0,60.8023643060365
"Congo, Rep.",COG,Sub-Saharan Africa,Lower middle income,2009,220870.0,64.6764275256223
Colombia,COL,Latin America & Caribbean,Upper middle income,2009,610005.61,54.9802262280306
Comoros,COM,Sub-Saharan Africa,Lower middle income,2009,377.38,20.2783449758195
Cabo Verde,CPV,Sub-Saharan Africa,Upper middle income,2009,424.2,10.5260545905707
Costa Rica,CRI,Latin America & Caribbean,High income,2009,28698.02,56.2045045045045
Cuba,CUB,Latin America & Caribbean,Upper middle income,2009,28823.0,27.0791055993987
Cayman Islands,CYM,Latin America & Caribbean,High income,2009,127.41,53.0875
Cyprus,CYP,Europe & Central Asia,High income,2009,1727.17,18.692316017316
Czechia,CZE,Europe & Central Asia,High income,2009,26553.71,34.3781848783014
Germany,DEU,Europe & Central Asia,High income,2009,114035.0,32.7113393190098
Djibouti,DJI,Middle East & North Africa,Lower middle income,2009,56.0,0.241587575496117
Dominica,DMA,Latin America & Caribbean,Upper middle income,2009,478.7,63.8266666666667
Denmark,DNK,Europe & Central Asia,High income,2009,5850.01,14.625025
Dominican Republic,DOM,Latin America & Caribbean,Upper middle income,2009,20630.55,42.7045125232871
Algeria,DZA,Middle East & North Africa,Upper middle income,2009,18841.0,0.791060317247055
Ecuador,ECU,Latin America & Caribbean,Upper middle income,2009,130984.21,52.7396561443067
"Egypt, Arab Rep.",EGY,Middle East & North Africa,Lower middle income,2009,649.97,0.0652940881008589
Eritrea,ERI,Sub-Saharan Africa,Low income,2009,10900.2,9.00325161746643
Spain,ESP,Europe & Central Asia,High income,2009,184001.99,36.8992880920868
Estonia,EST,Europe & Central Asia,High income,2009,23263.07,54.8786742156169
Ethiopia,ETH,Sub-Saharan Africa,Low income,2009,178715.0,15.8352653925443
Finland,FIN,Europe & Central Asia,High income,2009,222623.64,73.2555577492596
Fiji,FJI,East Asia & Pacific,Upper middle income,2009,10665.63,58.3778325123153
France,FRA,Europe & Central Asia,High income,2009,163059.0,30.254940161425
Faroe Islands,FRO,Europe & Central Asia,High income,2009,0.8,0.0573065902578797
"Micronesia, Fed. Sts.",FSM,East Asia & Pacific,Upper middle income,2009,641.03,91.5757142857143
Gabon,GAB,Sub-Saharan Africa,Upper middle income,2009,236544.69,91.8014087786704
United Kingdom,GBR,Europe & Central Asia,High income,2009,30485.0,12.6007522837184
Georgia,GEO,Europe & Central Asia,Upper middle income,2009,28162.2,40.5269822996115
Ghana,GHA,Sub-Saharan Africa,Lower middle income,2009,80334.98,35.3058714951217
Gibraltar,GIB,Europe & Central Asia,High income,2009,0.0,0.0
Guinea,GIN,Sub-Saharan Africa,Lower middle income,2009,66050.0,26.8801888328178
"Gambia, The",GMB,Sub-Saharan Africa,Low income,2009,3057.33,30.2107707509881
Guinea-Bissau,GNB,Sub-Saharan Africa,Low income,2009,20728.75,73.7153271692745
Equatorial Guinea,GNQ,Sub-Saharan Africa,Upper middle income,2009,25403.67,90.5656684491979
Greece,GRC,Europe & Central Asia,High income,2009,38716.457,30.0360411171451
Grenada,GRD,Latin America & Caribbean,Upper middle income,2009,177.0,52.0588235294118
Greenland,GRL,Europe & Central Asia,High income,2009,2.2,0.0005359970763795
Guatemala,GTM,Latin America & Caribbean,Upper middle income,2009,37712.6,35.1927958193356
Guam,GUM,East Asia & Pacific,High income,2009,240.0,44.4444444444444
Guyana,GUY,Latin America & Caribbean,High income,2009,185242.51,94.1033832867666
Honduras,HND,Latin America & Caribbean,Lower middle income,2009,65957.5,58.9485208687103
Croatia,HRV,Europe & Central Asia,High income,2009,19165.0,34.2452290758345
Haiti,HTI,Latin America & Caribbean,Lower middle income,2009,3786.07,13.7375544267054
Hungary,HUN,Europe & Central Asia,High income,2009,20338.68,22.4662321882249
Indonesia,IDN,East Asia & Pacific,Upper middle income,2009,998212.8,53.1665884606228
Isle of Man,IMN,Europe & Central Asia,High income,2009,34.6,6.07017543859649
India,IND,South Asia,Lower middle income,2009,693055.0,23.3101483591698
Ireland,IRL,Europe & Central Asia,High income,2009,7113.78,10.3262882856728
"Iran, Islamic Rep.",IRN,Middle East & North Africa,Upper middle income,2009,105553.48,6.480603649402
Iraq,IRQ,Middle East & North Africa,Upper middle income,2009,8243.0,1.89790937557561
Iceland,ISL,Europe & Central Asia,High income,2009,431.86,0.430783042394015
Israel,ISR,Middle East & North Africa,High income,2009,1539.0,7.11182994454713
Italy,ITA,Europe & Central Asia,High income,2009,89621.61,30.3064439770322
Jamaica,JAM,Latin America & Caribbean,Upper middle income,2009,5547.05,51.219298245614
Jordan,JOR,Middle East & North Africa,Upper middle income,2009,975.0,1.09822031989187
Japan,JPN,East Asia & Pacific,High income,2009,249570.0,68.4691358024691
Kazakhstan,KAZ,Europe & Central Asia,Upper middle income,2009,30896.541,1.14444349372152
Kenya,KEN,Sub-Saharan Africa,Lower middle income,2009,36508.25,6.41463436061426
Kyrgyz Republic,KGZ,Europe & Central Asia,Lower middle income,2009,12248.02,6.38582898852972
Cambodia,KHM,East Asia & Pacific,Lower middle income,2009,106084.07,60.0974790392024
Kiribati,KIR,East Asia & Pacific,Lower middle income,2009,11.8,1.45679012345679
St. Kitts and Nevis,KNA,Latin America & Caribbean,High income,2009,110.0,42.3076923076923
"Korea, Rep.",KOR,East Asia & Pacific,High income,2009,63959.0,65.8963527714816
Kuwait,KWT,Middle East & North Africa,High income,2009,61.1,0.34287317620651
Lao PDR,LAO,East Asia & Pacific,Lower middle income,2009,169889.5,73.6089688041594
Lebanon,LBN,Middle East & North Africa,Lower middle income,2009,1374.33,13.4343108504399
Liberia,LBR,Sub-Saharan Africa,Low income,2009,79503.0,82.5404900332226
Libya,LBY,Middle East & North Africa,Upper middle income,2009,2170.0,0.123327687918433
St. Lucia,LCA,Latin America & Caribbean,Upper middle income,2009,207.94,34.0885245901639
Liechtenstein,LIE,Europe & Central Asia,High income,2009,66.993,41.870625
Sri Lanka,LKA,South Asia,Upper middle income,2009,21099.0,33.6453516185616
Lesotho,LSO,Sub-Saharan Africa,Lower middle income,2009,345.2,1.13702239789196
Lithuania,LTU,Europe & Central Asia,High income,2009,21550.0,34.3837255684085
Luxembourg,LUX,Europe & Central Asia,High income,2009,885.0,34.37614101598
Latvia,LVA,Europe & Central Asia,High income,2009,33590.08,53.9799122567374
Morocco,MAR,Middle East & North Africa,Lower middle income,2009,56577.67,12.6770490701322
Monaco,MCO,Europe & Central Asia,High income,2009,0.0,0.0
Moldova,MDA,Europe & Central Asia,Upper middle income,2009,3714.9,11.2949224688355
Madagascar,MDG,Sub-Saharan Africa,Low income,2009,126088.49,21.6818258417306
Maldives,MDV,South Asia,Upper middle income,2009,8.2,2.73333333333333
Mexico,MEX,Latin America & Caribbean,Upper middle income,2009,670871.14,34.510719925924
Marshall Islands,MHL,East Asia & Pacific,Upper middle income,2009,94.0,52.2222222222222
North Macedonia,MKD,Europe & Central Asia,Upper middle income,2009,9601.42,38.0706582077716
Mali,MLI,Sub-Saharan Africa,Low income,2009,132960.0,10.896663634352
Malta,MLT,Middle East & North Africa,High income,2009,3.5,1.09375
Myanmar,MMR,East Asia & Pacific,Lower middle income,2009,317837.11,48.6510194397673
Montenegro,MNE,Europe & Central Asia,Upper middle income,2009,8069.0,59.9925650557621
Mongolia,MNG,East Asia & Pacific,Upper middle income,2009,141919.0,9.11217830189963
Northern Mariana Islands,MNP,East Asia & Pacific,High income,2009,304.84,66.2695652173913
Mozambique,MOZ,Sub-Saharan Africa,Low income,2009,391937.26,49.8406953381317
Mauritania,MRT,Sub-Saharan Africa,Lower middle income,2009,3726.8,0.361579509071505
Mauritius,MUS,Sub-Saharan Africa,Upper middle income,2009,387.44,19.0857142857143
Malawi,MWI,Sub-Saharan Africa,Low income,2009,27037.0,28.6773440814595
Malaysia,MYS,East Asia & Pacific,Upper middle income,2009,190220.2,57.8968802313194
Namibia,NAM,Sub-Saharan Africa,Lower middle income,2009,74199.994,9.01261936863074
New Caledonia,NCL,East Asia & Pacific,High income,2009,8389.03,45.8918490153173
Niger,NER,Sub-Saharan Africa,Low income,2009,12163.2,0.960227362437831
Nigeria,NGA,Sub-Saharan Africa,Lower middle income,2009,234232.86,25.7181132448368
Nicaragua,NIC,Latin America & Caribbean,Lower middle income,2009,43092.67,35.8090992188798
Netherlands,NLD,Europe & Central Asia,High income,2009,3720.82,11.0311888526534
Norway,NOR,Europe & Central Asia,High income,2009,121031.0,33.1370262071382
Nepal,NPL,South Asia,Lower middle income,2009,59439.03,41.464269271015
Naoero,NRU,East Asia & Pacific,High income,2009,0.0,0.0
New Zealand,NZL,East Asia & Pacific,High income,2009,98483.52,37.4021191751168
Oman,OMN,Middle East & North Africa,High income,2009,30.0,0.0096930533117932
Pakistan,PAK,Middle East & North Africa,Lower middle income,2009,41354.83,5.36462614155251
Panama,PAN,Latin America & Caribbean,High income,2009,43394.05,58.3724105461394
Peru,PER,Latin America & Caribbean,Upper middle income,2009,741746.03,57.94890859375
Philippines,PHL,East Asia & Pacific,Upper middle income,2009,68866.74,23.0964684575913
Palau,PLW,East Asia & Pacific,High income,2009,404.62,87.9608695652174
Papua New Guinea,PNG,East Asia & Pacific,Lower middle income,2009,361887.934,79.9116579075211
Poland,POL,Europe & Central Asia,High income,2009,93020.0,30.3709024422097
Puerto Rico (US),PRI,Latin America & Caribbean,High income,2009,4852.2,54.7034949267193
"Korea, Dem. People's Rep.",PRK,East Asia & Pacific,Low income,2009,62636.2,52.0191014035379
Portugal,PRT,Europe & Central Asia,High income,2009,32549.0,35.5377224587837
Paraguay,PRY,Latin America & Caribbean,Upper middle income,2009,199123.54,50.1191895293229
West Bank and Gaza,PSE,Middle East & North Africa,Lower middle income,2009,98.63,1.63837209302326
French Polynesia,PYF,East Asia & Pacific,High income,2009,1493.69,43.0334197637568
Qatar,QAT,Middle East & North Africa,High income,2009,0.0,0.0
Romania,ROU,Europe & Central Asia,High income,2009,65001.0,28.2539337564114
Russian Federation,RUS,Europe & Central Asia,High income,2009,8145488.9,49.7377636874446
Rwanda,RWA,Sub-Saharan Africa,Low income,2009,2672.0,10.8309687880016
Saudi Arabia,SAU,Middle East & North Africa,High income,2009,9770.0,0.454484134921779
Senegal,SEN,Sub-Saharan Africa,Lower middle income,2009,85066.6,44.1835558094842
Singapore,SGP,East Asia & Pacific,High income,2009,176.677,25.2395714285714
Solomon Islands,SLB,East Asia & Pacific,Lower middle income,2009,25310.12,90.4255805644873
Sierra Leone,SLE,Sub-Saharan Africa,Low income,2009,27518.87,38.1253394292048
El Salvador,SLV,Latin America & Caribbean,Upper middle income,2009,6333.8,30.5685328185328
San Marino,SMR,Europe & Central Asia,High income,2009,10.0,16.6666666666667
"Somalia, Fed. Rep.",SOM,Sub-Saharan Africa,Low income,2009,68242.5,10.8780724965728
Serbia,SRB,Europe & Central Asia,Upper middle income,2009,26877.0,30.7306197118683
Sao Tome and Principe,STP,Sub-Saharan Africa,Lower middle income,2009,581.26,60.5479166666667
Suriname,SUR,Latin America & Caribbean,Upper middle income,2009,153039.61,95.3472611049408
Slovak Republic,SVK,Europe & Central Asia,High income,2009,19162.6,39.8473695154918
Slovenia,SVN,Europe & Central Asia,High income,2009,12456.0,61.829264660624
Sweden,SWE,Europe & Central Asia,High income,2009,280820.0,68.9400026562596
Eswatini,SWZ,Sub-Saharan Africa,Lower middle income,2009,4842.15,28.1520348837209
Seychelles,SYC,Sub-Saharan Africa,High income,2009,337.0,73.2608695652174
Syrian Arab Republic,SYR,Middle East & North Africa,Low income,2009,4860.8,2.6469178828142
Turks and Caicos Islands,TCA,Latin America & Caribbean,High income,2009,105.2,11.0736842105263
Chad,TCD,Sub-Saharan Africa,Low income,2009,56123.0,4.45703621346887
Togo,TGO,Sub-Saharan Africa,Lower middle income,2009,12418.294,22.8319433719434
Thailand,THA,East Asia & Pacific,Upper middle income,2009,199655.0,39.0798410616767
Tajikistan,TJK,Europe & Central Asia,Lower middle income,2009,4100.0,2.92940840240069
Turkmenistan,TKM,Europe & Central Asia,Upper middle income,2009,41270.0,8.78215904496414
Timor-Leste,TLS,East Asia & Pacific,Lower middle income,2009,9365.0,62.9791526563551
Tonga,TON,East Asia & Pacific,Upper middle income,2009,89.5,12.4305555555556
Trinidad and Tobago,TTO,Latin America & Caribbean,High income,2009,2328.34,45.3867446393762
Tunisia,TUN,Middle East & North Africa,Lower middle income,2009,6854.72,4.41215242018538
Turkiye,TUR,Europe & Central Asia,Upper middle income,2009,209896.07,27.2723347582605
Tuvalu,TUV,East Asia & Pacific,Upper middle income,2009,10.0,33.3333333333333
Tanzania,TZA,Sub-Saharan Africa,Lower middle income,2009,503220.1,56.8096748701739
Uganda,UGA,Sub-Saharan Africa,Low income,2009,27916.73,13.9716380561533
Ukraine,UKR,Europe & Central Asia,Upper middle income,2009,95442.0,16.4748325623144
Uruguay,URY,Latin America & Caribbean,High income,2009,16950.7,9.68500742772255
United States,USA,North America,High income,2009,3082016.0,33.6927352193296
Uzbekistan,UZB,Europe & Central Asia,Lower middle income,2009,33107.861,7.59450412322655
St. Vincent and the Grenadines,VCT,Latin America & Caribbean,Upper middle income,2009,285.4,73.1794871794872
"Venezuela, RB",VEN,Latin America & Caribbean,Lower middle income,2009,476696.0,54.0441018082875
British Virgin Islands,VGB,Latin America & Caribbean,High income,2009,36.43,24.2866666666667
Virgin Islands (U.S.),VIR,Latin America & Caribbean,High income,2009,186.34,53.24
Viet Nam,VNM,East Asia & Pacific,Upper middle income,2009,132276.64,42.2930662932198
Vanuatu,VUT,East Asia & Pacific,Lower middle income,2009,4423.0,36.2838392124692
Samoa,WSM,East Asia & Pacific,Upper middle income,2009,1669.72,59.0007067137809
"Yemen, Rep.",YEM,Middle East & North Africa,Low income,2009,5490.0,1.03983180862549
South Africa,ZAF,Sub-Saharan Africa,Upper middle income,2009,174504.9,14.385156913337
Zambia,ZMB,Sub-Saharan Africa,Lower middle income,2009,467318.0,62.8631001224122
Zimbabwe,ZWE,Sub-Saharan Africa,Lower middle income,2009,179513.5,46.4039033217009
Aruba,ABW,Latin America & Caribbean,High income,2010,4.2,2.33333333333333
Afghanistan,AFG,Middle East & North Africa,Low income,2010,12084.4,1.85278199408184
Angola,AGO,Sub-Saharan Africa,Lower middle income,2010,721580.0,57.8792010908799
Albania,ALB,Europe & Central Asia,Upper middle income,2010,7820.7,28.542700729927
Andorra,AND,Europe & Central Asia,High income,2010,160.0,34.0425531914894
United Arab Emirates,ARE,Middle East & North Africa,High income,2010,3173.0,4.46775556181357
Argentina,ARG,Latin America & Caribbean,Upper middle income,2010,302140.0,11.0403443575999
Armenia,ARM,Europe & Central Asia,Upper middle income,2010,3305.6,11.610818405339
American Samoa,ASM,East Asia & Pacific,High income,2010,174.3,87.15
Antigua and Barbuda,ATG,Latin America & Caribbean,High income,2010,87.8,19.9545454545455
Australia,AUS,East Asia & Pacific,High income,2010,1295461.0,16.862931674108
Austria,AUT,Europe & Central Asia,High income,2010,38632.0,46.8153174987882
Azerbaijan,AZE,Europe & Central Asia,Upper middle income,2010,10324.946,12.4914658343012
Burundi,BDI,Sub-Saharan Africa,Low income,2010,1939.4,7.55218068535826
Belgium,BEL,Europe & Central Asia,High income,2010,6898.7,22.7432169584281
Benin,BEN,Sub-Saharan Africa,Lower middle income,2010,36351.5,32.2379389854558
Burkina Faso,BFA,Sub-Saharan Africa,Low income,2010,67165.0,24.5486111111111
Bangladesh,BGD,South Asia,Lower middle income,2010,18883.42,14.5067373434739
Bulgaria,BGR,Europe & Central Asia,High income,2010,37370.0,34.4233603537214
Bahrain,BHR,Middle East & North Africa,High income,2010,5.2,0.68241469816273
"Bahamas, The",BHS,Latin America & Caribbean,High income,2010,5098.6,50.9350649350649
Bosnia and Herzegovina,BIH,Europe & Central Asia,Upper middle income,2010,21026.6,41.067578125
Belarus,BLR,Europe & Central Asia,Upper middle income,2010,86300.0,42.5328483701491
Belize,BLZ,Latin America & Caribbean,Upper middle income,2010,13913.9,60.9991231915826
Bermuda,BMU,North America,High income,2010,10.0,18.5185185185185
Bolivia,BOL,Latin America & Caribbean,Lower middle income,2010,530860.1,49.0039785839564
Brazil,BRA,Latin America & Caribbean,Upper middle income,2010,5115807.0,61.2074815688658
Barbados,BRB,Latin America & Caribbean,High income,2010,63.0,14.6511627906977
Brunei Darussalam,BRN,East Asia & Pacific,High income,2010,3800.0,72.1062618595825
Bhutan,BTN,South Asia,Lower middle income,2010,27052.9,70.9733189915261
Botswana,BWA,Sub-Saharan Africa,Upper middle income,2010,164377.0,29.0044642069416
Central African Republic,CAF,Sub-Saharan Africa,Low income,2010,226030.0,36.282063629651
Canada,CAN,North America,High income,2010,3473222.1,38.7394705758349
Switzerland,CHE,Europe & Central Asia,High income,2010,12347.2,31.2482719393317
Channel Islands,CHI,Europe & Central Asia,High income,2010,10.2,5.15151515151515
Chile,CHL,Latin America & Caribbean,High income,2010,167252.6,22.4943378361658
China,CHN,East Asia & Pacific,Upper middle income,2010,2006103.8,21.3683288541342
Cote d'Ivoire,CIV,Sub-Saharan Africa,Lower middle income,2010,39655.8,12.4703773584906
Cameroon,CMR,Sub-Saharan Africa,Lower middle income,2010,209004.8,44.2141693638806
"Congo, Dem. Rep.",COD,Sub-Saharan Africa,Low income,2010,1371690.0,60.5055027458592
"Congo, Rep.",COG,Sub-Saharan Africa,Lower middle income,2010,220750.0,64.6412884333821
Colombia,COL,Latin America & Caribbean,Upper middle income,2010,608077.9,54.806480396575
Comoros,COM,Sub-Saharan Africa,Lower middle income,2010,373.0,20.0429876410532
Cabo Verde,CPV,Sub-Saharan Africa,Upper middle income,2010,427.2,10.6004962779156
Costa Rica,CRI,Latin America & Caribbean,High income,2010,28712.0,56.231884057971
Cuba,CUB,Latin America & Caribbean,Upper middle income,2010,29320.0,27.5460353250658
Cayman Islands,CYM,Latin America & Caribbean,High income,2010,127.2,53.0
Cyprus,CYP,Europe & Central Asia,High income,2010,1728.4,18.7056277056277
Czechia,CZE,Europe & Central Asia,High income,2010,26573.8,34.4086494885407
Germany,DEU,Europe & Central Asia,High income,2010,114090.0,32.7308718478354
Djibouti,DJI,Middle East & North Africa,Lower middle income,2010,56.0,0.241587575496117
Dominica,DMA,Latin America & Caribbean,Upper middle income,2010,478.7,63.8266666666667
Denmark,DNK,Europe & Central Asia,High income,2010,5864.9,14.66225
Dominican Republic,DOM,Latin America & Caribbean,Upper middle income,2010,20731.2,42.9128544814738
Algeria,DZA,Middle East & North Africa,Upper middle income,2010,19180.0,0.805293608874184
Ecuador,ECU,Latin America & Caribbean,Upper middle income,2010,130281.9,52.456877113867
"Egypt, Arab Rep.",EGY,Middle East & North Africa,Lower middle income,2010,656.4,0.0659400271234115
Eritrea,ERI,Sub-Saharan Africa,Low income,2010,10868.6,8.97748379233609
Spain,ESP,Europe & Central Asia,High income,2010,185453.4,37.089938201236
Estonia,EST,Europe & Central Asia,High income,2010,23360.2,55.1078084453881
Ethiopia,ETH,Sub-Saharan Africa,Low income,2010,177985.0,15.7708287737324
Finland,FIN,Europe & Central Asia,High income,2010,222420.0,73.1885488647581
Fiji,FJI,East Asia & Pacific,Upper middle income,2010,10732.4,58.7432950191571
France,FRA,Europe & Central Asia,High income,2010,164190.0,30.4647926523796
Faroe Islands,FRO,Europe & Central Asia,High income,2010,0.8,0.0573065902578797
"Micronesia, Fed. Sts.",FSM,East Asia & Pacific,Upper middle income,2010,641.3,91.6142857142857
Gabon,GAB,Sub-Saharan Africa,Upper middle income,2010,236494.1,91.7817751387434
United Kingdom,GBR,Europe & Central Asia,High income,2010,30590.0,12.6441532674741
Georgia,GEO,Europe & Central Asia,Upper middle income,2010,28224.0,40.6159159591308
Ghana,GHA,Sub-Saharan Africa,Lower middle income,2010,79429.3,34.9078403797135
Gibraltar,GIB,Europe & Central Asia,High income,2010,0.0,0.0
Guinea,GIN,Sub-Saharan Africa,Lower middle income,2010,65690.0,26.7336806120788
"Gambia, The",GMB,Sub-Saharan Africa,Low income,2010,3000.0,29.6442687747036
Guinea-Bissau,GNB,Sub-Saharan Africa,Low income,2010,20644.3,73.4150071123755
Equatorial Guinea,GNQ,Sub-Saharan Africa,Upper middle income,2010,25320.1,90.2677361853832
Greece,GRC,Europe & Central Asia,High income,2010,39018.03,30.27
Grenada,GRD,Latin America & Caribbean,Upper middle income,2010,177.0,52.0588235294118
Greenland,GRL,Europe & Central Asia,High income,2010,2.2,0.0005359970763795
Guatemala,GTM,Latin America & Caribbean,Upper middle income,2010,37226.0,34.7387084733109
Guam,GUM,East Asia & Pacific,High income,2010,240.0,44.4444444444444
Guyana,GUY,Latin America & Caribbean,High income,2010,185198.1,94.0808229616459
Honduras,HND,Latin America & Caribbean,Lower middle income,2010,65754.7,58.7672714272947
Croatia,HRV,Europe & Central Asia,High income,2010,19200.0,34.3077692802516
Haiti,HTI,Latin America & Caribbean,Lower middle income,2010,3783.8,13.7293178519594
Hungary,HUN,Europe & Central Asia,High income,2010,20463.9,22.6045509775765
Indonesia,IDN,East Asia & Pacific,Upper middle income,2010,996592.0,53.0802617709861
Isle of Man,IMN,Europe & Central Asia,High income,2010,34.6,6.07017543859649
India,IND,South Asia,Lower middle income,2010,694960.0,23.3742209545976
Ireland,IRL,Europe & Central Asia,High income,2010,7203.8,10.4569603716069
"Iran, Islamic Rep.",IRN,Middle East & North Africa,Upper middle income,2010,106919.8,6.56449077826076
Iraq,IRQ,Middle East & North Africa,Upper middle income,2010,8250.0,1.89952109044023
Iceland,ISL,Europe & Central Asia,High income,2010,446.7,0.445586034912718
Israel,ISR,Middle East & North Africa,High income,2010,1540.0,7.11645101663586
Italy,ITA,Europe & Central Asia,High income,2010,90280.4,30.5292204059273
Jamaica,JAM,Latin America & Caribbean,Upper middle income,2010,5584.5,51.5650969529086
Jordan,JOR,Middle East & North Africa,Upper middle income,2010,975.0,1.09822031989187
Japan,JPN,East Asia & Pacific,High income,2010,249660.0,68.4938271604938
Kazakhstan,KAZ,Europe & Central Asia,Upper middle income,2010,30821.795,1.14167481572027
Kenya,KEN,Sub-Saharan Africa,Lower middle income,2010,36163.4,6.35404294198264
Kyrgyz Republic,KGZ,Europe & Central Asia,Lower middle income,2010,12296.8,6.41126173096976
Cambodia,KHM,East Asia & Pacific,Lower middle income,2010,105892.3,59.988839791525
Kiribati,KIR,East Asia & Pacific,Lower middle income,2010,11.8,1.45679012345679
St. Kitts and Nevis,KNA,Latin America & Caribbean,High income,2010,110.0,42.3076923076923
"Korea, Rep.",KOR,East Asia & Pacific,High income,2010,63870.0,65.7098765432099
Kuwait,KWT,Middle East & North Africa,High income,2010,62.5,0.350729517396184
Lao PDR,LAO,East Asia & Pacific,Lower middle income,2010,169405.0,73.3990467937608
Lebanon,LBN,Middle East & North Africa,Lower middle income,2010,1373.5,13.4261974584555
Liberia,LBR,Sub-Saharan Africa,Low income,2010,79200.4,82.2263289036545
Libya,LBY,Middle East & North Africa,Upper middle income,2010,2170.0,0.123327687918433
St. Lucia,LCA,Latin America & Caribbean,Upper middle income,2010,207.7,34.0491803278688
Liechtenstein,LIE,Europe & Central Asia,High income,2010,66.992,41.87
Sri Lanka,LKA,South Asia,Upper middle income,2010,21036.2,33.5452081007814
Lesotho,LSO,Sub-Saharan Africa,Lower middle income,2010,345.2,1.13702239789196
Lithuania,LTU,Europe & Central Asia,High income,2010,21700.0,34.6230554447547
Luxembourg,LUX,Europe & Central Asia,High income,2010,887.0,34.4538272103664
Latvia,LVA,Europe & Central Asia,High income,2010,33721.2,54.1906246484645
Morocco,MAR,Middle East & North Africa,Lower middle income,2010,56745.7,12.7146986332064
Monaco,MCO,Europe & Central Asia,High income,2010,0.0,0.0
Moldova,MDA,Europe & Central Asia,Upper middle income,2010,3745.0,11.400304414003
Madagascar,MDG,Sub-Saharan Africa,Low income,2010,125619.8,21.601231213674
Maldives,MDV,South Asia,Upper middle income,2010,8.2,2.73333333333333
Mexico,MEX,Latin America & Caribbean,Upper middle income,2010,669433.1,34.4367447722421
Marshall Islands,MHL,East Asia & Pacific,Upper middle income,2010,94.0,52.2222222222222
North Macedonia,MKD,Europe & Central Asia,Upper middle income,2010,9604.3,38.0820777160983
Mali,MLI,Sub-Saharan Africa,Low income,2010,132960.0,10.896663634352
Malta,MLT,Middle East & North Africa,High income,2010,3.5,1.09375
Myanmar,MMR,East Asia & Pacific,Lower middle income,2010,314410.0,48.1293818693935
Montenegro,MNE,Europe & Central Asia,Upper middle income,2010,8270.0,61.4869888475836
Mongolia,MNG,East Asia & Pacific,Upper middle income,2010,141839.0,9.10805179300629
Northern Mariana Islands,MNP,East Asia & Pacific,High income,2010,303.2,65.9130434782609
Mozambique,MOZ,Sub-Saharan Africa,Low income,2010,389721.4,49.5589155370177
Mauritania,MRT,Sub-Saharan Africa,Lower middle income,2010,3672.4,0.356301542640924
Mauritius,MUS,Sub-Saharan Africa,Upper middle income,2010,383.9,18.9113300492611
Malawi,MWI,Sub-Saharan Africa,Low income,2010,26617.0,28.2318625371235
Malaysia,MYS,East Asia & Pacific,Upper middle income,2010,189476.5,57.6705219905646
Namibia,NAM,Sub-Saharan Africa,Lower middle income,2010,73489.9,8.92636859429849
New Caledonia,NCL,East Asia & Pacific,High income,2010,8390.2,45.8982494529541
Niger,NER,Sub-Saharan Africa,Low income,2010,12039.0,0.950422357306387
Nigeria,NGA,Sub-Saharan Africa,Lower middle income,2010,232599.8,25.5388078219529
Nicaragua,NIC,Latin America & Caribbean,Lower middle income,2010,41881.5,34.8026425128802
Netherlands,NLD,Europe & Central Asia,High income,2010,3734.8,11.0726356359324
Norway,NOR,Europe & Central Asia,High income,2010,121020.0,33.1340145217991
Nepal,NPL,South Asia,Lower middle income,2010,59620.3,41.5907220090687
Naoero,NRU,East Asia & Pacific,High income,2010,0.0,0.0
New Zealand,NZL,East Asia & Pacific,High income,2010,98481.2,37.4012380843872
Oman,OMN,Middle East & North Africa,High income,2010,30.0,0.0096930533117932
Pakistan,PAK,Middle East & North Africa,Lower middle income,2010,40937.3,5.31046336654213
Panama,PAN,Latin America & Caribbean,High income,2010,43279.9,58.2188592951305
Peru,PER,Latin America & Caribbean,Upper middle income,2010,740498.0,57.85140625
Philippines,PHL,East Asia & Pacific,Upper middle income,2010,68397.2,22.9389945333199
Palau,PLW,East Asia & Pacific,High income,2010,405.6,88.1739130434783
Papua New Guinea,PNG,East Asia & Pacific,Lower middle income,2010,361788.853,79.8897789603851
Poland,POL,Europe & Central Asia,High income,2010,93290.0,30.4590570719603
Puerto Rico (US),PRI,Latin America & Caribbean,High income,2010,4914.5,55.4058624577227
"Korea, Dem. People's Rep.",PRK,East Asia & Pacific,Low income,2010,62423.9,51.8427871439249
Portugal,PRT,Europe & Central Asia,High income,2010,32520.0,35.5060596134949
Paraguay,PRY,Latin America & Caribbean,Upper middle income,2010,195702.1,49.2580166121319
West Bank and Gaza,PSE,Middle East & North Africa,Lower middle income,2010,99.5,1.65282392026578
French Polynesia,PYF,East Asia & Pacific,High income,2010,1494.6,43.0596369922213
Qatar,QAT,Middle East & North Africa,High income,2010,0.0,0.0
Romania,ROU,Europe & Central Asia,High income,2010,65150.0,28.3199304499022
Russian Federation,RUS,Europe & Central Asia,High income,2010,8151356.0,49.7735892145447
Rwanda,RWA,Sub-Saharan Africa,Low income,2010,2650.0,10.7417916497771
Saudi Arabia,SAU,Middle East & North Africa,High income,2010,9770.0,0.454484134921779
Senegal,SEN,Sub-Saharan Africa,Lower middle income,2010,84681.6,43.9835869734587
Singapore,SGP,East Asia & Pacific,High income,2010,177.404,25.2712250712251
Solomon Islands,SLB,East Asia & Pacific,Lower middle income,2010,25302.8,90.399428367274
Sierra Leone,SLE,Sub-Saharan Africa,Low income,2010,27321.6,37.8520365752286
El Salvador,SLV,Latin America & Caribbean,Upper middle income,2010,6288.8,30.3513513513514
San Marino,SMR,Europe & Central Asia,High income,2010,10.0,16.6666666666667
"Somalia, Fed. Rep.",SOM,Sub-Saharan Africa,Low income,2010,67475.0,10.7557305448401
Serbia,SRB,Europe & Central Asia,Upper middle income,2010,27130.0,31.0198948090556
Sao Tome and Principe,STP,Sub-Saharan Africa,Lower middle income,2010,581.0,60.5208333333333
Suriname,SUR,Latin America & Caribbean,Upper middle income,2010,152998.6,95.3217109145168
Slovak Republic,SVK,Europe & Central Asia,High income,2010,19179.1,39.8808508868603
Slovenia,SVN,Europe & Central Asia,High income,2010,12470.0,61.8975290625527
Sweden,SWE,Europe & Central Asia,High income,2010,280730.0,68.9179080752502
Eswatini,SWZ,Sub-Saharan Africa,Lower middle income,2010,4854.3,28.2226744186047
Seychelles,SYC,Sub-Saharan Africa,High income,2010,337.0,73.2608695652174
Syrian Arab Republic,SYR,Middle East & North Africa,Low income,2010,4920.8,2.67973642650983
Turks and Caicos Islands,TCA,Latin America & Caribbean,High income,2010,105.2,11.0736842105263
Chad,TCD,Sub-Saharan Africa,Low income,2010,55300.0,4.39167725540025
Togo,TGO,Sub-Saharan Africa,Lower middle income,2010,12388.7,22.7775326346755
Thailand,THA,East Asia & Pacific,Upper middle income,2010,200730.0,39.290258176907
Tajikistan,TJK,Europe & Central Asia,Lower middle income,2010,4100.0,2.92940840240069
Turkmenistan,TKM,Europe & Central Asia,Upper middle income,2010,41270.0,8.78215904496414
Timor-Leste,TLS,East Asia & Pacific,Lower middle income,2010,9351.0,62.8850033624748
Tonga,TON,East Asia & Pacific,Upper middle income,2010,89.5,12.4305555555556
Trinidad and Tobago,TTO,Latin America & Caribbean,High income,2010,2324.1,45.3040935672515
Tunisia,TUN,Middle East & North Africa,Lower middle income,2010,6874.3,4.42475540679712
Turkiye,TUR,Europe & Central Asia,Upper middle income,2010,210830.8,27.3937866247418
Tuvalu,TUV,East Asia & Pacific,Upper middle income,2010,10.0,33.3333333333333
Tanzania,TZA,Sub-Saharan Africa,Lower middle income,2010,499500.1,56.3897155114021
Uganda,UGA,Sub-Saharan Africa,Low income,2010,27504.2,13.7164372631159
Ukraine,UKR,Europe & Central Asia,Upper middle income,2010,95480.0,16.4813919768004
Uruguay,URY,Latin America & Caribbean,High income,2010,17313.0,9.89201234144669
United States,USA,North America,High income,2010,3087200.0,33.7494069366007
Uzbekistan,UZB,Europe & Central Asia,Lower middle income,2010,33496.0,7.6844723004781
St. Vincent and the Grenadines,VCT,Latin America & Caribbean,Upper middle income,2010,285.4,73.1794871794872
"Venezuela, RB",VEN,Latin America & Caribbean,Lower middle income,2010,475050.0,53.8574910719347
British Virgin Islands,VGB,Latin America & Caribbean,High income,2010,36.4,24.2666666666667
Virgin Islands (U.S.),VIR,Latin America & Caribbean,High income,2010,184.3,52.6571428571429
Viet Nam,VNM,East Asia & Pacific,Upper middle income,2010,133880.6,42.7332154461943
Vanuatu,VUT,East Asia & Pacific,Lower middle income,2010,4423.0,36.2838392124692
Samoa,WSM,East Asia & Pacific,Upper middle income,2010,1664.9,58.8303886925795
"Yemen, Rep.",YEM,Middle East & North Africa,Low income,2010,5490.0,1.03983180862549
South Africa,ZAF,Sub-Saharan Africa,Upper middle income,2010,174140.9,14.3551508956467
Zambia,ZMB,Sub-Saharan Africa,Lower middle income,2010,466960.0,62.8149423586543
Zimbabwe,ZWE,Sub-Saharan Africa,Lower middle income,2010,179052.8,46.284813235104
Aruba,ABW,Latin America & Caribbean,High income,2011,4.2,2.33333333333333
Afghanistan,AFG,Middle East & North Africa,Low income,2011,12084.4,1.85278199408184
Angola,AGO,Sub-Saharan Africa,Lower middle income,2011,716029.38,57.4339760968958
Albania,ALB,Europe & Central Asia,Upper middle income,2011,7834.935,28.5946532846715
Andorra,AND,Europe & Central Asia,High income,2011,160.0,34.0425531914894
United Arab Emirates,ARE,Middle East & North Africa,High income,2011,3173.0,4.46775556181357
Argentina,ARG,Latin America & Caribbean,Upper middle income,2011,299906.0,10.9587128976976
Armenia,ARM,Europe & Central Asia,Upper middle income,2011,3303.52,11.6035124692659
American Samoa,ASM,East Asia & Pacific,High income,2011,174.0,87.0
Antigua and Barbuda,ATG,Latin America & Caribbean,High income,2011,87.14,19.8045454545455
Australia,AUS,East Asia & Pacific,High income,2011,1302557.8,16.9553102586465
Austria,AUT,Europe & Central Asia,High income,2011,38667.98,46.8589190499273
Azerbaijan,AZE,Europe & Central Asia,Upper middle income,2011,10415.731,12.6009956689008
Burundi,BDI,Sub-Saharan Africa,Low income,2011,2110.8,8.2196261682243
Belgium,BEL,Europe & Central Asia,High income,2011,6897.56,22.7394586753701
Benin,BEN,Sub-Saharan Africa,Lower middle income,2011,35851.5,31.7945193330968
Burkina Faso,BFA,Sub-Saharan Africa,Low income,2011,66664.8,24.3657894736842
Bangladesh,BGD,South Asia,Lower middle income,2011,18873.536,14.4991441960513
Bulgaria,BGR,Europe & Central Asia,High income,2011,37562.0,34.6002210759027
Bahrain,BHR,Middle East & North Africa,High income,2011,5.36,0.698826597131682
"Bahamas, The",BHS,Latin America & Caribbean,High income,2011,5098.6,50.9350649350649
Bosnia and Herzegovina,BIH,Europe & Central Asia,Upper middle income,2011,21142.28,41.293515625
Belarus,BLR,Europe & Central Asia,Upper middle income,2011,86307.0,42.5346212606574
Belize,BLZ,Latin America & Caribbean,Upper middle income,2011,13796.78,60.4856641823762
Bermuda,BMU,North America,High income,2011,10.0,18.5185185185185
Bolivia,BOL,Latin America & Caribbean,Lower middle income,2011,528742.52,48.808503646266
Brazil,BRA,Latin America & Caribbean,Upper middle income,2011,5100415.2,61.023328156743
Barbados,BRB,Latin America & Caribbean,High income,2011,63.0,14.6511627906977
Brunei Darussalam,BRN,East Asia & Pacific,High income,2011,3800.0,72.1062618595825
Bhutan,BTN,South Asia,Lower middle income,2011,27072.68,71.025211847732
Botswana,BWA,Sub-Saharan Africa,Upper middle income,2011,163194.0,28.7957228309777
Central African Republic,CAF,Sub-Saharan Africa,Low income,2011,225730.0,36.2339079906257
Canada,CAN,North America,High income,2011,3472809.1,38.7348640747569
Switzerland,CHE,Europe & Central Asia,High income,2011,12381.58,31.3357558163813
Channel Islands,CHI,Europe & Central Asia,High income,2011,10.2,5.15151515151515
Chile,CHL,Latin America & Caribbean,High income,2011,168994.24,22.7285765777398
China,CHN,East Asia & Pacific,Upper middle income,2011,2025471.54,21.574627370433
Cote d'Ivoire,CIV,Sub-Saharan Africa,Lower middle income,2011,38526.94,12.1153899371069
Cameroon,CMR,Sub-Saharan Africa,Lower middle income,2011,208444.8,44.0957034968585
"Congo, Dem. Rep.",COD,Sub-Saharan Africa,Low income,2011,1360676.24,60.0196837299574
"Congo, Rep.",COG,Sub-Saharan Africa,Lower middle income,2011,220630.0,64.606149341142
Colombia,COL,Latin America & Caribbean,Upper middle income,2011,606731.64,54.6851410545291
Comoros,COM,Sub-Saharan Africa,Lower middle income,2011,368.62,19.8076303062869
Cabo Verde,CPV,Sub-Saharan Africa,Upper middle income,2011,430.2,10.6749379652605
Costa Rica,CRI,Latin America & Caribbean,High income,2011,28875.66,56.5524089306698
Cuba,CUB,Latin America & Caribbean,Upper middle income,2011,29824.0,27.9086306766608
Curacao,CUW,Latin America & Caribbean,High income,2011,0.7,0.157657657657658
Cayman Islands,CYM,Latin America & Caribbean,High income,2011,127.2,53.0
Cyprus,CYP,Europe & Central Asia,High income,2011,1728.14,18.7028138528139
Czechia,CZE,Europe & Central Asia,High income,2011,26595.82,34.4371617247184
Germany,DEU,Europe & Central Asia,High income,2011,114110.0,32.7375487720909
Djibouti,DJI,Middle East & North Africa,Lower middle income,2011,56.0,0.241587575496117
Dominica,DMA,Latin America & Caribbean,Upper middle income,2011,478.7,63.8266666666667
Denmark,DNK,Europe & Central Asia,High income,2011,5941.28,14.8532
Dominican Republic,DOM,Latin America & Caribbean,Upper middle income,2011,20792.26,43.0392465328089
Algeria,DZA,Middle East & North Africa,Upper middle income,2011,19256.0,0.808484553309765
Ecuador,ECU,Latin America & Caribbean,Upper middle income,2011,129863.88,52.2885649863102
"Egypt, Arab Rep.",EGY,Middle East & North Africa,Lower middle income,2011,621.96,0.0624802852981064
Eritrea,ERI,Sub-Saharan Africa,Low income,2011,10837.0,8.94961638502077
Spain,ESP,Europe & Central Asia,High income,2011,185465.08,37.1019204609106
Estonia,EST,Europe & Central Asia,High income,2011,23530.18,55.508799245105
Ethiopia,ETH,Sub-Saharan Africa,Low income,2011,177255.0,15.706088146017
Finland,FIN,Europe & Central Asia,High income,2011,222754.0,73.3008654447333
Fiji,FJI,East Asia & Pacific,Upper middle income,2011,10799.16,59.1087027914614
France,FRA,Europe & Central Asia,High income,2011,165024.0,30.6195379905372
Faroe Islands,FRO,Europe & Central Asia,High income,2011,0.8,0.0573065902578797
"Micronesia, Fed. Sts.",FSM,East Asia & Pacific,Upper middle income,2011,641.58,91.6542857142857
Gabon,GAB,Sub-Saharan Africa,Upper middle income,2011,236375.28,91.7356618931191
United Kingdom,GBR,Europe & Central Asia,High income,2011,30782.0,12.7235150663415
Georgia,GEO,Europe & Central Asia,Upper middle income,2011,28224.0,40.6159159591308
Ghana,GHA,Sub-Saharan Africa,Lower middle income,2011,79304.32,34.8529137734025
Gibraltar,GIB,Europe & Central Asia,High income,2011,0.0,0.0
Guinea,GIN,Sub-Saharan Africa,Lower middle income,2011,65330.0,26.5871723913397
"Gambia, The",GMB,Sub-Saharan Africa,Low income,2011,2942.68,29.0778656126482
Guinea-Bissau,GNB,Sub-Saharan Africa,Low income,2011,20559.86,73.1147226173542
Equatorial Guinea,GNQ,Sub-Saharan Africa,Upper middle income,2011,25236.52,89.9697682709447
Greece,GRC,Europe & Central Asia,High income,2011,39018.03,30.27
Grenada,GRD,Latin America & Caribbean,Upper middle income,2011,177.0,52.0588235294118
Greenland,GRL,Europe & Central Asia,High income,2011,2.2,0.0005359970763795
Guatemala,GTM,Latin America & Caribbean,Upper middle income,2011,36952.4,34.4833893243748
Guam,GUM,East Asia & Pacific,High income,2011,242.0,44.8148148148148
Guyana,GUY,Latin America & Caribbean,High income,2011,185081.2,94.0214376428753
Honduras,HND,Latin America & Caribbean,Lower middle income,2011,65531.42,58.5677182947538
Croatia,HRV,Europe & Central Asia,High income,2011,19204.0,34.314916732185
Haiti,HTI,Latin America & Caribbean,Lower middle income,2011,3752.74,13.616618287373
Hungary,HUN,Europe & Central Asia,High income,2011,20492.76,22.6364299127361
Indonesia,IDN,East Asia & Pacific,Upper middle income,2011,987329.4,52.586919226916
Isle of Man,IMN,Europe & Central Asia,High income,2011,34.6,6.07017543859649
India,IND,South Asia,Lower middle income,2011,697624.0,23.4638216864714
Ireland,IRL,Europe & Central Asia,High income,2011,7272.38,10.5565103788649
"Iran, Islamic Rep.",IRN,Middle East & North Africa,Upper middle income,2011,106919.8,6.56449077826076
Iraq,IRQ,Middle East & North Africa,Upper middle income,2011,8250.0,1.89952109044023
Iceland,ISL,Europe & Central Asia,High income,2011,453.68,0.452548628428928
Israel,ISR,Middle East & North Africa,High income,2011,1562.0,7.2181146025878
Italy,ITA,Europe & Central Asia,High income,2011,90818.48,30.7111775407652
Jamaica,JAM,Latin America & Caribbean,Upper middle income,2011,5622.52,51.9161588180979
Jordan,JOR,Middle East & North Africa,Upper middle income,2011,975.0,1.09822031989187
Japan,JPN,East Asia & Pacific,High income,2011,249616.0,68.481755829904
Kazakhstan,KAZ,Europe & Central Asia,Upper middle income,2011,31274.349,1.15843793754862
Kenya,KEN,Sub-Saharan Africa,Lower middle income,2011,35975.54,6.32103524616087
Kyrgyz Republic,KGZ,Europe & Central Asia,Lower middle income,2011,12341.06,6.43433785192909
Cambodia,KHM,East Asia & Pacific,Lower middle income,2011,102407.48,58.0146612281894
Kiribati,KIR,East Asia & Pacific,Lower middle income,2011,11.8,1.45679012345679
St. Kitts and Nevis,KNA,Latin America & Caribbean,High income,2011,110.0,42.3076923076923
"Korea, Rep.",KOR,East Asia & Pacific,High income,2011,63770.0,65.6137462701924
Kuwait,KWT,Middle East & North Africa,High income,2011,62.5,0.350729517396184
Lao PDR,LAO,East Asia & Pacific,Lower middle income,2011,169060.0,73.2495667244367
Lebanon,LBN,Middle East & North Africa,Lower middle income,2011,1379.46,13.4844574780059
Liberia,LBR,Sub-Saharan Africa,Low income,2011,78897.8,81.9121677740864
Libya,LBY,Middle East & North Africa,Upper middle income,2011,2170.0,0.123327687918433
St. Lucia,LCA,Latin America & Caribbean,Upper middle income,2011,207.7,34.0491803278688
Liechtenstein,LIE,Europe & Central Asia,High income,2011,66.994,41.87125
Sri Lanka,LKA,South Asia,Upper middle income,2011,21086.6,33.625578057726
Lesotho,LSO,Sub-Saharan Africa,Lower middle income,2011,345.2,1.13702239789196
Lithuania,LTU,Europe & Central Asia,High income,2011,21734.0,34.6778568465392
Luxembourg,LUX,Europe & Central Asia,High income,2011,887.0,34.4538272103664
Latvia,LVA,Europe & Central Asia,High income,2011,33759.84,54.2527198804378
St. Martin (French part),MAF,Latin America & Caribbean,High income,2011,12.4,24.8
Morocco,MAR,Middle East & North Africa,Lower middle income,2011,56765.94,12.7192336993054
Monaco,MCO,Europe & Central Asia,High income,2011,0.0,0.0
Moldova,MDA,Europe & Central Asia,Upper middle income,2011,3768.8,11.4727549467275
Madagascar,MDG,Sub-Saharan Africa,Low income,2011,125487.62,21.5690440791
Maldives,MDV,South Asia,Upper middle income,2011,8.2,2.73333333333333
Mexico,MEX,Latin America & Caribbean,Upper middle income,2011,668208.3,34.3737390364979
Marshall Islands,MHL,East Asia & Pacific,Upper middle income,2011,94.0,52.2222222222222
North Macedonia,MKD,Europe & Central Asia,Upper middle income,2011,9672.24,38.3514670896114
Mali,MLI,Sub-Saharan Africa,Low income,2011,132960.0,10.896663634352
Malta,MLT,Middle East & North Africa,High income,2011,3.5,1.09375
Myanmar,MMR,East Asia & Pacific,Lower middle income,2011,311512.88,47.6837055518989
Montenegro,MNE,Europe & Central Asia,Upper middle income,2011,8270.0,61.4869888475836
Mongolia,MNG,East Asia & Pacific,Upper middle income,2011,141827.86,9.1075731369755
Northern Mariana Islands,MNP,East Asia & Pacific,High income,2011,301.54,65.5521739130435
Mozambique,MOZ,Sub-Saharan Africa,Low income,2011,387657.12,49.2964114041557
Mauritania,MRT,Sub-Saharan Africa,Lower middle income,2011,3618.0,0.351023576210342
Mauritius,MUS,Sub-Saharan Africa,Upper middle income,2011,383.72,19.21482223335
Malawi,MWI,Sub-Saharan Africa,Low income,2011,26197.0,27.7863809927874
Malaysia,MYS,East Asia & Pacific,Upper middle income,2011,190509.64,57.9849764115051
Namibia,NAM,Sub-Saharan Africa,Lower middle income,2011,72779.82,8.84011952046059
New Caledonia,NCL,East Asia & Pacific,High income,2011,8389.2,45.8927789934354
Niger,NER,Sub-Saharan Africa,Low income,2011,11914.8,0.940617352174943
Nigeria,NGA,Sub-Saharan Africa,Lower middle income,2011,230966.74,25.3595023990689
Nicaragua,NIC,Latin America & Caribbean,Lower middle income,2011,41320.26,34.3362639188965
Netherlands,NLD,Europe & Central Asia,High income,2011,3717.5,11.0246144721234
Norway,NOR,Europe & Central Asia,High income,2011,121098.0,33.1553701087492
Nepal,NPL,South Asia,Lower middle income,2011,59620.3,41.5907220090687
Naoero,NRU,East Asia & Pacific,High income,2011,0.0,0.0
New Zealand,NZL,East Asia & Pacific,High income,2011,98478.18,37.4000911473169
Oman,OMN,Middle East & North Africa,High income,2011,30.0,0.0096930533117932
Pakistan,PAK,Middle East & North Africa,Lower middle income,2011,40615.04,5.26865919468659
Panama,PAN,Latin America & Caribbean,High income,2011,43165.74,58.0652945924132
Peru,PER,Latin America & Caribbean,Upper middle income,2011,738787.46,57.7177703125
Philippines,PHL,East Asia & Pacific,Upper middle income,2011,68746.06,23.055994902237
Palau,PLW,East Asia & Pacific,High income,2011,406.46,88.3608695652174
Papua New Guinea,PNG,East Asia & Pacific,Lower middle income,2011,361479.924,79.821561630526
Poland,POL,Europe & Central Asia,High income,2011,93472.0,30.5234627567515
Puerto Rico (US),PRI,Latin America & Caribbean,High income,2011,4919.36,55.4606538895152
"Korea, Dem. People's Rep.",PRK,East Asia & Pacific,Low income,2011,62211.6,51.6664728843119
Portugal,PRT,Europe & Central Asia,High income,2011,32640.0,35.6370782836554
Paraguay,PRY,Latin America & Caribbean,Upper middle income,2011,191559.56,48.2153435690914
West Bank and Gaza,PSE,Middle East & North Africa,Lower middle income,2011,99.88,1.65913621262458
French Polynesia,PYF,East Asia & Pacific,High income,2011,1494.6,43.0596369922213
Qatar,QAT,Middle East & North Africa,High income,2011,0.0,0.0
Romania,ROU,Europe & Central Asia,High income,2011,65921.92,28.6405352565495
Russian Federation,RUS,Europe & Central Asia,High income,2011,8150945.72,49.7710839739218
Rwanda,RWA,Sub-Saharan Africa,Low income,2011,2660.0,10.7823267126064
Saudi Arabia,SAU,Middle East & North Africa,High income,2011,9770.0,0.454484134921779
Senegal,SEN,Sub-Saharan Africa,Lower middle income,2011,84281.6,43.7758271438217
Singapore,SGP,East Asia & Pacific,High income,2011,174.866,24.8389204545455
Solomon Islands,SLB,East Asia & Pacific,Lower middle income,2011,25295.48,90.3732761700607
Sierra Leone,SLE,Sub-Saharan Africa,Low income,2011,27124.34,37.5787475755057
El Salvador,SLV,Latin America & Caribbean,Upper middle income,2011,6243.8,30.1341698841699
San Marino,SMR,Europe & Central Asia,High income,2011,10.0,16.6666666666667
"Somalia, Fed. Rep.",SOM,Sub-Saharan Africa,Low income,2011,66707.5,10.6333885931074
Serbia,SRB,Europe & Central Asia,Upper middle income,2011,27143.06,31.0348273496456
Sao Tome and Principe,STP,Sub-Saharan Africa,Lower middle income,2011,574.8,59.875
Suriname,SUR,Latin America & Caribbean,Upper middle income,2011,152902.22,95.2616639173682
Slovak Republic,SVK,Europe & Central Asia,High income,2011,19186.78,39.8993095990684
Slovenia,SVN,Europe & Central Asia,High income,2011,12472.0,61.9080710811079
Sweden,SWE,Europe & Central Asia,High income,2011,280544.0,68.8722459411641
Eswatini,SWZ,Sub-Saharan Africa,Lower middle income,2011,4866.44,28.2932558139535
Sint Maarten (Dutch part),SXM,Latin America & Caribbean,High income,2011,3.7,10.8823529411765
Seychelles,SYC,Sub-Saharan Africa,High income,2011,337.0,73.2608695652174
Syrian Arab Republic,SYR,Middle East & North Africa,Low income,2011,4980.8,2.71241082611774
Turks and Caicos Islands,TCA,Latin America & Caribbean,High income,2011,105.2,11.0736842105263
Chad,TCD,Sub-Saharan Africa,Low income,2011,54020.0,4.29002541296061
Togo,TGO,Sub-Saharan Africa,Lower middle income,2011,12359.1,22.723110865968
Thailand,THA,East Asia & Pacific,Upper middle income,2011,200706.0,39.2855604924739
Tajikistan,TJK,Europe & Central Asia,Lower middle income,2011,4123.6,2.94627036296085
Turkmenistan,TKM,Europe & Central Asia,Upper middle income,2011,41270.0,8.78215904496414
Timor-Leste,TLS,East Asia & Pacific,Lower middle income,2011,9337.0,62.7908540685945
Tonga,TON,East Asia & Pacific,Upper middle income,2011,89.5,12.4305555555556
Trinidad and Tobago,TTO,Latin America & Caribbean,High income,2011,2319.86,45.2214424951267
Tunisia,TUN,Middle East & North Africa,Lower middle income,2011,6889.6,4.4346035015448
Turkiye,TUR,Europe & Central Asia,Upper middle income,2011,211925.24,27.535990021179
Tuvalu,TUV,East Asia & Pacific,Upper middle income,2011,10.0,33.3333333333333
Tanzania,TZA,Sub-Saharan Africa,Lower middle income,2011,495780.08,55.9697538947844
Uganda,UGA,Sub-Saharan Africa,Low income,2011,27091.68,13.5107121484141
Ukraine,UKR,Europe & Central Asia,Upper middle income,2011,95698.0,16.5190223020093
Uruguay,URY,Latin America & Caribbean,High income,2011,17690.4,10.1076448405896
United States,USA,North America,High income,2011,3089950.0,33.7794700582241
Uzbekistan,UZB,Europe & Central Asia,Lower middle income,2011,33895.6,7.77762735510281
St. Vincent and the Grenadines,VCT,Latin America & Caribbean,Upper middle income,2011,285.4,73.1794871794872
"Venezuela, RB",VEN,Latin America & Caribbean,Lower middle income,2011,473406.0,53.6711070800975
British Virgin Islands,VGB,Latin America & Caribbean,High income,2011,36.36,24.24
Virgin Islands (U.S.),VIR,Latin America & Caribbean,High income,2011,185.76,53.0742857142857
Viet Nam,VNM,East Asia & Pacific,Upper middle income,2011,135228.2,43.1647323195567
Vanuatu,VUT,East Asia & Pacific,Lower middle income,2011,4423.0,36.2838392124692
Samoa,WSM,East Asia & Pacific,Upper middle income,2011,1660.06,58.6593639575972
"Yemen, Rep.",YEM,Middle East & North Africa,Low income,2011,5490.0,1.03983180862549
South Africa,ZAF,Sub-Saharan Africa,Upper middle income,2011,173776.9,14.3251448779563
Zambia,ZMB,Sub-Saharan Africa,Lower middle income,2011,465078.2,62.5618047054709
Zimbabwe,ZWE,Sub-Saharan Africa,Lower middle income,2011,178592.1,46.1657231485072
Aruba,ABW,Latin America & Caribbean,High income,2012,4.2,2.33333333333333
Afghanistan,AFG,Middle East & North Africa,Low income,2012,12084.4,1.85278199408184
Angola,AGO,Sub-Saharan Africa,Lower middle income,2012,710478.76,56.9887511029117
Albania,ALB,Europe & Central Asia,Upper middle income,2012,7849.17,28.6466058394161
Andorra,AND,Europe & Central Asia,High income,2012,160.0,34.0425531914894
United Arab Emirates,ARE,Middle East & North Africa,High income,2012,3173.0,4.46775556181357
Argentina,ARG,Latin America & Caribbean,Upper middle income,2012,297672.0,10.8770814377953
Armenia,ARM,Europe & Central Asia,Upper middle income,2012,3301.44,11.5962065331928
American Samoa,ASM,East Asia & Pacific,High income,2012,173.7,86.85
Antigua and Barbuda,ATG,Latin America & Caribbean,High income,2012,86.48,19.6545454545455
Australia,AUS,East Asia & Pacific,High income,2012,1309654.6,17.047688843185
Austria,AUT,Europe & Central Asia,High income,2012,38703.96,46.9025206010664
Azerbaijan,AZE,Europe & Central Asia,Upper middle income,2012,10506.515,12.7108265382661
Burundi,BDI,Sub-Saharan Africa,Low income,2012,2282.2,8.88707165109034
Belgium,BEL,Europe & Central Asia,High income,2012,6896.42,22.735700392312
Benin,BEN,Sub-Saharan Africa,Lower middle income,2012,35351.5,31.3510996807378
Burkina Faso,BFA,Sub-Saharan Africa,Low income,2012,66164.6,24.1829678362573
Bangladesh,BGD,South Asia,Lower middle income,2012,18863.652,14.4915510486287
Bulgaria,BGR,Europe & Central Asia,High income,2012,37754.0,34.777081798084
Bahrain,BHR,Middle East & North Africa,High income,2012,5.52,0.716883116883117
"Bahamas, The",BHS,Latin America & Caribbean,High income,2012,5098.6,50.9350649350649
Bosnia and Herzegovina,BIH,Europe & Central Asia,Upper middle income,2012,21257.96,41.519453125
Belarus,BLR,Europe & Central Asia,Upper middle income,2012,86314.0,42.5403772320218
Belize,BLZ,Latin America & Caribbean,Upper middle income,2012,13679.66,59.9722051731697
Bermuda,BMU,North America,High income,2012,10.0,18.5185185185185
Bolivia,BOL,Latin America & Caribbean,Lower middle income,2012,526624.94,48.6130287085756
Brazil,BRA,Latin America & Caribbean,Upper middle income,2012,5085023.4,60.8391747446202
Barbados,BRB,Latin America & Caribbean,High income,2012,63.0,14.6511627906977
Brunei Darussalam,BRN,East Asia & Pacific,High income,2012,3800.0,72.1062618595825
Bhutan,BTN,South Asia,Lower middle income,2012,27092.46,71.0771047039379
Botswana,BWA,Sub-Saharan Africa,Upper middle income,2012,162011.0,28.5869814550138
Central African Republic,CAF,Sub-Saharan Africa,Low income,2012,225430.0,36.1857523516004
Canada,CAN,North America,High income,2012,3472396.1,38.7302575736789
Switzerland,CHE,Europe & Central Asia,High income,2012,12415.96,31.4232415506488
Channel Islands,CHI,Europe & Central Asia,High income,2012,10.2,5.15151515151515
Chile,CHL,Latin America & Caribbean,High income,2012,170735.88,22.9628153193138
China,CHN,East Asia & Pacific,Upper middle income,2012,2044839.28,21.7809258867318
Cote d'Ivoire,CIV,Sub-Saharan Africa,Lower middle income,2012,37398.08,11.7604025157233
Cameroon,CMR,Sub-Saharan Africa,Lower middle income,2012,207884.8,43.9772376298365
"Congo, Dem. Rep.",COD,Sub-Saharan Africa,Low income,2012,1349662.48,59.5338647140557
"Congo, Rep.",COG,Sub-Saharan Africa,Lower middle income,2012,220510.0,64.5710102489019
Colombia,COL,Latin America & Caribbean,Upper middle income,2012,605385.38,54.5638017124831
Comoros,COM,Sub-Saharan Africa,Lower middle income,2012,364.24,19.5722729715207
Cabo Verde,CPV,Sub-Saharan Africa,Upper middle income,2012,433.2,10.7493796526055
Costa Rica,CRI,Latin America & Caribbean,High income,2012,29039.32,56.8729338033686
Cuba,CUB,Latin America & Caribbean,Upper middle income,2012,30328.0,28.4372099128918
Curacao,CUW,Latin America & Caribbean,High income,2012,0.7,0.157657657657658
Cayman Islands,CYM,Latin America & Caribbean,High income,2012,127.2,53.0
Cyprus,CYP,Europe & Central Asia,High income,2012,1727.88,18.7
Czechia,CZE,Europe & Central Asia,High income,2012,26617.84,34.465673960896
Germany,DEU,Europe & Central Asia,High income,2012,114130.0,32.7451655477133
Djibouti,DJI,Middle East & North Africa,Lower middle income,2012,56.0,0.241587575496117
Dominica,DMA,Latin America & Caribbean,Upper middle income,2012,478.7,63.8266666666667
Denmark,DNK,Europe & Central Asia,High income,2012,6017.66,15.04415
Dominican Republic,DOM,Latin America & Caribbean,Upper middle income,2012,20853.32,43.1656385841441
Algeria,DZA,Middle East & North Africa,Upper middle income,2012,19332.0,0.811675497745346
Ecuador,ECU,Latin America & Caribbean,Upper middle income,2012,129445.86,52.1202528587534
"Egypt, Arab Rep.",EGY,Middle East & North Africa,Lower middle income,2012,587.52,0.0590205434728013
Eritrea,ERI,Sub-Saharan Africa,Low income,2012,10805.4,8.92402610724028
Spain,ESP,Europe & Central Asia,High income,2012,185476.76,37.0797784930329
Estonia,EST,Europe & Central Asia,High income,2012,23700.16,55.9097900448219
Ethiopia,ETH,Sub-Saharan Africa,Low income,2012,176525.0,15.6413077967478
Finland,FIN,Europe & Central Asia,High income,2012,223088.0,73.4107736351969
Fiji,FJI,East Asia & Pacific,Upper middle income,2012,10865.92,59.4741105637657
France,FRA,Europe & Central Asia,High income,2012,165858.0,30.7742833286947
Faroe Islands,FRO,Europe & Central Asia,High income,2012,0.8,0.0573065902578797
"Micronesia, Fed. Sts.",FSM,East Asia & Pacific,Upper middle income,2012,641.86,91.6942857142857
Gabon,GAB,Sub-Saharan Africa,Upper middle income,2012,236256.46,91.6895486474949
United Kingdom,GBR,Europe & Central Asia,High income,2012,30974.0,12.8028768652089
Georgia,GEO,Europe & Central Asia,Upper middle income,2012,28224.0,40.6159159591308
Ghana,GHA,Sub-Saharan Africa,Lower middle income,2012,79179.34,34.7979871670915
Gibraltar,GIB,Europe & Central Asia,High income,2012,0.0,0.0
Guinea,GIN,Sub-Saharan Africa,Lower middle income,2012,64970.0,26.4406641706007
"Gambia, The",GMB,Sub-Saharan Africa,Low income,2012,2885.36,28.5114624505929
Guinea-Bissau,GNB,Sub-Saharan Africa,Low income,2012,20475.42,72.8144381223329
Equatorial Guinea,GNQ,Sub-Saharan Africa,Upper middle income,2012,25152.94,89.6718003565062
Greece,GRC,Europe & Central Asia,High income,2012,39018.03,30.27
Grenada,GRD,Latin America & Caribbean,Upper middle income,2012,177.0,52.0588235294118
Greenland,GRL,Europe & Central Asia,High income,2012,2.2,0.0005359970763795
Guatemala,GTM,Latin America & Caribbean,Upper middle income,2012,36678.8,34.2280701754386
Guam,GUM,East Asia & Pacific,High income,2012,244.0,45.1851851851852
Guyana,GUY,Latin America & Caribbean,High income,2012,184964.3,93.9620523241046
Honduras,HND,Latin America & Caribbean,Lower middle income,2012,65308.14,58.3681651622129
Croatia,HRV,Europe & Central Asia,High income,2012,19208.0,34.3220641841184
Haiti,HTI,Latin America & Caribbean,Lower middle income,2012,3721.68,13.5039187227866
Hungary,HUN,Europe & Central Asia,High income,2012,20521.62,22.6683088478957
Indonesia,IDN,East Asia & Pacific,Upper middle income,2012,978066.8,52.0935766828458
Isle of Man,IMN,Europe & Central Asia,High income,2012,34.6,6.07017543859649
India,IND,South Asia,Lower middle income,2012,700288.0,23.5534224183453
Ireland,IRL,Europe & Central Asia,High income,2012,7340.96,10.6560603861228
"Iran, Islamic Rep.",IRN,Middle East & North Africa,Upper middle income,2012,106919.8,6.56449077826076
Iraq,IRQ,Middle East & North Africa,Upper middle income,2012,8250.0,1.89952109044023
Iceland,ISL,Europe & Central Asia,High income,2012,460.66,0.459511221945137
Israel,ISR,Middle East & North Africa,High income,2012,1584.0,7.31977818853974
Italy,ITA,Europe & Central Asia,High income,2012,91356.56,30.8931346756031
Jamaica,JAM,Latin America & Caribbean,Upper middle income,2012,5660.54,52.2672206832872
Jordan,JOR,Middle East & North Africa,Upper middle income,2012,975.0,1.09822031989187
Japan,JPN,East Asia & Pacific,High income,2012,249572.0,68.4696844993141
Kazakhstan,KAZ,Europe & Central Asia,Upper middle income,2012,31726.902,1.17520102233582
Kenya,KEN,Sub-Saharan Africa,Lower middle income,2012,35787.68,6.28802755033911
Kyrgyz Republic,KGZ,Europe & Central Asia,Lower middle income,2012,12385.32,6.45741397288842
Cambodia,KHM,East Asia & Pacific,Lower middle income,2012,98922.66,56.0404826648538
Kiribati,KIR,East Asia & Pacific,Lower middle income,2012,11.8,1.45679012345679
St. Kitts and Nevis,KNA,Latin America & Caribbean,High income,2012,110.0,42.3076923076923
"Korea, Rep.",KOR,East Asia & Pacific,High income,2012,63670.0,65.4300688521221
Kuwait,KWT,Middle East & North Africa,High income,2012,62.5,0.350729517396184
Lao PDR,LAO,East Asia & Pacific,Lower middle income,2012,168715.0,73.1000866551126
Lebanon,LBN,Middle East & North Africa,Lower middle income,2012,1385.42,13.5427174975562
Liberia,LBR,Sub-Saharan Africa,Low income,2012,78595.2,81.5980066445183
Libya,LBY,Middle East & North Africa,Upper middle income,2012,2170.0,0.123327687918433
St. Lucia,LCA,Latin America & Caribbean,Upper middle income,2012,207.7,34.0491803278688
Liechtenstein,LIE,Europe & Central Asia,High income,2012,66.995,41.871875
Sri Lanka,LKA,South Asia,Upper middle income,2012,21137.0,33.7059480146707
Lesotho,LSO,Sub-Saharan Africa,Lower middle income,2012,345.2,1.13702239789196
Lithuania,LTU,Europe & Central Asia,High income,2012,21768.0,34.7321058174043
Luxembourg,LUX,Europe & Central Asia,High income,2012,887.0,34.4538272103664
Latvia,LVA,Europe & Central Asia,High income,2012,33798.48,54.314815112411
St. Martin (French part),MAF,Latin America & Caribbean,High income,2012,12.4,24.8
Morocco,MAR,Middle East & North Africa,Lower middle income,2012,56786.18,12.7237687654044
Monaco,MCO,Europe & Central Asia,High income,2012,0.0,0.0
Moldova,MDA,Europe & Central Asia,Upper middle income,2012,3792.6,11.5416920267803
Madagascar,MDG,Sub-Saharan Africa,Low income,2012,125355.44,21.5463247363762
Maldives,MDV,South Asia,Upper middle income,2012,8.2,2.73333333333333
Mexico,MEX,Latin America & Caribbean,Upper middle income,2012,666983.5,34.3107333007536
Marshall Islands,MHL,East Asia & Pacific,Upper middle income,2012,94.0,52.2222222222222
North Macedonia,MKD,Europe & Central Asia,Upper middle income,2012,9740.18,38.6208564631245
Mali,MLI,Sub-Saharan Africa,Low income,2012,132960.0,10.896663634352
Malta,MLT,Middle East & North Africa,High income,2012,3.5,1.09375
Myanmar,MMR,East Asia & Pacific,Lower middle income,2012,308615.76,47.250365153487
Montenegro,MNE,Europe & Central Asia,Upper middle income,2012,8270.0,61.4869888475836
Mongolia,MNG,East Asia & Pacific,Upper middle income,2012,141816.72,9.10685777424814
Northern Mariana Islands,MNP,East Asia & Pacific,High income,2012,299.88,65.1913043478261
Mozambique,MOZ,Sub-Saharan Africa,Low income,2012,385592.84,49.0339072712938
Mauritania,MRT,Sub-Saharan Africa,Lower middle income,2012,3563.6,0.345745609779761
Mauritius,MUS,Sub-Saharan Africa,Upper middle income,2012,383.54,19.2058087130696
Malawi,MWI,Sub-Saharan Africa,Low income,2012,25777.0,27.3408994484514
Malaysia,MYS,East Asia & Pacific,Upper middle income,2012,191542.78,58.2994308324456
Namibia,NAM,Sub-Saharan Africa,Lower middle income,2012,72069.74,8.7538704466227
New Caledonia,NCL,East Asia & Pacific,High income,2012,8388.2,45.8873085339169
Niger,NER,Sub-Saharan Africa,Low income,2012,11790.6,0.930812347043499
Nigeria,NGA,Sub-Saharan Africa,Lower middle income,2012,229333.68,25.180196976185
Nicaragua,NIC,Latin America & Caribbean,Lower middle income,2012,40759.02,33.8698853249127
Netherlands,NLD,Europe & Central Asia,High income,2012,3700.2,10.9733096085409
Norway,NOR,Europe & Central Asia,High income,2012,121176.0,33.1767256956993
Nepal,NPL,South Asia,Lower middle income,2012,59620.3,41.5907220090687
Naoero,NRU,East Asia & Pacific,High income,2012,0.0,0.0
New Zealand,NZL,East Asia & Pacific,High income,2012,98475.16,37.3989442102465
Oman,OMN,Middle East & North Africa,High income,2012,30.0,0.0096930533117932
Pakistan,PAK,Middle East & North Africa,Lower middle income,2012,40292.78,5.22685502283105
Panama,PAN,Latin America & Caribbean,High income,2012,43051.58,57.911729889696
Peru,PER,Latin America & Caribbean,Upper middle income,2012,737076.92,57.584134375
Philippines,PHL,East Asia & Pacific,Upper middle income,2012,69094.92,23.172995271154
Palau,PLW,East Asia & Pacific,High income,2012,407.32,88.5478260869565
Papua New Guinea,PNG,East Asia & Pacific,Lower middle income,2012,361170.995,79.7533443006669
Poland,POL,Europe & Central Asia,High income,2012,93654.0,30.5838939324669
Puerto Rico (US),PRI,Latin America & Caribbean,High income,2012,4924.22,55.5154453213078
"Korea, Dem. People's Rep.",PRK,East Asia & Pacific,Low income,2012,61999.3,51.4901586246989
Portugal,PRT,Europe & Central Asia,High income,2012,32760.0,35.7680969538159
Paraguay,PRY,Latin America & Caribbean,Upper middle income,2012,187417.02,47.1726705260508
West Bank and Gaza,PSE,Middle East & North Africa,Lower middle income,2012,100.26,1.66544850498339
French Polynesia,PYF,East Asia & Pacific,High income,2012,1494.6,43.0596369922213
Qatar,QAT,Middle East & North Africa,High income,2012,0.0,0.0
Romania,ROU,Europe & Central Asia,High income,2012,66693.84,28.9948004521346
Russian Federation,RUS,Europe & Central Asia,High income,2012,8150535.44,49.7685787332989
Rwanda,RWA,Sub-Saharan Africa,Low income,2012,2670.0,10.8228617754358
Saudi Arabia,SAU,Middle East & North Africa,High income,2012,9770.0,0.454484134921779
Sudan,SDN,Sub-Saharan Africa,Low income,2012,197326.74,10.5635299785867
Senegal,SEN,Sub-Saharan Africa,Lower middle income,2012,83881.6,43.5680673141848
Singapore,SGP,East Asia & Pacific,High income,2012,172.328,24.4090651558074
Solomon Islands,SLB,East Asia & Pacific,Lower middle income,2012,25288.16,90.3471239728474
Sierra Leone,SLE,Sub-Saharan Africa,Low income,2012,26927.08,37.3054585757828
El Salvador,SLV,Latin America & Caribbean,Upper middle income,2012,6198.8,29.9169884169884
San Marino,SMR,Europe & Central Asia,High income,2012,10.0,16.6666666666667
"Somalia, Fed. Rep.",SOM,Sub-Saharan Africa,Low income,2012,65940.0,10.5110466413747
Serbia,SRB,Europe & Central Asia,Upper middle income,2012,27156.12,31.0497598902355
South Sudan,SSD,Sub-Saharan Africa,Low income,2012,71570.0,11.3256215087114
Sao Tome and Principe,STP,Sub-Saharan Africa,Lower middle income,2012,568.6,59.2291666666667
Suriname,SUR,Latin America & Caribbean,Upper middle income,2012,152805.84,95.2016169202195
Slovak Republic,SVK,Europe & Central Asia,High income,2012,19194.46,39.9152803194144
Slovenia,SVN,Europe & Central Asia,High income,2012,12474.0,61.9189206629703
Sweden,SWE,Europe & Central Asia,High income,2012,280358.0,68.826583807078
Eswatini,SWZ,Sub-Saharan Africa,Lower middle income,2012,4878.58,28.3638372093023
Sint Maarten (Dutch part),SXM,Latin America & Caribbean,High income,2012,3.7,10.8823529411765
Seychelles,SYC,Sub-Saharan Africa,High income,2012,337.0,73.2608695652174
Syrian Arab Republic,SYR,Middle East & North Africa,Low income,2012,5040.8,2.74508522572564
Turks and Caicos Islands,TCA,Latin America & Caribbean,High income,2012,105.2,11.0736842105263
Chad,TCD,Sub-Saharan Africa,Low income,2012,52740.0,4.18837357052097
Togo,TGO,Sub-Saharan Africa,Lower middle income,2012,12329.5,22.6686890972605
Thailand,THA,East Asia & Pacific,Upper middle income,2012,200682.0,39.2808628080409
Tajikistan,TJK,Europe & Central Asia,Lower middle income,2012,4147.2,2.96313232352101
Turkmenistan,TKM,Europe & Central Asia,Upper middle income,2012,41270.0,8.78215904496414
Timor-Leste,TLS,East Asia & Pacific,Lower middle income,2012,9323.0,62.6967047747142
Tonga,TON,East Asia & Pacific,Upper middle income,2012,89.5,12.4305555555556
Trinidad and Tobago,TTO,Latin America & Caribbean,High income,2012,2315.62,45.1387914230019
Tunisia,TUN,Middle East & North Africa,Lower middle income,2012,6904.9,4.44445159629248
Turkiye,TUR,Europe & Central Asia,Upper middle income,2012,213019.68,27.6781934176163
Tuvalu,TUV,East Asia & Pacific,Upper middle income,2012,10.0,33.3333333333333
Tanzania,TZA,Sub-Saharan Africa,Lower middle income,2012,492060.06,55.5497922781666
Uganda,UGA,Sub-Saharan Africa,Low income,2012,26679.16,13.3049870337123
Ukraine,UKR,Europe & Central Asia,Upper middle income,2012,95916.0,16.5566526272181
Uruguay,URY,Latin America & Caribbean,High income,2012,18067.8,10.3232773397326
United States,USA,North America,High income,2012,3092700.0,33.8095331798474
Uzbekistan,UZB,Europe & Central Asia,Lower middle income,2012,34295.2,7.86948141349243
St. Vincent and the Grenadines,VCT,Latin America & Caribbean,Upper middle income,2012,285.4,73.1794871794872
"Venezuela, RB",VEN,Latin America & Caribbean,Lower middle income,2012,471762.0,53.4847230882603
British Virgin Islands,VGB,Latin America & Caribbean,High income,2012,36.32,24.2133333333333
Virgin Islands (U.S.),VIR,Latin America & Caribbean,High income,2012,187.22,53.4914285714286
Viet Nam,VNM,East Asia & Pacific,Upper middle income,2012,136575.8,43.5708247064191
Vanuatu,VUT,East Asia & Pacific,Lower middle income,2012,4423.0,36.2838392124692
Samoa,WSM,East Asia & Pacific,Upper middle income,2012,1655.22,58.4883392226148
"Yemen, Rep.",YEM,Middle East & North Africa,Low income,2012,5490.0,1.03983180862549
South Africa,ZAF,Sub-Saharan Africa,Upper middle income,2012,173412.9,14.2951388602659
Zambia,ZMB,Sub-Saharan Africa,Lower middle income,2012,463196.4,62.3086670522875
Zimbabwe,ZWE,Sub-Saharan Africa,Lower middle income,2012,178131.4,46.0466330619103
Aruba,ABW,Latin America & Caribbean,High income,2013,4.2,2.33333333333333
Afghanistan,AFG,Middle East & North Africa,Low income,2013,12084.4,1.85278199408184
Angola,AGO,Sub-Saharan Africa,Lower middle income,2013,704928.14,56.5435261089276
Albania,ALB,Europe & Central Asia,Upper middle income,2013,7863.405,28.6985583941606
Andorra,AND,Europe & Central Asia,High income,2013,160.0,34.0425531914894
United Arab Emirates,ARE,Middle East & North Africa,High income,2013,3173.0,4.46775556181357
Argentina,ARG,Latin America & Caribbean,Upper middle income,2013,295438.0,10.795449977893
Armenia,ARM,Europe & Central Asia,Upper middle income,2013,3299.36,11.5889005971198
American Samoa,ASM,East Asia & Pacific,High income,2013,173.4,86.7
Antigua and Barbuda,ATG,Latin America & Caribbean,High income,2013,85.82,19.5045454545455
Australia,AUS,East Asia & Pacific,High income,2013,1316751.4,17.1400674277235
Austria,AUT,Europe & Central Asia,High income,2013,38739.94,46.9461221522055
Azerbaijan,AZE,Europe & Central Asia,Upper middle income,2013,10597.3,12.8205035144388
Burundi,BDI,Sub-Saharan Africa,Low income,2013,2453.6,9.55451713395639
Belgium,BEL,Europe & Central Asia,High income,2013,6895.28,22.7319421092539
Benin,BEN,Sub-Saharan Africa,Lower middle income,2013,34851.5,30.9076800283789
Burkina Faso,BFA,Sub-Saharan Africa,Low income,2013,65664.4,24.0001461988304
Bangladesh,BGD,South Asia,Lower middle income,2013,18853.768,14.4839579012061
Bulgaria,BGR,Europe & Central Asia,High income,2013,37946.0,34.9539425202653
Bahrain,BHR,Middle East & North Africa,High income,2013,5.68,0.737662337662338
"Bahamas, The",BHS,Latin America & Caribbean,High income,2013,5098.6,50.9350649350649
Bosnia and Herzegovina,BIH,Europe & Central Asia,Upper middle income,2013,21373.64,41.745390625
Belarus,BLR,Europe & Central Asia,Upper middle income,2013,86321.0,42.5419401896426
Belize,BLZ,Latin America & Caribbean,Upper middle income,2013,13562.54,59.4587461639632
Bermuda,BMU,North America,High income,2013,10.0,18.5185185185185
Bolivia,BOL,Latin America & Caribbean,Lower middle income,2013,524507.36,48.4175537708853
Brazil,BRA,Latin America & Caribbean,Upper middle income,2013,5069631.6,60.6550213324974
Barbados,BRB,Latin America & Caribbean,High income,2013,63.0,14.6511627906977
Brunei Darussalam,BRN,East Asia & Pacific,High income,2013,3800.0,72.1062618595825
Bhutan,BTN,South Asia,Lower middle income,2013,27112.24,71.1289975601438
Botswana,BWA,Sub-Saharan Africa,Upper middle income,2013,160828.0,28.37824007905
Central African Republic,CAF,Sub-Saharan Africa,Low income,2013,225130.0,36.137596712575
Canada,CAN,North America,High income,2013,3471983.1,38.7256510726009
Switzerland,CHE,Europe & Central Asia,High income,2013,12450.34,31.5107315281037
Channel Islands,CHI,Europe & Central Asia,High income,2013,10.2,5.15151515151515
Chile,CHL,Latin America & Caribbean,High income,2013,172477.52,23.1970540608878
China,CHN,East Asia & Pacific,Upper middle income,2013,2064207.02,21.9872244030306
Cote d'Ivoire,CIV,Sub-Saharan Africa,Lower middle income,2013,36269.22,11.4054150943396
Cameroon,CMR,Sub-Saharan Africa,Lower middle income,2013,207324.8,43.8587717628144
"Congo, Dem. Rep.",COD,Sub-Saharan Africa,Low income,2013,1338648.72,59.048045698154
"Congo, Rep.",COG,Sub-Saharan Africa,Lower middle income,2013,220390.0,64.5358711566618
Colombia,COL,Latin America & Caribbean,Upper middle income,2013,604039.12,54.4424623704371
Comoros,COM,Sub-Saharan Africa,Lower middle income,2013,359.86,19.3369156367544
Cabo Verde,CPV,Sub-Saharan Africa,Upper middle income,2013,436.2,10.8238213399504
Costa Rica,CRI,Latin America & Caribbean,High income,2013,29202.98,57.1934586760674
Cuba,CUB,Latin America & Caribbean,Upper middle income,2013,30832.0,29.5835732105162
Curacao,CUW,Latin America & Caribbean,High income,2013,0.7,0.157657657657658
Cayman Islands,CYM,Latin America & Caribbean,High income,2013,127.2,53.0
Cyprus,CYP,Europe & Central Asia,High income,2013,1727.62,18.6971861471861
Czechia,CZE,Europe & Central Asia,High income,2013,26639.86,34.4986531986532
Germany,DEU,Europe & Central Asia,High income,2013,114150.0,32.7189864709929
Djibouti,DJI,Middle East & North Africa,Lower middle income,2013,56.0,0.241587575496117
Dominica,DMA,Latin America & Caribbean,Upper middle income,2013,478.7,63.8266666666667
Denmark,DNK,Europe & Central Asia,High income,2013,6094.04,15.2351
Dominican Republic,DOM,Latin America & Caribbean,Upper middle income,2013,20914.38,43.2920306354792
Algeria,DZA,Middle East & North Africa,Upper middle income,2013,19408.0,0.814866442180927
Ecuador,ECU,Latin America & Caribbean,Upper middle income,2013,129027.84,51.9519407311966
"Egypt, Arab Rep.",EGY,Middle East & North Africa,Lower middle income,2013,553.08,0.0555608016474961
Eritrea,ERI,Sub-Saharan Africa,Low income,2013,10773.8,8.90034222261119
Spain,ESP,Europe & Central Asia,High income,2013,185488.44,37.0821135123248
Estonia,EST,Europe & Central Asia,High income,2013,23870.14,54.9117552334944
Ethiopia,ETH,Sub-Saharan Africa,Low income,2013,175795.0,15.5767628847107
Finland,FIN,Europe & Central Asia,High income,2013,223422.0,73.5206818256606
Fiji,FJI,East Asia & Pacific,Upper middle income,2013,10932.68,59.8395183360701
France,FRA,Europe & Central Asia,High income,2013,166692.0,30.9290286668522
Faroe Islands,FRO,Europe & Central Asia,High income,2013,0.8,0.0573065902578797
"Micronesia, Fed. Sts.",FSM,East Asia & Pacific,Upper middle income,2013,642.14,91.7342857142857
Gabon,GAB,Sub-Saharan Africa,Upper middle income,2013,236137.64,91.6434354018706
United Kingdom,GBR,Europe & Central Asia,High income,2013,31166.0,12.8822386640764
Georgia,GEO,Europe & Central Asia,Upper middle income,2013,28224.0,40.6159159591308
Ghana,GHA,Sub-Saharan Africa,Lower middle income,2013,79054.36,34.7430605607805
Gibraltar,GIB,Europe & Central Asia,High income,2013,0.0,0.0
Guinea,GIN,Sub-Saharan Africa,Lower middle income,2013,64610.0,26.2941559498616
"Gambia, The",GMB,Sub-Saharan Africa,Low income,2013,2828.04,27.9450592885375
Guinea-Bissau,GNB,Sub-Saharan Africa,Low income,2013,20390.98,72.5141536273115
Equatorial Guinea,GNQ,Sub-Saharan Africa,Upper middle income,2013,25069.36,89.3738324420677
Greece,GRC,Europe & Central Asia,High income,2013,39018.03,30.27
Grenada,GRD,Latin America & Caribbean,Upper middle income,2013,177.0,52.0588235294118
Greenland,GRL,Europe & Central Asia,High income,2013,2.2,0.0005359970763795
Guatemala,GTM,Latin America & Caribbean,Upper middle income,2013,36405.2,33.9727510265024
Guam,GUM,East Asia & Pacific,High income,2013,246.0,45.5555555555556
Guyana,GUY,Latin America & Caribbean,High income,2013,184847.4,93.902667005334
Honduras,HND,Latin America & Caribbean,Lower middle income,2013,65084.86,58.168612029672
Croatia,HRV,Europe & Central Asia,High income,2013,19212.0,34.3292116360517
Haiti,HTI,Latin America & Caribbean,Lower middle income,2013,3690.62,13.3912191582003
Hungary,HUN,Europe & Central Asia,High income,2013,20550.48,22.7001877830553
Indonesia,IDN,East Asia & Pacific,Upper middle income,2013,968804.2,51.6002341387757
Isle of Man,IMN,Europe & Central Asia,High income,2013,34.6,6.07017543859649
India,IND,South Asia,Lower middle income,2013,702952.0,23.6430231502191
Ireland,IRL,Europe & Central Asia,High income,2013,7409.54,10.7556103933808
"Iran, Islamic Rep.",IRN,Middle East & North Africa,Upper middle income,2013,106919.8,6.56449077826076
Iraq,IRQ,Middle East & North Africa,Upper middle income,2013,8250.0,1.90036118379833
Iceland,ISL,Europe & Central Asia,High income,2013,467.64,0.466473815461347
Israel,ISR,Middle East & North Africa,High income,2013,1606.0,7.42144177449168
Italy,ITA,Europe & Central Asia,High income,2013,91894.64,31.075091810441
Jamaica,JAM,Latin America & Caribbean,Upper middle income,2013,5698.56,52.6182825484765
Jordan,JOR,Middle East & North Africa,Upper middle income,2013,975.0,1.09822031989187
Japan,JPN,East Asia & Pacific,High income,2013,249528.0,68.4576131687243
Kazakhstan,KAZ,Europe & Central Asia,Upper middle income,2013,32179.455,1.19196410712301
Kenya,KEN,Sub-Saharan Africa,Lower middle income,2013,35599.82,6.25501985451734
Kyrgyz Republic,KGZ,Europe & Central Asia,Lower middle income,2013,12429.58,6.48049009384776
Cambodia,KHM,East Asia & Pacific,Lower middle income,2013,95437.84,54.0663041015182
Kiribati,KIR,East Asia & Pacific,Lower middle income,2013,11.8,1.45679012345679
St. Kitts and Nevis,KNA,Latin America & Caribbean,High income,2013,110.0,42.3076923076923
"Korea, Rep.",KOR,East Asia & Pacific,High income,2013,63570.0,65.2495227146758
Kuwait,KWT,Middle East & North Africa,High income,2013,62.5,0.350729517396184
Lao PDR,LAO,East Asia & Pacific,Lower middle income,2013,168370.0,72.9506065857886
Lebanon,LBN,Middle East & North Africa,Lower middle income,2013,1391.38,13.6009775171065
Liberia,LBR,Sub-Saharan Africa,Low income,2013,78292.6,81.2838455149502
Libya,LBY,Middle East & North Africa,Upper middle income,2013,2170.0,0.123327687918433
St. Lucia,LCA,Latin America & Caribbean,Upper middle income,2013,207.7,34.0491803278688
Liechtenstein,LIE,Europe & Central Asia,High income,2013,66.997,41.873125
Sri Lanka,LKA,South Asia,Upper middle income,2013,21187.4,33.7863179716154
Lesotho,LSO,Sub-Saharan Africa,Lower middle income,2013,345.2,1.13702239789196
Lithuania,LTU,Europe & Central Asia,High income,2013,21802.0,34.7857997606701
Luxembourg,LUX,Europe & Central Asia,High income,2013,887.0,34.4538272103664
Latvia,LVA,Europe & Central Asia,High income,2013,33837.12,54.3769103443843
St. Martin (French part),MAF,Latin America & Caribbean,High income,2013,12.4,24.8
Morocco,MAR,Middle East & North Africa,Lower middle income,2013,56806.42,12.7283038315035
Monaco,MCO,Europe & Central Asia,High income,2013,0.0,0.0
Moldova,MDA,Europe & Central Asia,Upper middle income,2013,3816.4,11.6070559610706
Madagascar,MDG,Sub-Saharan Africa,Low income,2013,125223.26,21.5234204193881
Maldives,MDV,South Asia,Upper middle income,2013,8.2,2.73333333333333
Mexico,MEX,Latin America & Caribbean,Upper middle income,2013,665758.7,34.2477275650094
Marshall Islands,MHL,East Asia & Pacific,Upper middle income,2013,94.0,52.2222222222222
North Macedonia,MKD,Europe & Central Asia,Upper middle income,2013,9808.12,38.8902458366376
Mali,MLI,Sub-Saharan Africa,Low income,2013,132960.0,10.896663634352
Malta,MLT,Middle East & North Africa,High income,2013,3.5,1.09375
Myanmar,MMR,East Asia & Pacific,Lower middle income,2013,305718.64,46.8118209101488
Montenegro,MNE,Europe & Central Asia,Upper middle income,2013,8270.0,61.4869888475836
Mongolia,MNG,East Asia & Pacific,Upper middle income,2013,141805.58,9.10613594411107
Northern Mariana Islands,MNP,East Asia & Pacific,High income,2013,298.22,64.8304347826087
Mozambique,MOZ,Sub-Saharan Africa,Low income,2013,383528.56,48.7714031384318
Mauritania,MRT,Sub-Saharan Africa,Lower middle income,2013,3509.2,0.34046764334918
Mauritius,MUS,Sub-Saharan Africa,Upper middle income,2013,383.36,19.1967951927892
Malawi,MWI,Sub-Saharan Africa,Low income,2013,25357.0,26.8954179041154
Malaysia,MYS,East Asia & Pacific,Upper middle income,2013,192575.92,58.6138852533861
Namibia,NAM,Sub-Saharan Africa,Lower middle income,2013,71359.66,8.6676213727848
New Caledonia,NCL,East Asia & Pacific,High income,2013,8387.2,45.8818380743983
Niger,NER,Sub-Saharan Africa,Low income,2013,11666.4,0.921007341912055
Nigeria,NGA,Sub-Saharan Africa,Lower middle income,2013,227700.62,25.0008915533011
Nicaragua,NIC,Latin America & Caribbean,Lower middle income,2013,40197.78,33.403506730929
Netherlands,NLD,Europe & Central Asia,High income,2013,3682.9,10.9317304838231
Norway,NOR,Europe & Central Asia,High income,2013,121254.0,33.2090866046879
Nepal,NPL,South Asia,Lower middle income,2013,59620.3,41.5907220090687
Naoero,NRU,East Asia & Pacific,High income,2013,0.0,0.0
New Zealand,NZL,East Asia & Pacific,High income,2013,98472.14,37.3977972731761
Oman,OMN,Middle East & North Africa,High income,2013,30.0,0.0096930533117932
Pakistan,PAK,Middle East & North Africa,Lower middle income,2013,39970.52,5.18505085097551
Panama,PAN,Latin America & Caribbean,High income,2013,42937.42,57.7581651869788
Peru,PER,Latin America & Caribbean,Upper middle income,2013,735366.38,57.4504984375
Philippines,PHL,East Asia & Pacific,Upper middle income,2013,69443.78,23.2899956400711
Palau,PLW,East Asia & Pacific,High income,2013,408.18,88.7347826086957
Papua New Guinea,PNG,East Asia & Pacific,Lower middle income,2013,360862.067,79.6851271916266
Poland,POL,Europe & Central Asia,High income,2013,93836.0,30.6443290552235
Puerto Rico (US),PRI,Latin America & Caribbean,High income,2013,4929.08,55.5702367531003
"Korea, Dem. People's Rep.",PRK,East Asia & Pacific,Low income,2013,61787.0,51.313844365086
Portugal,PRT,Europe & Central Asia,High income,2013,32880.0,35.893158903643
Paraguay,PRY,Latin America & Caribbean,Upper middle income,2013,183274.48,46.1299974830103
West Bank and Gaza,PSE,Middle East & North Africa,Lower middle income,2013,100.64,1.67176079734219
French Polynesia,PYF,East Asia & Pacific,High income,2013,1494.6,43.0596369922213
Qatar,QAT,Middle East & North Africa,High income,2013,0.0,0.0
Romania,ROU,Europe & Central Asia,High income,2013,67465.76,29.3291135938791
Russian Federation,RUS,Europe & Central Asia,High income,2013,8150125.16,49.766073492676
Rwanda,RWA,Sub-Saharan Africa,Low income,2013,2680.0,10.8633968382651
Saudi Arabia,SAU,Middle East & North Africa,High income,2013,9770.0,0.454484134921779
Sudan,SDN,Sub-Saharan Africa,Low income,2013,195584.26,10.4702494646681
Senegal,SEN,Sub-Saharan Africa,Lower middle income,2013,83481.6,43.3603074845479
Singapore,SGP,East Asia & Pacific,High income,2013,169.79,24.015558698727
Solomon Islands,SLB,East Asia & Pacific,Lower middle income,2013,25280.84,90.3209717756341
Sierra Leone,SLE,Sub-Saharan Africa,Low income,2013,26729.82,37.0321695760599
El Salvador,SLV,Latin America & Caribbean,Upper middle income,2013,6153.8,29.699806949807
San Marino,SMR,Europe & Central Asia,High income,2013,10.0,16.6666666666667
"Somalia, Fed. Rep.",SOM,Sub-Saharan Africa,Low income,2013,65172.5,10.388704689642
Serbia,SRB,Europe & Central Asia,Upper middle income,2013,27169.18,31.0646924308255
South Sudan,SSD,Sub-Saharan Africa,Low income,2013,71570.0,11.3256215087114
Sao Tome and Principe,STP,Sub-Saharan Africa,Lower middle income,2013,562.4,58.5833333333333
Suriname,SUR,Latin America & Caribbean,Upper middle income,2013,152709.46,95.1415699230709
Slovak Republic,SVK,Europe & Central Asia,High income,2013,19202.14,39.9312510397604
Slovenia,SVN,Europe & Central Asia,High income,2013,12476.0,61.9463753723932
Sweden,SWE,Europe & Central Asia,High income,2013,280172.0,68.7809216729919
Eswatini,SWZ,Sub-Saharan Africa,Lower middle income,2013,4890.72,28.4344186046512
Sint Maarten (Dutch part),SXM,Latin America & Caribbean,High income,2013,3.7,10.8823529411765
Seychelles,SYC,Sub-Saharan Africa,High income,2013,337.0,73.2608695652174
Syrian Arab Republic,SYR,Middle East & North Africa,Low income,2013,5100.8,2.77775962533355
Turks and Caicos Islands,TCA,Latin America & Caribbean,High income,2013,105.2,11.0736842105263
Chad,TCD,Sub-Saharan Africa,Low income,2013,51460.0,4.08672172808132
Togo,TGO,Sub-Saharan Africa,Lower middle income,2013,12299.9,22.614267328553
Thailand,THA,East Asia & Pacific,Upper middle income,2013,200658.0,39.2761651236078
Tajikistan,TJK,Europe & Central Asia,Lower middle income,2013,4170.8,2.97999428408117
Turkmenistan,TKM,Europe & Central Asia,Upper middle income,2013,41270.0,8.78215904496414
Timor-Leste,TLS,East Asia & Pacific,Lower middle income,2013,9309.0,62.6025554808339
Tonga,TON,East Asia & Pacific,Upper middle income,2013,89.5,12.4305555555556
Trinidad and Tobago,TTO,Latin America & Caribbean,High income,2013,2311.38,45.0561403508772
Tunisia,TUN,Middle East & North Africa,Lower middle income,2013,6920.2,4.45429969104016
Turkiye,TUR,Europe & Central Asia,Upper middle income,2013,214114.12,27.8203968140535
Tuvalu,TUV,East Asia & Pacific,Upper middle income,2013,10.0,33.3333333333333
Tanzania,TZA,Sub-Saharan Africa,Lower middle income,2013,488340.04,55.1298306615489
Uganda,UGA,Sub-Saharan Africa,Low income,2013,26266.64,13.0992619190106
Ukraine,UKR,Europe & Central Asia,Upper middle income,2013,96134.0,16.594282952427
Uruguay,URY,Latin America & Caribbean,High income,2013,18445.2,10.5389098388756
United States,USA,North America,High income,2013,3095450.0,33.8395963014708
Uzbekistan,UZB,Europe & Central Asia,Lower middle income,2013,34694.8,7.96137580342781
St. Vincent and the Grenadines,VCT,Latin America & Caribbean,Upper middle income,2013,285.4,73.1794871794872
"Venezuela, RB",VEN,Latin America & Caribbean,Lower middle income,2013,470118.0,53.2983390964231
British Virgin Islands,VGB,Latin America & Caribbean,High income,2013,36.28,24.1866666666667
Virgin Islands (U.S.),VIR,Latin America & Caribbean,High income,2013,188.68,53.9085714285714
Viet Nam,VNM,East Asia & Pacific,Upper middle income,2013,137923.4,44.0639521125592
Vanuatu,VUT,East Asia & Pacific,Lower middle income,2013,4423.0,36.2838392124692
Samoa,WSM,East Asia & Pacific,Upper middle income,2013,1650.38,58.3173144876325
"Yemen, Rep.",YEM,Middle East & North Africa,Low income,2013,5490.0,1.03983180862549
South Africa,ZAF,Sub-Saharan Africa,Upper middle income,2013,173048.9,14.2651328425756
Zambia,ZMB,Sub-Saharan Africa,Lower middle income,2013,461314.6,62.0555293991041
Zimbabwe,ZWE,Sub-Saharan Africa,Lower middle income,2013,177670.7,45.9275429753134
Aruba,ABW,Latin America & Caribbean,High income,2014,4.2,2.33333333333333
Afghanistan,AFG,Middle East & North Africa,Low income,2014,12084.4,1.85278199408184
Angola,AGO,Sub-Saharan Africa,Lower middle income,2014,699377.52,56.0983011149435
Albania,ALB,Europe & Central Asia,Upper middle income,2014,7877.64,28.7505109489051
Andorra,AND,Europe & Central Asia,High income,2014,160.0,34.0425531914894
United Arab Emirates,ARE,Middle East & North Africa,High income,2014,3173.0,4.46775556181357
Argentina,ARG,Latin America & Caribbean,Upper middle income,2014,293204.0,10.7138185179907
Armenia,ARM,Europe & Central Asia,Upper middle income,2014,3297.28,11.5815946610467
American Samoa,ASM,East Asia & Pacific,High income,2014,173.1,86.55
Antigua and Barbuda,ATG,Latin America & Caribbean,High income,2014,85.16,19.3545454545455
Australia,AUS,East Asia & Pacific,High income,2014,1323848.2,17.232446012262
Austria,AUT,Europe & Central Asia,High income,2014,38775.92,46.9897237033446
Azerbaijan,AZE,Europe & Central Asia,Upper middle income,2014,10688.085,12.9297085757836
Burundi,BDI,Sub-Saharan Africa,Low income,2014,2625.0,10.2219626168224
Belgium,BEL,Europe & Central Asia,High income,2014,6894.14,22.7281838261959
Benin,BEN,Sub-Saharan Africa,Lower middle income,2014,34351.5,30.4642603760199
Burkina Faso,BFA,Sub-Saharan Africa,Low income,2014,65164.2,23.8173245614035
Bangladesh,BGD,South Asia,Lower middle income,2014,18843.884,14.4763647537835
Bulgaria,BGR,Europe & Central Asia,High income,2014,38138.0,35.1308032424466
Bahrain,BHR,Middle East & North Africa,High income,2014,5.84,0.75745784695201
"Bahamas, The",BHS,Latin America & Caribbean,High income,2014,5098.6,50.9350649350649
Bosnia and Herzegovina,BIH,Europe & Central Asia,Upper middle income,2014,21489.32,41.971328125
Belarus,BLR,Europe & Central Asia,Upper middle income,2014,86328.0,42.5317653086864
Belize,BLZ,Latin America & Caribbean,Upper middle income,2014,13445.42,58.9452871547567
Bermuda,BMU,North America,High income,2014,10.0,18.5185185185185
Bolivia,BOL,Latin America & Caribbean,Lower middle income,2014,522389.78,48.2220788331949
Brazil,BRA,Latin America & Caribbean,Upper middle income,2014,5054239.8,60.4708679203746
Barbados,BRB,Latin America & Caribbean,High income,2014,63.0,14.6511627906977
Brunei Darussalam,BRN,East Asia & Pacific,High income,2014,3800.0,72.1062618595825
Bhutan,BTN,South Asia,Lower middle income,2014,27132.02,71.1808904163497
Botswana,BWA,Sub-Saharan Africa,Upper middle income,2014,159645.0,28.1694987030861
Central African Republic,CAF,Sub-Saharan Africa,Low income,2014,224830.0,36.0894410735497
Canada,CAN,North America,High income,2014,3471570.1,38.7210445715229
Switzerland,CHE,Europe & Central Asia,High income,2014,12484.72,31.5982233630178
Channel Islands,CHI,Europe & Central Asia,High income,2014,10.2,5.15151515151515
Chile,CHL,Latin America & Caribbean,High income,2014,174219.16,23.4897141198213
China,CHN,East Asia & Pacific,Upper middle income,2014,2083574.76,22.1935229193294
Cote d'Ivoire,CIV,Sub-Saharan Africa,Lower middle income,2014,35140.36,11.050427672956
Cameroon,CMR,Sub-Saharan Africa,Lower middle income,2014,206764.8,43.7403058957923
"Congo, Dem. Rep.",COD,Sub-Saharan Africa,Low income,2014,1327634.96,58.5622266822523
"Congo, Rep.",COG,Sub-Saharan Africa,Lower middle income,2014,220270.0,64.5007320644217
Colombia,COL,Latin America & Caribbean,Upper middle income,2014,602692.86,54.3211230283912
Comoros,COM,Sub-Saharan Africa,Lower middle income,2014,355.48,19.1015583019882
Cabo Verde,CPV,Sub-Saharan Africa,Upper middle income,2014,439.2,10.8982630272953
Costa Rica,CRI,Latin America & Caribbean,High income,2014,29366.64,57.5139835487662
Cuba,CUB,Latin America & Caribbean,Upper middle income,2014,31336.0,30.1249759661604
Curacao,CUW,Latin America & Caribbean,High income,2014,0.7,0.157657657657658
Cayman Islands,CYM,Latin America & Caribbean,High income,2014,127.2,53.0
Cyprus,CYP,Europe & Central Asia,High income,2014,1727.36,18.6943722943723
Czechia,CZE,Europe & Central Asia,High income,2014,26661.88,34.5271691271691
Germany,DEU,Europe & Central Asia,High income,2014,114170.0,32.7228432215535
Djibouti,DJI,Middle East & North Africa,Lower middle income,2014,56.0,0.241587575496117
Dominica,DMA,Latin America & Caribbean,Upper middle income,2014,478.7,63.8266666666667
Denmark,DNK,Europe & Central Asia,High income,2014,6170.42,15.42605
Dominican Republic,DOM,Latin America & Caribbean,Upper middle income,2014,20975.44,43.4184226868143
Algeria,DZA,Middle East & North Africa,Upper middle income,2014,19484.0,0.818057386616507
Ecuador,ECU,Latin America & Caribbean,Upper middle income,2014,128609.82,51.7836286036399
"Egypt, Arab Rep.",EGY,Middle East & North Africa,Lower middle income,2014,518.64,0.052101059822191
Eritrea,ERI,Sub-Saharan Africa,Low income,2014,10742.2,8.87519711563943
Spain,ESP,Europe & Central Asia,High income,2014,185500.12,37.0844485316167
Estonia,EST,Europe & Central Asia,High income,2014,24040.12,55.3027835288705
Ethiopia,ETH,Sub-Saharan Africa,Low income,2014,175065.0,15.5125439694869
Finland,FIN,Europe & Central Asia,High income,2014,223756.0,73.6305900161243
Fiji,FJI,East Asia & Pacific,Upper middle income,2014,10999.44,60.2049261083744
France,FRA,Europe & Central Asia,High income,2014,167526.0,31.0837740050097
Faroe Islands,FRO,Europe & Central Asia,High income,2014,0.8,0.0573065902578797
"Micronesia, Fed. Sts.",FSM,East Asia & Pacific,Upper middle income,2014,642.42,91.7742857142857
Gabon,GAB,Sub-Saharan Africa,Upper middle income,2014,236018.82,91.5973221562464
United Kingdom,GBR,Europe & Central Asia,High income,2014,31358.0,12.9616004629438
Georgia,GEO,Europe & Central Asia,Upper middle income,2014,28224.0,40.6159159591308
Ghana,GHA,Sub-Saharan Africa,Lower middle income,2014,78929.38,34.6881339544695
Gibraltar,GIB,Europe & Central Asia,High income,2014,0.0,0.0
Guinea,GIN,Sub-Saharan Africa,Lower middle income,2014,64250.0,26.1476477291226
"Gambia, The",GMB,Sub-Saharan Africa,Low income,2014,2770.72,27.3786561264822
Guinea-Bissau,GNB,Sub-Saharan Africa,Low income,2014,20306.54,72.2138691322902
Equatorial Guinea,GNQ,Sub-Saharan Africa,Upper middle income,2014,24985.78,89.0758645276292
Greece,GRC,Europe & Central Asia,High income,2014,39018.03,30.27
Grenada,GRD,Latin America & Caribbean,Upper middle income,2014,177.0,52.0588235294118
Greenland,GRL,Europe & Central Asia,High income,2014,2.2,0.0005359970763795
Guatemala,GTM,Latin America & Caribbean,Upper middle income,2014,36131.6,33.7174318775663
Guam,GUM,East Asia & Pacific,High income,2014,248.0,45.9259259259259
Guyana,GUY,Latin America & Caribbean,High income,2014,184730.5,93.8432816865634
Honduras,HND,Latin America & Caribbean,Lower middle income,2014,64861.58,57.9690588971311
Croatia,HRV,Europe & Central Asia,High income,2014,19216.0,34.3363590879851
Haiti,HTI,Latin America & Caribbean,Lower middle income,2014,3659.56,13.2785195936139
Hungary,HUN,Europe & Central Asia,High income,2014,20579.34,22.5502301117686
Indonesia,IDN,East Asia & Pacific,Upper middle income,2014,959541.6,51.1068915947056
Isle of Man,IMN,Europe & Central Asia,High income,2014,34.6,6.07017543859649
India,IND,South Asia,Lower middle income,2014,705616.0,23.732623882093
Ireland,IRL,Europe & Central Asia,High income,2014,7478.12,10.8551604006387
"Iran, Islamic Rep.",IRN,Middle East & North Africa,Upper middle income,2014,106919.8,6.56449077826076
Iraq,IRQ,Middle East & North Africa,Upper middle income,2014,8250.0,1.90036118379833
Iceland,ISL,Europe & Central Asia,High income,2014,474.62,0.473436408977556
Israel,ISR,Middle East & North Africa,High income,2014,1628.0,7.52310536044362
Italy,ITA,Europe & Central Asia,High income,2014,92432.72,31.2570489452789
Jamaica,JAM,Latin America & Caribbean,Upper middle income,2014,5736.58,52.9693444136657
Jordan,JOR,Middle East & North Africa,Upper middle income,2014,975.0,1.09822031989187
Japan,JPN,East Asia & Pacific,High income,2014,249484.0,68.4455418381344
Kazakhstan,KAZ,Europe & Central Asia,Upper middle income,2014,32632.009,1.20872722895136
Kenya,KEN,Sub-Saharan Africa,Lower middle income,2014,35411.96,6.22201215869558
Kyrgyz Republic,KGZ,Europe & Central Asia,Lower middle income,2014,12473.84,6.50356621480709
Cambodia,KHM,East Asia & Pacific,Lower middle income,2014,91953.02,52.0921255381826
Kiribati,KIR,East Asia & Pacific,Lower middle income,2014,11.8,1.45679012345679
St. Kitts and Nevis,KNA,Latin America & Caribbean,High income,2014,110.0,42.3076923076923
"Korea, Rep.",KOR,East Asia & Pacific,High income,2014,63470.0,65.1442060966848
Kuwait,KWT,Middle East & North Africa,High income,2014,62.5,0.350729517396184
Lao PDR,LAO,East Asia & Pacific,Lower middle income,2014,168025.0,72.8011265164645
Lebanon,LBN,Middle East & North Africa,Lower middle income,2014,1397.34,13.6592375366569
Liberia,LBR,Sub-Saharan Africa,Low income,2014,77990.0,80.9696843853821
Libya,LBY,Middle East & North Africa,Upper middle income,2014,2170.0,0.123327687918433
St. Lucia,LCA,Latin America & Caribbean,Upper middle income,2014,207.7,34.0491803278688
Liechtenstein,LIE,Europe & Central Asia,High income,2014,66.998,41.87375
Sri Lanka,LKA,South Asia,Upper middle income,2014,21237.8,33.86668792856
Lesotho,LSO,Sub-Saharan Africa,Lower middle income,2014,345.2,1.13702239789196
Lithuania,LTU,Europe & Central Asia,High income,2014,21836.0,34.853950518755
Luxembourg,LUX,Europe & Central Asia,High income,2014,887.0,34.4538272103664
Latvia,LVA,Europe & Central Asia,High income,2014,33875.76,54.4390055763575
St. Martin (French part),MAF,Latin America & Caribbean,High income,2014,12.4,24.8
Morocco,MAR,Middle East & North Africa,Lower middle income,2014,56826.66,12.7328388976025
Monaco,MCO,Europe & Central Asia,High income,2014,0.0,0.0
Moldova,MDA,Europe & Central Asia,Upper middle income,2014,3840.2,11.6794403892944
Madagascar,MDG,Sub-Saharan Africa,Low income,2014,125091.08,21.5007012719147
Maldives,MDV,South Asia,Upper middle income,2014,8.2,2.73333333333333
Mexico,MEX,Latin America & Caribbean,Upper middle income,2014,664533.9,34.1847218292652
Marshall Islands,MHL,East Asia & Pacific,Upper middle income,2014,94.0,52.2222222222222
North Macedonia,MKD,Europe & Central Asia,Upper middle income,2014,9876.06,39.1596352101507
Mali,MLI,Sub-Saharan Africa,Low income,2014,132960.0,10.896663634352
Malta,MLT,Middle East & North Africa,High income,2014,3.5,1.09375
Myanmar,MMR,East Asia & Pacific,Lower middle income,2014,302821.52,46.3682121639003
Montenegro,MNE,Europe & Central Asia,Upper middle income,2014,8270.0,61.4869888475836
Mongolia,MNG,East Asia & Pacific,Upper middle income,2014,141794.44,9.10542135370957
Northern Mariana Islands,MNP,East Asia & Pacific,High income,2014,296.56,64.4695652173913
Mozambique,MOZ,Sub-Saharan Africa,Low income,2014,381464.28,48.5088990055698
Mauritania,MRT,Sub-Saharan Africa,Lower middle income,2014,3454.8,0.335189676918599
Mauritius,MUS,Sub-Saharan Africa,Upper middle income,2014,383.18,19.1877816725088
Malawi,MWI,Sub-Saharan Africa,Low income,2014,24937.0,26.4499363597794
Malaysia,MYS,East Asia & Pacific,Upper middle income,2014,193609.06,58.9283396743266
Namibia,NAM,Sub-Saharan Africa,Lower middle income,2014,70649.58,8.58137229894691
New Caledonia,NCL,East Asia & Pacific,High income,2014,8386.2,45.8763676148797
Niger,NER,Sub-Saharan Africa,Low income,2014,11542.2,0.911202336780611
Nigeria,NGA,Sub-Saharan Africa,Lower middle income,2014,226067.56,24.8215861304171
Nicaragua,NIC,Latin America & Caribbean,Lower middle income,2014,39636.54,32.9371281369453
Netherlands,NLD,Europe & Central Asia,High income,2014,3665.6,10.8803799346987
Norway,NOR,Europe & Central Asia,High income,2014,121332.0,33.2318108614437
Nepal,NPL,South Asia,Lower middle income,2014,59620.3,41.5907220090687
Naoero,NRU,East Asia & Pacific,High income,2014,0.0,0.0
New Zealand,NZL,East Asia & Pacific,High income,2014,98469.12,37.3966503361057
Oman,OMN,Middle East & North Africa,High income,2014,30.0,0.0096930533117932
Pakistan,PAK,Middle East & North Africa,Lower middle income,2014,39648.26,5.14324667911997
Panama,PAN,Latin America & Caribbean,High income,2014,42823.26,57.775580140313
Peru,PER,Latin America & Caribbean,Upper middle income,2014,733655.84,57.3168625
Philippines,PHL,East Asia & Pacific,Upper middle income,2014,69792.64,23.4069960089882
Palau,PLW,East Asia & Pacific,High income,2014,409.04,88.9217391304348
Papua New Guinea,PNG,East Asia & Pacific,Lower middle income,2014,360553.138,79.6169098617674
Poland,POL,Europe & Central Asia,High income,2014,94018.0,30.7057709265489
Puerto Rico (US),PRI,Latin America & Caribbean,High income,2014,4933.94,55.6250281848929
"Korea, Dem. People's Rep.",PRK,East Asia & Pacific,Low income,2014,61574.7,51.137530105473
Portugal,PRT,Europe & Central Asia,High income,2014,33000.0,36.0239985328408
Paraguay,PRY,Latin America & Caribbean,Upper middle income,2014,179131.94,45.0873244399698
West Bank and Gaza,PSE,Middle East & North Africa,Lower middle income,2014,101.02,1.678073089701
French Polynesia,PYF,East Asia & Pacific,High income,2014,1494.6,43.0596369922213
Qatar,QAT,Middle East & North Africa,High income,2014,0.0,0.0
Romania,ROU,Europe & Central Asia,High income,2014,68237.68,29.6582406119611
Russian Federation,RUS,Europe & Central Asia,High income,2014,8149714.88,49.763568252053
Rwanda,RWA,Sub-Saharan Africa,Low income,2014,2690.0,10.9039319010944
Saudi Arabia,SAU,Middle East & North Africa,High income,2014,9770.0,0.454484134921779
Sudan,SDN,Sub-Saharan Africa,Low income,2014,193841.78,10.3769689507495
Senegal,SEN,Sub-Saharan Africa,Lower middle income,2014,83081.6,43.1525476549109
Singapore,SGP,East Asia & Pacific,High income,2014,167.252,23.5898448519041
Solomon Islands,SLB,East Asia & Pacific,Lower middle income,2014,25273.52,90.2948195784209
Sierra Leone,SLE,Sub-Saharan Africa,Low income,2014,26532.56,36.7588805763369
El Salvador,SLV,Latin America & Caribbean,Upper middle income,2014,6108.8,29.4826254826255
San Marino,SMR,Europe & Central Asia,High income,2014,10.0,16.6666666666667
"Somalia, Fed. Rep.",SOM,Sub-Saharan Africa,Low income,2014,64405.0,10.2663627379093
Serbia,SRB,Europe & Central Asia,Upper middle income,2014,27182.24,31.0796249714155
South Sudan,SSD,Sub-Saharan Africa,Low income,2014,71570.0,11.3256215087114
Sao Tome and Principe,STP,Sub-Saharan Africa,Lower middle income,2014,556.2,57.9375
Suriname,SUR,Latin America & Caribbean,Upper middle income,2014,152613.08,95.0815229259223
Slovak Republic,SVK,Europe & Central Asia,High income,2014,19209.82,39.9538685524126
Slovenia,SVN,Europe & Central Asia,High income,2014,12478.0,61.9563058589871
Sweden,SWE,Europe & Central Asia,High income,2014,279986.0,68.7352595389057
Eswatini,SWZ,Sub-Saharan Africa,Lower middle income,2014,4902.86,28.505
Sint Maarten (Dutch part),SXM,Latin America & Caribbean,High income,2014,3.7,10.8823529411765
Seychelles,SYC,Sub-Saharan Africa,High income,2014,337.0,73.2608695652174
Syrian Arab Republic,SYR,Middle East & North Africa,Low income,2014,5160.8,2.81043402494146
Turks and Caicos Islands,TCA,Latin America & Caribbean,High income,2014,105.2,11.0736842105263
Chad,TCD,Sub-Saharan Africa,Low income,2014,50180.0,3.98506988564168
Togo,TGO,Sub-Saharan Africa,Lower middle income,2014,12270.3,22.5598455598456
Thailand,THA,East Asia & Pacific,Upper middle income,2014,200634.0,39.2714674391748
Tajikistan,TJK,Europe & Central Asia,Lower middle income,2014,4194.4,3.0222068508351
Turkmenistan,TKM,Europe & Central Asia,Upper middle income,2014,41270.0,8.78215904496414
Timor-Leste,TLS,East Asia & Pacific,Lower middle income,2014,9295.0,62.5084061869536
Tonga,TON,East Asia & Pacific,Upper middle income,2014,89.5,12.4305555555556
Trinidad and Tobago,TTO,Latin America & Caribbean,High income,2014,2307.14,44.9734892787524
Tunisia,TUN,Middle East & North Africa,Lower middle income,2014,6935.5,4.46414778578785
Turkiye,TUR,Europe & Central Asia,Upper middle income,2014,215208.56,27.9626002104908
Tuvalu,TUV,East Asia & Pacific,Upper middle income,2014,10.0,33.3333333333333
Tanzania,TZA,Sub-Saharan Africa,Lower middle income,2014,484620.02,54.7098690449311
Uganda,UGA,Sub-Saharan Africa,Low income,2014,25854.12,12.8935368043088
Ukraine,UKR,Europe & Central Asia,Upper middle income,2014,96352.0,16.6327746033938
Uruguay,URY,Latin America & Caribbean,High income,2014,18822.6,10.7545423380185
United States,USA,North America,High income,2014,3098200.0,33.8696594230942
Uzbekistan,UZB,Europe & Central Asia,Lower middle income,2014,35094.4,8.05307155527101
St. Vincent and the Grenadines,VCT,Latin America & Caribbean,Upper middle income,2014,285.4,73.1794871794872
"Venezuela, RB",VEN,Latin America & Caribbean,Lower middle income,2014,468474.0,53.1119551045859
British Virgin Islands,VGB,Latin America & Caribbean,High income,2014,36.24,24.16
Virgin Islands (U.S.),VIR,Latin America & Caribbean,High income,2014,190.14,54.3257142857143
Viet Nam,VNM,East Asia & Pacific,Upper middle income,2014,139271.0,44.4428488915694
Vanuatu,VUT,East Asia & Pacific,Lower middle income,2014,4423.0,36.2838392124692
Samoa,WSM,East Asia & Pacific,Upper middle income,2014,1645.54,58.1462897526502
"Yemen, Rep.",YEM,Middle East & North Africa,Low income,2014,5490.0,1.03983180862549
South Africa,ZAF,Sub-Saharan Africa,Upper middle income,2014,172684.9,14.2351268248852
Zambia,ZMB,Sub-Saharan Africa,Lower middle income,2014,459432.8,61.8023917459207
Zimbabwe,ZWE,Sub-Saharan Africa,Lower middle income,2014,177210.0,45.8084528887166
Aruba,ABW,Latin America & Caribbean,High income,2015,4.2,2.33333333333333
Afghanistan,AFG,Middle East & North Africa,Low income,2015,12084.4,1.85278199408184
Angola,AGO,Sub-Saharan Africa,Lower middle income,2015,693826.9,55.6530761209593
Albania,ALB,Europe & Central Asia,Upper middle income,2015,7891.875,28.8024635036496
Andorra,AND,Europe & Central Asia,High income,2015,160.0,34.0425531914894
United Arab Emirates,ARE,Middle East & North Africa,High income,2015,3173.0,4.46775556181357
Argentina,ARG,Latin America & Caribbean,Upper middle income,2015,290970.0,10.6321870580884
Armenia,ARM,Europe & Central Asia,Upper middle income,2015,3295.2,11.5742887249737
American Samoa,ASM,East Asia & Pacific,High income,2015,172.8,86.4
Antigua and Barbuda,ATG,Latin America & Caribbean,High income,2015,84.5,19.2045454545455
Australia,AUS,East Asia & Pacific,High income,2015,1330945.0,17.3248245968004
Austria,AUT,Europe & Central Asia,High income,2015,38811.9,47.0333252544838
Azerbaijan,AZE,Europe & Central Asia,Upper middle income,2015,10778.87,13.0395340115892
Burundi,BDI,Sub-Saharan Africa,Low income,2015,2796.4,10.8894080996885
Belgium,BEL,Europe & Central Asia,High income,2015,6893.0,22.7244255431378
Benin,BEN,Sub-Saharan Africa,Lower middle income,2015,33851.5,30.0208407236609
Burkina Faso,BFA,Sub-Saharan Africa,Low income,2015,64664.0,23.6345029239766
Bangladesh,BGD,South Asia,Lower middle income,2015,18834.0,14.4687716063609
Bulgaria,BGR,Europe & Central Asia,High income,2015,38330.0,35.3076639646279
Bahrain,BHR,Middle East & North Africa,High income,2015,6.0,0.77120822622108
"Bahamas, The",BHS,Latin America & Caribbean,High income,2015,5098.6,50.9350649350649
Bosnia and Herzegovina,BIH,Europe & Central Asia,Upper middle income,2015,21605.0,42.197265625
Belarus,BLR,Europe & Central Asia,Upper middle income,2015,86335.0,42.5341662643242
Belize,BLZ,Latin America & Caribbean,Upper middle income,2015,13328.3,58.4318281455502
Bermuda,BMU,North America,High income,2015,10.0,18.5185185185185
Bolivia,BOL,Latin America & Caribbean,Lower middle income,2015,520272.2,48.0266038955045
Brazil,BRA,Latin America & Caribbean,Upper middle income,2015,5038850.0,60.2867384370207
Barbados,BRB,Latin America & Caribbean,High income,2015,63.0,14.6511627906977
Brunei Darussalam,BRN,East Asia & Pacific,High income,2015,3800.0,72.1062618595825
Bhutan,BTN,South Asia,Lower middle income,2015,27151.8,71.2327832725556
Botswana,BWA,Sub-Saharan Africa,Upper middle income,2015,158462.0,27.9607573271223
Central African Republic,CAF,Sub-Saharan Africa,Low income,2015,224530.0,36.0412854345244
Canada,CAN,North America,High income,2015,3471157.1,38.7164380704449
Switzerland,CHE,Europe & Central Asia,High income,2015,12519.1,31.6857178507946
Channel Islands,CHI,Europe & Central Asia,High income,2015,10.2,5.15151515151515
Chile,CHL,Latin America & Caribbean,High income,2015,175960.8,23.7245368895995
China,CHN,East Asia & Pacific,Upper middle income,2015,2102942.5,22.3998214356282
Cote d'Ivoire,CIV,Sub-Saharan Africa,Lower middle income,2015,34011.5,10.6954402515723
Cameroon,CMR,Sub-Saharan Africa,Lower middle income,2015,206204.8,43.6218400287703
"Congo, Dem. Rep.",COD,Sub-Saharan Africa,Low income,2015,1316621.2,58.0764076663505
"Congo, Rep.",COG,Sub-Saharan Africa,Lower middle income,2015,220150.0,64.4655929721816
Colombia,COL,Latin America & Caribbean,Upper middle income,2015,601346.6,54.1997836863452
Comoros,COM,Sub-Saharan Africa,Lower middle income,2015,351.1,18.8662009672219
Cabo Verde,CPV,Sub-Saharan Africa,Upper middle income,2015,442.2,10.9727047146402
Costa Rica,CRI,Latin America & Caribbean,High income,2015,29530.3,57.8345084214649
Cuba,CUB,Latin America & Caribbean,Upper middle income,2015,31840.0,30.5859750240154
Curacao,CUW,Latin America & Caribbean,High income,2015,0.7,0.157657657657658
Cayman Islands,CYM,Latin America & Caribbean,High income,2015,127.2,53.0
Cyprus,CYP,Europe & Central Asia,High income,2015,1727.1,18.6915584415584
Czechia,CZE,Europe & Central Asia,High income,2015,26683.9,34.5601606009584
Germany,DEU,Europe & Central Asia,High income,2015,114190.0,32.7323281545606
Djibouti,DJI,Middle East & North Africa,Lower middle income,2015,56.0,0.241587575496117
Dominica,DMA,Latin America & Caribbean,Upper middle income,2015,478.7,63.8266666666667
Denmark,DNK,Europe & Central Asia,High income,2015,6246.8,15.617
Dominican Republic,DOM,Latin America & Caribbean,Upper middle income,2015,21036.5,43.5448147381494
Algeria,DZA,Middle East & North Africa,Upper middle income,2015,19560.0,0.821247986241997
Ecuador,ECU,Latin America & Caribbean,Upper middle income,2015,128191.8,51.6153164760831
"Egypt, Arab Rep.",EGY,Middle East & North Africa,Lower middle income,2015,484.2,0.0486413179968858
Eritrea,ERI,Sub-Saharan Africa,Low income,2015,10710.6,8.84524597758958
Spain,ESP,Europe & Central Asia,High income,2015,185511.8,37.1275324670126
Estonia,EST,Europe & Central Asia,High income,2015,24210.1,55.6938118242466
Ethiopia,ETH,Sub-Saharan Africa,Low income,2015,174335.0,15.4478434691779
Finland,FIN,Europe & Central Asia,High income,2015,224090.0,73.7356454213418
Fiji,FJI,East Asia & Pacific,Upper middle income,2015,11066.2,60.5703338806787
France,FRA,Europe & Central Asia,High income,2015,168360.0,31.2385193431673
Faroe Islands,FRO,Europe & Central Asia,High income,2015,0.8,0.0573065902578797
"Micronesia, Fed. Sts.",FSM,East Asia & Pacific,Upper middle income,2015,642.7,91.8142857142857
Gabon,GAB,Sub-Saharan Africa,Upper middle income,2015,235900.0,91.5512089106221
United Kingdom,GBR,Europe & Central Asia,High income,2015,31550.0,13.0409622618113
Georgia,GEO,Europe & Central Asia,Upper middle income,2015,28224.0,40.6159159591308
Ghana,GHA,Sub-Saharan Africa,Lower middle income,2015,78804.4,34.6332073481586
Gibraltar,GIB,Europe & Central Asia,High income,2015,0.0,0.0
Guinea,GIN,Sub-Saharan Africa,Lower middle income,2015,63890.0,26.0011395083835
"Gambia, The",GMB,Sub-Saharan Africa,Low income,2015,2713.4,26.8122529644269
Guinea-Bissau,GNB,Sub-Saharan Africa,Low income,2015,20222.1,71.9135846372688
Equatorial Guinea,GNQ,Sub-Saharan Africa,Upper middle income,2015,24902.2,88.7778966131907
Greece,GRC,Europe & Central Asia,High income,2015,39018.03,30.27
Grenada,GRD,Latin America & Caribbean,Upper middle income,2015,177.0,52.0588235294118
Greenland,GRL,Europe & Central Asia,High income,2015,2.2,0.0005359970763795
Guatemala,GTM,Latin America & Caribbean,Upper middle income,2015,35858.0,33.4621127286301
Guam,GUM,East Asia & Pacific,High income,2015,250.0,46.2962962962963
Guyana,GUY,Latin America & Caribbean,High income,2015,184613.6,93.7838963677927
Honduras,HND,Latin America & Caribbean,Lower middle income,2015,64638.3,57.7695057645902
Croatia,HRV,Europe & Central Asia,High income,2015,19220.0,34.3435065399185
Haiti,HTI,Latin America & Caribbean,Lower middle income,2015,3628.5,13.1658200290276
Hungary,HUN,Europe & Central Asia,High income,2015,20608.2,22.5818540433925
Indonesia,IDN,East Asia & Pacific,Upper middle income,2015,950279.0,50.6135490506354
Isle of Man,IMN,Europe & Central Asia,High income,2015,34.6,6.07017543859649
India,IND,South Asia,Lower middle income,2015,708280.0,23.8222246139668
Ireland,IRL,Europe & Central Asia,High income,2015,7546.7,10.9547104078966
"Iran, Islamic Rep.",IRN,Middle East & North Africa,Upper middle income,2015,106919.8,6.56449077826076
Iraq,IRQ,Middle East & North Africa,Upper middle income,2015,8250.0,1.90036118379833
Iceland,ISL,Europe & Central Asia,High income,2015,481.6,0.480399002493766
Israel,ISR,Middle East & North Africa,High income,2015,1650.0,7.62476894639556
Italy,ITA,Europe & Central Asia,High income,2015,92970.8,31.4390060801169
Jamaica,JAM,Latin America & Caribbean,Upper middle income,2015,5774.6,53.320406278855
Jordan,JOR,Middle East & North Africa,Upper middle income,2015,975.0,1.09822031989187
Japan,JPN,East Asia & Pacific,High income,2015,249440.0,68.4334705075446
Kazakhstan,KAZ,Europe & Central Asia,Upper middle income,2015,33084.562,1.22549031373856
Kenya,KEN,Sub-Saharan Africa,Lower middle income,2015,35224.1,6.16780662377195
Kyrgyz Republic,KGZ,Europe & Central Asia,Lower middle income,2015,12518.1,6.52664233576642
Cambodia,KHM,East Asia & Pacific,Lower middle income,2015,88468.2,50.117946974847
Kiribati,KIR,East Asia & Pacific,Lower middle income,2015,11.8,1.45679012345679
St. Kitts and Nevis,KNA,Latin America & Caribbean,High income,2015,110.0,42.3076923076923
"Korea, Rep.",KOR,East Asia & Pacific,High income,2015,63370.0,65.0315562625071
Kuwait,KWT,Middle East & North Africa,High income,2015,62.5,0.350729517396184
Lao PDR,LAO,East Asia & Pacific,Lower middle income,2015,167680.0,72.6516464471404
Lebanon,LBN,Middle East & North Africa,Lower middle income,2015,1403.3,13.7174975562072
Liberia,LBR,Sub-Saharan Africa,Low income,2015,77687.4,80.6555232558139
Libya,LBY,Middle East & North Africa,Upper middle income,2015,2170.0,0.123327687918433
St. Lucia,LCA,Latin America & Caribbean,Upper middle income,2015,207.7,34.0491803278688
Liechtenstein,LIE,Europe & Central Asia,High income,2015,67.0,41.875
Sri Lanka,LKA,South Asia,Upper middle income,2015,21288.2,34.3951658507424
Lesotho,LSO,Sub-Saharan Africa,Lower middle income,2015,345.2,1.13702239789196
Lithuania,LTU,Europe & Central Asia,High income,2015,21870.0,34.9082202713488
Luxembourg,LUX,Europe & Central Asia,High income,2015,887.0,34.4538272103664
Latvia,LVA,Europe & Central Asia,High income,2015,33914.4,54.5011008083308
St. Martin (French part),MAF,Latin America & Caribbean,High income,2015,12.4,24.8
Morocco,MAR,Middle East & North Africa,Lower middle income,2015,56846.9,12.7373739637015
Monaco,MCO,Europe & Central Asia,High income,2015,0.0,0.0
Moldova,MDA,Europe & Central Asia,Upper middle income,2015,3864.0,11.7518248175182
Madagascar,MDG,Sub-Saharan Africa,Low income,2015,124958.9,21.4779821244414
Maldives,MDV,South Asia,Upper middle income,2015,8.2,2.73333333333333
Mexico,MEX,Latin America & Caribbean,Upper middle income,2015,663309.1,34.1217160935209
Marshall Islands,MHL,East Asia & Pacific,Upper middle income,2015,94.0,52.2222222222222
North Macedonia,MKD,Europe & Central Asia,Upper middle income,2015,9944.0,39.4290245836638
Mali,MLI,Sub-Saharan Africa,Low income,2015,132960.0,10.896663634352
Malta,MLT,Middle East & North Africa,High income,2015,3.5,1.09375
Myanmar,MMR,East Asia & Pacific,Lower middle income,2015,299924.4,45.9246034176517
Montenegro,MNE,Europe & Central Asia,Upper middle income,2015,8270.0,61.4869888475836
Mongolia,MNG,East Asia & Pacific,Upper middle income,2015,141783.3,9.10469149761818
Northern Mariana Islands,MNP,East Asia & Pacific,High income,2015,294.9,64.1086956521739
Mozambique,MOZ,Sub-Saharan Africa,Low income,2015,379400.0,48.2463948727078
Mauritania,MRT,Sub-Saharan Africa,Lower middle income,2015,3400.4,0.329911710488018
Mauritius,MUS,Sub-Saharan Africa,Upper middle income,2015,383.0,19.1787681522283
Malawi,MWI,Sub-Saharan Africa,Low income,2015,24517.0,26.0044548154434
Malaysia,MYS,East Asia & Pacific,Upper middle income,2015,194642.2,59.2427940952671
Namibia,NAM,Sub-Saharan Africa,Lower middle income,2015,69939.5,8.49512322510901
New Caledonia,NCL,East Asia & Pacific,High income,2015,8385.2,45.8708971553611
Niger,NER,Sub-Saharan Africa,Low income,2015,11418.0,0.901397331649167
Nigeria,NGA,Sub-Saharan Africa,Lower middle income,2015,224434.5,24.6422807075332
Nicaragua,NIC,Latin America & Caribbean,Lower middle income,2015,39075.3,32.4707495429616
Netherlands,NLD,Europe & Central Asia,High income,2015,3648.3,10.8354618354618
Norway,NOR,Europe & Central Asia,High income,2015,121410.0,33.2456439881958
Nepal,NPL,South Asia,Lower middle income,2015,59620.3,41.5907220090687
Naoero,NRU,East Asia & Pacific,High income,2015,0.0,0.0
New Zealand,NZL,East Asia & Pacific,High income,2015,98466.1,37.3955033990354
Oman,OMN,Middle East & North Africa,High income,2015,30.0,0.0096930533117932
Pakistan,PAK,Middle East & North Africa,Lower middle income,2015,39326.0,5.10144250726443
Panama,PAN,Latin America & Caribbean,High income,2015,42709.1,57.6215596330275
Peru,PER,Latin America & Caribbean,Upper middle income,2015,731945.3,57.1832265625
Philippines,PHL,East Asia & Pacific,Upper middle income,2015,70141.5,23.5239963779052
Palau,PLW,East Asia & Pacific,High income,2015,409.9,89.1086956521739
Papua New Guinea,PNG,East Asia & Pacific,Lower middle income,2015,360244.209,79.5486925319083
Poland,POL,Europe & Central Asia,High income,2015,94200.0,30.7652111434077
Puerto Rico (US),PRI,Latin America & Caribbean,High income,2015,4938.8,55.6798196166855
"Korea, Dem. People's Rep.",PRK,East Asia & Pacific,Low income,2015,61362.4,50.96121584586
Portugal,PRT,Europe & Central Asia,High income,2015,33120.0,36.154994891142
Paraguay,PRY,Latin America & Caribbean,Upper middle income,2015,174989.4,44.0446513969293
West Bank and Gaza,PSE,Middle East & North Africa,Lower middle income,2015,101.4,1.6843853820598
French Polynesia,PYF,East Asia & Pacific,High income,2015,1494.6,43.0596369922213
Qatar,QAT,Middle East & North Africa,High income,2015,0.0,0.0
Romania,ROU,Europe & Central Asia,High income,2015,69009.6,29.9937413073714
Russian Federation,RUS,Europe & Central Asia,High income,2015,8149304.6,49.7610630114301
Rwanda,RWA,Sub-Saharan Africa,Low income,2015,2700.0,10.9444669639238
Saudi Arabia,SAU,Middle East & North Africa,High income,2015,9770.0,0.454484134921779
Sudan,SDN,Sub-Saharan Africa,Low income,2015,192099.3,10.2836884368308
Senegal,SEN,Sub-Saharan Africa,Lower middle income,2015,82681.6,42.944787825274
Singapore,SGP,East Asia & Pacific,High income,2015,164.714,23.2318758815233
Solomon Islands,SLB,East Asia & Pacific,Lower middle income,2015,25266.2,90.2686673812076
Sierra Leone,SLE,Sub-Saharan Africa,Low income,2015,26335.3,36.485591576614
El Salvador,SLV,Latin America & Caribbean,Upper middle income,2015,6063.8,29.265444015444
San Marino,SMR,Europe & Central Asia,High income,2015,10.0,16.6666666666667
"Somalia, Fed. Rep.",SOM,Sub-Saharan Africa,Low income,2015,63637.5,10.1440207861766
Serbia,SRB,Europe & Central Asia,Upper middle income,2015,27195.3,31.0945575120055
South Sudan,SSD,Sub-Saharan Africa,Low income,2015,71570.0,11.3256215087114
Sao Tome and Principe,STP,Sub-Saharan Africa,Lower middle income,2015,550.0,57.2916666666667
Suriname,SUR,Latin America & Caribbean,Upper middle income,2015,152516.7,95.0214759287737
Slovak Republic,SVK,Europe & Central Asia,High income,2015,19217.5,39.9681793602596
Slovenia,SVN,Europe & Central Asia,High income,2015,12480.0,61.9582377647374
Sweden,SWE,Europe & Central Asia,High income,2015,279800.0,68.6944981353789
Eswatini,SWZ,Sub-Saharan Africa,Lower middle income,2015,4915.0,28.5755813953488
Sint Maarten (Dutch part),SXM,Latin America & Caribbean,High income,2015,3.7,10.8823529411765
Seychelles,SYC,Sub-Saharan Africa,High income,2015,337.0,73.2608695652174
Syrian Arab Republic,SYR,Middle East & North Africa,Low income,2015,5220.8,2.84310842454937
Turks and Caicos Islands,TCA,Latin America & Caribbean,High income,2015,105.2,11.0736842105263
Chad,TCD,Sub-Saharan Africa,Low income,2015,48900.0,3.88341804320203
Togo,TGO,Sub-Saharan Africa,Lower middle income,2015,12240.7,22.5054237911381
Thailand,THA,East Asia & Pacific,Upper middle income,2015,200610.0,39.2667697547417
Tajikistan,TJK,Europe & Central Asia,Lower middle income,2015,4218.0,3.0391238561856
Turkmenistan,TKM,Europe & Central Asia,Upper middle income,2015,41270.0,8.78215904496414
Timor-Leste,TLS,East Asia & Pacific,Lower middle income,2015,9281.0,62.4142568930733
Tonga,TON,East Asia & Pacific,Upper middle income,2015,89.5,12.4305555555556
Trinidad and Tobago,TTO,Latin America & Caribbean,High income,2015,2302.9,44.8908382066277
Tunisia,TUN,Middle East & North Africa,Lower middle income,2015,6950.8,4.47399588053553
Turkiye,TUR,Europe & Central Asia,Upper middle income,2015,216303.0,28.104803606928
Tuvalu,TUV,East Asia & Pacific,Upper middle income,2015,10.0,33.3333333333333
Tanzania,TZA,Sub-Saharan Africa,Lower middle income,2015,480900.0,54.2899074283134
Uganda,UGA,Sub-Saharan Africa,Low income,2015,25441.6,12.687811689607
Ukraine,UKR,Europe & Central Asia,Upper middle income,2015,96570.0,16.6704068773844
Uruguay,URY,Latin America & Caribbean,High income,2015,19200.0,10.9701748371615
United States,USA,North America,High income,2015,3100950.0,33.8997225447175
Uzbekistan,UZB,Europe & Central Asia,Lower middle income,2015,35494.0,8.05583295506128
St. Vincent and the Grenadines,VCT,Latin America & Caribbean,Upper middle income,2015,285.4,73.1794871794872
"Venezuela, RB",VEN,Latin America & Caribbean,Lower middle income,2015,466830.0,52.9255711127487
British Virgin Islands,VGB,Latin America & Caribbean,High income,2015,36.2,24.1333333333333
Virgin Islands (U.S.),VIR,Latin America & Caribbean,High income,2015,191.6,54.7428571428571
Viet Nam,VNM,East Asia & Pacific,Upper middle income,2015,140618.6,44.8711640388917
Vanuatu,VUT,East Asia & Pacific,Lower middle income,2015,4423.0,36.2838392124692
Samoa,WSM,East Asia & Pacific,Upper middle income,2015,1640.7,57.9752650176678
"Yemen, Rep.",YEM,Middle East & North Africa,Low income,2015,5490.0,1.03983180862549
South Africa,ZAF,Sub-Saharan Africa,Upper middle income,2015,172320.9,14.2051208071948
Zambia,ZMB,Sub-Saharan Africa,Lower middle income,2015,457551.0,61.5492540927373
Zimbabwe,ZWE,Sub-Saharan Africa,Lower middle income,2015,176749.3,45.6893628021197
Aruba,ABW,Latin America & Caribbean,High income,2016,4.2,2.33333333333333
Afghanistan,AFG,Middle East & North Africa,Low income,2016,12084.4,1.85278199408184
Angola,AGO,Sub-Saharan Africa,Lower middle income,2016,688276.2,55.2078447100345
Albania,ALB,Europe & Central Asia,Upper middle income,2016,7891.8,28.8021897810219
Andorra,AND,Europe & Central Asia,High income,2016,160.0,34.0425531914894
United Arab Emirates,ARE,Middle East & North Africa,High income,2016,3173.0,4.46775556181357
Argentina,ARG,Latin America & Caribbean,Upper middle income,2016,290100.0,10.6003968297469
Armenia,ARM,Europe & Central Asia,Upper middle income,2016,3293.1,11.5669125395153
American Samoa,ASM,East Asia & Pacific,High income,2016,172.5,86.25
Antigua and Barbuda,ATG,Latin America & Caribbean,High income,2016,83.8,19.0454545454545
Australia,AUS,East Asia & Pacific,High income,2016,1340372.0,17.4254877132405
Austria,AUT,Europe & Central Asia,High income,2016,38847.9,47.0769510421716
Azerbaijan,AZE,Europe & Central Asia,Upper middle income,2016,10874.752,13.1544115156647
Burundi,BDI,Sub-Saharan Africa,Low income,2016,2796.4,10.8894080996885
Belgium,BEL,Europe & Central Asia,High income,2016,6893.0,22.7244255431378
Benin,BEN,Sub-Saharan Africa,Lower middle income,2016,33351.5,29.5774210713019
Burkina Faso,BFA,Sub-Saharan Africa,Low income,2016,64164.0,23.4517543859649
Bangladesh,BGD,South Asia,Lower middle income,2016,18834.0,14.4687716063609
Bulgaria,BGR,Europe & Central Asia,High income,2016,38410.0,35.3813559322034
Bahrain,BHR,Middle East & North Africa,High income,2016,6.2,0.79589216944801
"Bahamas, The",BHS,Latin America & Caribbean,High income,2016,5098.6,50.9350649350649
Bosnia and Herzegovina,BIH,Europe & Central Asia,Upper middle income,2016,21765.1,42.5099609375
Belarus,BLR,Europe & Central Asia,Upper middle income,2016,87096.0,42.9069698701401
Belize,BLZ,Latin America & Caribbean,Upper middle income,2016,13216.8,57.9430074528715
Bermuda,BMU,North America,High income,2016,10.0,18.5185185185185
Bolivia,BOL,Latin America & Caribbean,Lower middle income,2016,517506.8,47.7713283485646
Brazil,BRA,Latin America & Caribbean,Upper middle income,2016,5020820.0,60.0710205859198
Barbados,BRB,Latin America & Caribbean,High income,2016,63.0,14.6511627906977
Brunei Darussalam,BRN,East Asia & Pacific,High income,2016,3800.0,72.1062618595825
Bhutan,BTN,South Asia,Lower middle income,2016,27171.6,71.2342701342282
Botswana,BWA,Sub-Saharan Africa,Upper middle income,2016,157279.0,27.7520159511584
Central African Republic,CAF,Sub-Saharan Africa,Low income,2016,224230.0,35.9931297954991
Canada,CAN,North America,High income,2016,3470760.4,38.7120133755838
Switzerland,CHE,Europe & Central Asia,High income,2016,12553.5,31.7732664163142
Channel Islands,CHI,Europe & Central Asia,High income,2016,10.2,5.15151515151515
Chile,CHL,Latin America & Caribbean,High income,2016,177190.1,23.8708420449261
China,CHN,East Asia & Pacific,Upper middle income,2016,2124600.0,22.6305120997506
Cote d'Ivoire,CIV,Sub-Saharan Africa,Lower middle income,2016,32882.6,10.3404402515723
Cameroon,CMR,Sub-Saharan Africa,Lower middle income,2016,205644.8,43.5033741617482
"Congo, Dem. Rep.",COD,Sub-Saharan Africa,Low income,2016,1305607.4,57.5905868860413
"Congo, Rep.",COG,Sub-Saharan Africa,Lower middle income,2016,220030.0,64.4304538799414
Colombia,COL,Latin America & Caribbean,Upper middle income,2016,599594.9,54.0419017575485
Comoros,COM,Sub-Saharan Africa,Lower middle income,2016,346.7,18.6297689414293
Cabo Verde,CPV,Sub-Saharan Africa,Upper middle income,2016,445.2,11.0471464019851
Costa Rica,CRI,Latin America & Caribbean,High income,2016,29694.0,58.1551116333725
Cuba,CUB,Latin America & Caribbean,Upper middle income,2016,32410.0,31.1514801999231
Curacao,CUW,Latin America & Caribbean,High income,2016,0.7,0.157657657657658
Cayman Islands,CYM,Latin America & Caribbean,High income,2016,127.2,53.0
Cyprus,CYP,Europe & Central Asia,High income,2016,1726.1,18.6807359307359
Czechia,CZE,Europe & Central Asia,High income,2016,26698.5,34.579070068644
Germany,DEU,Europe & Central Asia,High income,2016,114190.0,32.685482024273
Djibouti,DJI,Middle East & North Africa,Lower middle income,2016,56.0,0.241587575496117
Dominica,DMA,Latin America & Caribbean,Upper middle income,2016,478.7,63.8266666666667
Denmark,DNK,Europe & Central Asia,High income,2016,6246.6,15.6165
Dominican Republic,DOM,Latin America & Caribbean,Upper middle income,2016,21117.4,43.7122748913268
Algeria,DZA,Middle East & North Africa,Upper middle income,2016,19560.0,0.821247986241997
Ecuador,ECU,Latin America & Caribbean,Upper middle income,2016,127549.1,51.3565388951522
"Egypt, Arab Rep.",EGY,Middle East & North Africa,Lower middle income,2016,449.8,0.0451855944547692
Eritrea,ERI,Sub-Saharan Africa,Low income,2016,10679.0,8.81997366660957
Spain,ESP,Europe & Central Asia,High income,2016,185552.4,37.142868581403
Estonia,EST,Europe & Central Asia,High income,2016,24212.5,55.6993328732459
Ethiopia,ETH,Sub-Saharan Africa,Low income,2016,173605.0,15.3828977407906
Finland,FIN,Europe & Central Asia,High income,2016,224090.0,73.7356454213418
Fiji,FJI,East Asia & Pacific,Upper middle income,2016,11133.0,60.935960591133
France,FRA,Europe & Central Asia,High income,2016,169194.0,31.3932646813248
Faroe Islands,FRO,Europe & Central Asia,High income,2016,0.8,0.0573065902578797
"Micronesia, Fed. Sts.",FSM,East Asia & Pacific,Upper middle income,2016,643.0,91.8571428571429
Gabon,GAB,Sub-Saharan Africa,Upper middle income,2016,235781.2,91.5051034268638
United Kingdom,GBR,Europe & Central Asia,High income,2016,31590.0,13.0574959699087
Georgia,GEO,Europe & Central Asia,Upper middle income,2016,28224.0,40.6159159591308
Ghana,GHA,Sub-Saharan Africa,Lower middle income,2016,79222.4,34.8169113122967
Gibraltar,GIB,Europe & Central Asia,High income,2016,0.0,0.0
Guinea,GIN,Sub-Saharan Africa,Lower middle income,2016,63490.0,25.8383525964512
"Gambia, The",GMB,Sub-Saharan Africa,Low income,2016,2656.0,26.2450592885375
Guinea-Bissau,GNB,Sub-Saharan Africa,Low income,2016,20137.7,71.6134423897582
Equatorial Guinea,GNQ,Sub-Saharan Africa,Upper middle income,2016,24818.6,88.4798573975044
Greece,GRC,Europe & Central Asia,High income,2016,39018.0,30.2699767261443
Grenada,GRD,Latin America & Caribbean,Upper middle income,2016,177.0,52.0588235294118
Greenland,GRL,Europe & Central Asia,High income,2016,2.2,0.0005359970763795
Guatemala,GTM,Latin America & Caribbean,Upper middle income,2016,35742.0,33.3538633818589
Guam,GUM,East Asia & Pacific,High income,2016,280.0,51.8518518518518
Guyana,GUY,Latin America & Caribbean,High income,2016,184521.6,93.7371602743206
Honduras,HND,Latin America & Caribbean,Lower middle income,2016,64430.5,57.5837876485834
Croatia,HRV,Europe & Central Asia,High income,2016,19241.202,34.3813916088914
Haiti,HTI,Latin America & Caribbean,Lower middle income,2016,3597.4,13.0529753265602
Hungary,HUN,Europe & Central Asia,High income,2016,20587.3,22.5589524435678
Indonesia,IDN,East Asia & Pacific,Upper middle income,2016,952718.0,50.7434545269582
Isle of Man,IMN,Europe & Central Asia,High income,2016,34.6,6.07017543859649
India,IND,South Asia,Lower middle income,2016,710940.0,23.9116908102072
Ireland,IRL,Europe & Central Asia,High income,2016,7623.5,11.0661924807664
"Iran, Islamic Rep.",IRN,Middle East & North Africa,Upper middle income,2016,107020.0,6.57064269751222
Iraq,IRQ,Middle East & North Africa,Upper middle income,2016,8250.0,1.90036118379833
Iceland,ISL,Europe & Central Asia,High income,2016,486.6,0.485386533665835
Israel,ISR,Middle East & North Africa,High income,2016,1400.0,6.46950092421442
Italy,ITA,Europe & Central Asia,High income,2016,93508.9,31.6209699781549
Jamaica,JAM,Latin America & Caribbean,Upper middle income,2016,5813.4,53.6786703601108
Jordan,JOR,Middle East & North Africa,Upper middle income,2016,975.0,1.09822031989187
Japan,JPN,East Asia & Pacific,High income,2016,249400.0,68.4224965706447
Kazakhstan,KAZ,Europe & Central Asia,Upper middle income,2016,33377.1,1.23632625847316
Kenya,KEN,Sub-Saharan Africa,Lower middle income,2016,35519.7,6.19833694004437
Kyrgyz Republic,KGZ,Europe & Central Asia,Lower middle income,2016,12562.4,6.54973931178311
Cambodia,KHM,East Asia & Pacific,Lower middle income,2016,86911.3,49.2359506004985
Kiribati,KIR,East Asia & Pacific,Lower middle income,2016,11.8,1.45679012345679
St. Kitts and Nevis,KNA,Latin America & Caribbean,High income,2016,110.0,42.3076923076923
"Korea, Rep.",KOR,East Asia & Pacific,High income,2016,63250.0,64.8791145667716
Kuwait,KWT,Middle East & North Africa,High income,2016,62.5,0.350729517396184
Lao PDR,LAO,East Asia & Pacific,Lower middle income,2016,167335.0,72.5021663778163
Lebanon,LBN,Middle East & North Africa,Lower middle income,2016,1409.3,13.7761485826002
Liberia,LBR,Sub-Saharan Africa,Low income,2016,77384.8,80.3413621262459
Libya,LBY,Middle East & North Africa,Upper middle income,2016,2170.0,0.123327687918433
St. Lucia,LCA,Latin America & Caribbean,Upper middle income,2016,207.7,34.0491803278688
Liechtenstein,LIE,Europe & Central Asia,High income,2016,67.0,41.875
Sri Lanka,LKA,South Asia,Upper middle income,2016,21256.6,34.3441099962839
Lesotho,LSO,Sub-Saharan Africa,Lower middle income,2016,345.2,1.13702239789196
Lithuania,LTU,Europe & Central Asia,High income,2016,21900.0,34.9605695859008
Luxembourg,LUX,Europe & Central Asia,High income,2016,887.0,34.4538272103664
Latvia,LVA,Europe & Central Asia,High income,2016,33953.1,54.5632924614717
St. Martin (French part),MAF,Latin America & Caribbean,High income,2016,12.4,24.8
Morocco,MAR,Middle East & North Africa,Lower middle income,2016,56997.9,12.7712077078199
Monaco,MCO,Europe & Central Asia,High income,2016,0.0,0.0
Moldova,MDA,Europe & Central Asia,Upper middle income,2016,3865.0,11.7548661800487
Madagascar,MDG,Sub-Saharan Africa,Low income,2016,124826.8,21.4552767273977
Maldives,MDV,South Asia,Upper middle income,2016,8.2,2.73333333333333
Mexico,MEX,Latin America & Caribbean,Upper middle income,2016,662031.5,34.0559942385349
Marshall Islands,MHL,East Asia & Pacific,Upper middle income,2016,94.0,52.2222222222222
North Macedonia,MKD,Europe & Central Asia,Upper middle income,2016,10016.7,39.7172878667724
Mali,MLI,Sub-Saharan Africa,Low income,2016,132960.0,10.896663634352
Malta,MLT,Middle East & North Africa,High income,2016,3.8,1.1875
Myanmar,MMR,East Asia & Pacific,Lower middle income,2016,297027.3,45.5018995680015
Montenegro,MNE,Europe & Central Asia,Upper middle income,2016,8270.0,61.4869888475836
Mongolia,MNG,East Asia & Pacific,Upper middle income,2016,141772.2,9.10397870509873
Northern Mariana Islands,MNP,East Asia & Pacific,High income,2016,243.6,52.9565217391304
Mozambique,MOZ,Sub-Saharan Africa,Low income,2016,376282.9,47.8500089015489
Mauritania,MRT,Sub-Saharan Africa,Lower middle income,2016,3346.0,0.324633744057437
Mauritius,MUS,Sub-Saharan Africa,Upper middle income,2016,382.9,19.1737606409614
Malawi,MWI,Sub-Saharan Africa,Low income,2016,24097.0,25.5589732711073
Malaysia,MYS,East Asia & Pacific,Upper middle income,2016,193146.4,58.7875209252777
Namibia,NAM,Sub-Saharan Africa,Lower middle income,2016,69229.4,8.40887172199347
New Caledonia,NCL,East Asia & Pacific,High income,2016,8384.2,45.8654266958425
Niger,NER,Sub-Saharan Africa,Low income,2016,11293.8,0.891592326517723
Nigeria,NGA,Sub-Saharan Africa,Lower middle income,2016,222801.479,24.4629795667402
Nicaragua,NIC,Latin America & Caribbean,Lower middle income,2016,38075.3,31.6397706498255
Netherlands,NLD,Europe & Central Asia,High income,2016,3657.6,10.8630828630829
Norway,NOR,Europe & Central Asia,High income,2016,121488.0,33.271099733249
Nepal,NPL,South Asia,Lower middle income,2016,59620.3,41.5907220090687
Naoero,NRU,East Asia & Pacific,High income,2016,0.0,0.0
New Zealand,NZL,East Asia & Pacific,High income,2016,98467.5,37.396035091717
Oman,OMN,Middle East & North Africa,High income,2016,28.0,0.0090468497576736
Pakistan,PAK,Middle East & North Africa,Lower middle income,2016,38682.4,5.01795350767954
Panama,PAN,Latin America & Caribbean,High income,2016,42595.0,57.4676200755532
Peru,PER,Latin America & Caribbean,Upper middle income,2016,730102.8,57.03928125
Philippines,PHL,East Asia & Pacific,Upper middle income,2016,70490.4,23.6410101619881
Palau,PLW,East Asia & Pacific,High income,2016,410.8,89.304347826087
Papua New Guinea,PNG,East Asia & Pacific,Lower middle income,2016,359898.8,79.4724197323676
Poland,POL,Europe & Central Asia,High income,2016,94350.0,30.8142003331265
Puerto Rico (US),PRI,Latin America & Caribbean,High income,2016,4943.7,55.7350620067644
"Korea, Dem. People's Rep.",PRK,East Asia & Pacific,Low income,2016,61150.0,50.7848185366664
Portugal,PRT,Europe & Central Asia,High income,2016,33120.0,36.154994891142
Paraguay,PRY,Latin America & Caribbean,Upper middle income,2016,173331.3,43.6273093380317
West Bank and Gaza,PSE,Middle East & North Africa,Lower middle income,2016,101.4,1.6843853820598
French Polynesia,PYF,East Asia & Pacific,High income,2016,1494.6,43.0596369922213
Qatar,QAT,Middle East & North Africa,High income,2016,0.0,0.0
Romania,ROU,Europe & Central Asia,High income,2016,69290.5,30.1158292767733
Russian Federation,RUS,Europe & Central Asia,High income,2016,8151210.0,49.7726977132993
Rwanda,RWA,Sub-Saharan Africa,Low income,2016,2720.0,11.0255370895825
Saudi Arabia,SAU,Middle East & North Africa,High income,2016,9770.0,0.454484134921779
Sudan,SDN,Sub-Saharan Africa,Low income,2016,190481.9,10.1971038543897
Senegal,SEN,Sub-Saharan Africa,Lower middle income,2016,82281.6,42.737027995637
Singapore,SGP,East Asia & Pacific,High income,2016,162.855,22.9696755994358
Solomon Islands,SLB,East Asia & Pacific,Lower middle income,2016,25258.9,90.242586638085
Sierra Leone,SLE,Sub-Saharan Africa,Low income,2016,26138.0,36.2122471598781
El Salvador,SLV,Latin America & Caribbean,Upper middle income,2016,6018.8,29.0482625482625
San Marino,SMR,Europe & Central Asia,High income,2016,10.0,16.6666666666667
"Somalia, Fed. Rep.",SOM,Sub-Saharan Africa,Low income,2016,62870.0,10.0216788344438
Serbia,SRB,Europe & Central Asia,Upper middle income,2016,27201.8,31.1019894809056
South Sudan,SSD,Sub-Saharan Africa,Low income,2016,71570.0,11.3256215087114
Sao Tome and Principe,STP,Sub-Saharan Africa,Lower middle income,2016,543.8,56.6458333333333
Suriname,SUR,Latin America & Caribbean,Upper middle income,2016,152403.2,94.9507627706873
Slovak Republic,SVK,Europe & Central Asia,High income,2016,19233.7,40.0035357737105
Slovenia,SVN,Europe & Central Asia,High income,2016,12459.7,61.8592989772614
Sweden,SWE,Europe & Central Asia,High income,2016,279800.0,68.6944981353789
Eswatini,SWZ,Sub-Saharan Africa,Lower middle income,2016,4927.2,28.646511627907
Sint Maarten (Dutch part),SXM,Latin America & Caribbean,High income,2016,3.7,10.8823529411765
Seychelles,SYC,Sub-Saharan Africa,High income,2016,337.0,73.2608695652174
Syrian Arab Republic,SYR,Middle East & North Africa,Low income,2016,5220.8,2.84310842454937
Turks and Caicos Islands,TCA,Latin America & Caribbean,High income,2016,105.2,11.0736842105263
Chad,TCD,Sub-Saharan Africa,Low income,2016,47690.0,3.78732528589581
Togo,TGO,Sub-Saharan Africa,Lower middle income,2016,12211.1,22.4510020224306
Thailand,THA,East Asia & Pacific,Upper middle income,2016,200170.0,39.1806455401358
Tajikistan,TJK,Europe & Central Asia,Lower middle income,2016,4218.0,3.0391238561856
Turkmenistan,TKM,Europe & Central Asia,Upper middle income,2016,41270.0,8.78215904496414
Timor-Leste,TLS,East Asia & Pacific,Lower middle income,2016,9267.0,62.320107599193
Tonga,TON,East Asia & Pacific,Upper middle income,2016,89.5,12.4305555555556
Trinidad and Tobago,TTO,Latin America & Caribbean,High income,2016,2298.7,44.8089668615984
Tunisia,TUN,Middle East & North Africa,Lower middle income,2016,6966.1,4.48384397528321
Turkiye,TUR,Europe & Central Asia,Upper middle income,2016,216303.0,28.104803606928
Tuvalu,TUV,East Asia & Pacific,Upper middle income,2016,10.0,33.3333333333333
Tanzania,TZA,Sub-Saharan Africa,Lower middle income,2016,476210.0,53.7604425378189
Uganda,UGA,Sub-Saharan Africa,Low income,2016,25029.1,12.4820965489727
Ukraine,UKR,Europe & Central Asia,Upper middle income,2016,96640.0,16.6824906350878
Uruguay,URY,Latin America & Caribbean,High income,2016,19470.0,11.1244429208091
United States,USA,North America,High income,2016,3100950.0,33.8997225447175
Uzbekistan,UZB,Europe & Central Asia,Lower middle income,2016,35863.0,8.1397486557828
St. Vincent and the Grenadines,VCT,Latin America & Caribbean,Upper middle income,2016,285.4,73.1794871794872
"Venezuela, RB",VEN,Latin America & Caribbean,Lower middle income,2016,465432.6,52.7671447196871
British Virgin Islands,VGB,Latin America & Caribbean,High income,2016,36.2,24.1333333333333
Virgin Islands (U.S.),VIR,Latin America & Caribbean,High income,2016,193.1,55.1714285714286
Viet Nam,VNM,East Asia & Pacific,Upper middle income,2016,143776.8,45.8783548775157
Vanuatu,VUT,East Asia & Pacific,Lower middle income,2016,4423.0,36.2838392124692
Samoa,WSM,East Asia & Pacific,Upper middle income,2016,1635.9,57.8056537102473
"Yemen, Rep.",YEM,Middle East & North Africa,Low income,2016,5490.0,1.03983180862549
South Africa,ZAF,Sub-Saharan Africa,Upper middle income,2016,171956.9,14.1751147895045
Zambia,ZMB,Sub-Saharan Africa,Lower middle income,2016,455668.0,61.2959550168821
Zimbabwe,ZWE,Sub-Saharan Africa,Lower middle income,2016,176288.6,45.5702727155228
Aruba,ABW,Latin America & Caribbean,High income,2017,4.2,2.33333333333333
Afghanistan,AFG,Middle East & North Africa,Low income,2017,12084.4,1.85278199408184
Angola,AGO,Sub-Saharan Africa,Lower middle income,2017,682725.7,54.7626293414615
Albania,ALB,Europe & Central Asia,Upper middle income,2017,7889.025,28.7920620437956
Andorra,AND,Europe & Central Asia,High income,2017,160.0,34.0425531914894
United Arab Emirates,ARE,Middle East & North Africa,High income,2017,3173.0,4.46775556181357
Argentina,ARG,Latin America & Caribbean,Upper middle income,2017,288990.0,10.5598368832422
Armenia,ARM,Europe & Central Asia,Upper middle income,2017,3291.0,11.5595363540569
American Samoa,ASM,East Asia & Pacific,High income,2017,172.2,86.1
Antigua and Barbuda,ATG,Latin America & Caribbean,High income,2017,83.2,18.9090909090909
Australia,AUS,East Asia & Pacific,High income,2017,1340174.0,17.4229136169693
Austria,AUT,Europe & Central Asia,High income,2017,38883.8,47.1204556471159
Azerbaijan,AZE,Europe & Central Asia,Upper middle income,2017,10971.848,13.2731460646972
Burundi,BDI,Sub-Saharan Africa,Low income,2017,2796.4,10.8894080996885
Belgium,BEL,Europe & Central Asia,High income,2017,6893.0,22.7244255431378
Benin,BEN,Sub-Saharan Africa,Lower middle income,2017,32851.5,29.1340014189429
Burkina Faso,BFA,Sub-Saharan Africa,Low income,2017,63664.0,23.2690058479532
Bangladesh,BGD,South Asia,Lower middle income,2017,18834.0,14.4687716063609
Bulgaria,BGR,Europe & Central Asia,High income,2017,38540.0,35.5011053795136
Bahrain,BHR,Middle East & North Africa,High income,2017,6.4,0.82051282051282
"Bahamas, The",BHS,Latin America & Caribbean,High income,2017,5098.6,50.9350649350649
Bosnia and Herzegovina,BIH,Europe & Central Asia,Upper middle income,2017,21879.1,42.7326171875
Belarus,BLR,Europe & Central Asia,Upper middle income,2017,87241.0,42.9784026641969
Belize,BLZ,Latin America & Caribbean,Upper middle income,2017,13105.2,57.4537483559842
Bermuda,BMU,North America,High income,2017,10.0,18.5185185185185
Bolivia,BOL,Latin America & Caribbean,Lower middle income,2017,514922.2,47.5327425459245
Brazil,BRA,Latin America & Caribbean,Upper middle income,2017,5000920.0,59.8329293359527
Barbados,BRB,Latin America & Caribbean,High income,2017,63.0,14.6511627906977
Brunei Darussalam,BRN,East Asia & Pacific,High income,2017,3800.0,72.1062618595825
Bhutan,BTN,South Asia,Lower middle income,2017,27191.4,71.2861786912752
Botswana,BWA,Sub-Saharan Africa,Upper middle income,2017,156096.0,27.5432745751945
Central African Republic,CAF,Sub-Saharan Africa,Low income,2017,223930.0,35.9449741564737
Canada,CAN,North America,High income,2017,3470390.5,38.7078876013737
Switzerland,CHE,Europe & Central Asia,High income,2017,12587.9,31.8603337971021
Channel Islands,CHI,Europe & Central Asia,High income,2017,10.2,5.15151515151515
Chile,CHL,Latin America & Caribbean,High income,2017,178419.4,24.0364518962995
China,CHN,East Asia & Pacific,Upper middle income,2017,2143390.0,22.8306567492632
Cote d'Ivoire,CIV,Sub-Saharan Africa,Lower middle income,2017,31753.7,9.98544025157233
Cameroon,CMR,Sub-Saharan Africa,Lower middle income,2017,205084.8,43.3849082947262
"Congo, Dem. Rep.",COD,Sub-Saharan Africa,Low income,2017,1294593.7,57.1047705167508
"Congo, Rep.",COG,Sub-Saharan Africa,Lower middle income,2017,219910.0,64.3953147877013
Colombia,COL,Latin America & Caribbean,Upper middle income,2017,597397.7,53.8438666065795
Comoros,COM,Sub-Saharan Africa,Lower middle income,2017,342.3,18.3933369156368
Cabo Verde,CPV,Sub-Saharan Africa,Upper middle income,2017,448.2,11.12158808933
Costa Rica,CRI,Latin America & Caribbean,High income,2017,29857.7,58.4757148452801
Cuba,CUB,Latin America & Caribbean,Upper middle income,2017,32420.0,31.233140655106
Curacao,CUW,Latin America & Caribbean,High income,2017,0.7,0.157657657657658
Cayman Islands,CYM,Latin America & Caribbean,High income,2017,127.2,53.0
Cyprus,CYP,Europe & Central Asia,High income,2017,1725.9,18.6785714285714
Czechia,CZE,Europe & Central Asia,High income,2017,26716.6,34.6025126278979
Germany,DEU,Europe & Central Asia,High income,2017,114190.0,32.6845464693591
Djibouti,DJI,Middle East & North Africa,Lower middle income,2017,56.1,0.242018981880932
Dominica,DMA,Latin America & Caribbean,Upper middle income,2017,478.7,63.8266666666667
Denmark,DNK,Europe & Central Asia,High income,2017,6256.0,15.64
Dominican Republic,DOM,Latin America & Caribbean,Upper middle income,2017,21198.3,43.8797350445042
Algeria,DZA,Middle East & North Africa,Upper middle income,2017,19430.0,0.815789794104397
Ecuador,ECU,Latin America & Caribbean,Upper middle income,2017,126906.4,51.0977613142213
"Egypt, Arab Rep.",EGY,Middle East & North Africa,Lower middle income,2017,449.8,0.0451855944547692
Eritrea,ERI,Sub-Saharan Africa,Low income,2017,10647.4,8.79432689018704
Spain,ESP,Europe & Central Asia,High income,2017,185593.0,37.1522339173654
Estonia,EST,Europe & Central Asia,High income,2017,24384.0,57.0385964912281
Ethiopia,ETH,Sub-Saharan Africa,Low income,2017,172875.0,15.3182908234333
Finland,FIN,Europe & Central Asia,High income,2017,224090.0,73.7332192682285
Fiji,FJI,East Asia & Pacific,Upper middle income,2017,11199.8,61.3015873015873
France,FRA,Europe & Central Asia,High income,2017,170028.0,31.5480100194823
Faroe Islands,FRO,Europe & Central Asia,High income,2017,0.8,0.0573065902578797
"Micronesia, Fed. Sts.",FSM,East Asia & Pacific,Upper middle income,2017,643.3,91.9
Gabon,GAB,Sub-Saharan Africa,Upper middle income,2017,235662.4,91.4589979431055
United Kingdom,GBR,Europe & Central Asia,High income,2017,31640.0,13.0781631050304
Georgia,GEO,Europe & Central Asia,Upper middle income,2017,28224.0,40.6159159591308
Ghana,GHA,Sub-Saharan Africa,Lower middle income,2017,79640.4,35.0006152764349
Gibraltar,GIB,Europe & Central Asia,High income,2017,0.0,0.0
Guinea,GIN,Sub-Saharan Africa,Lower middle income,2017,63090.0,25.675565684519
"Gambia, The",GMB,Sub-Saharan Africa,Low income,2017,2598.7,25.6788537549407
Guinea-Bissau,GNB,Sub-Saharan Africa,Low income,2017,20053.3,71.3133001422475
Equatorial Guinea,GNQ,Sub-Saharan Africa,Upper middle income,2017,24735.0,88.1818181818182
Greece,GRC,Europe & Central Asia,High income,2017,39018.0,30.2699767261443
Grenada,GRD,Latin America & Caribbean,Upper middle income,2017,177.0,52.0588235294118
Greenland,GRL,Europe & Central Asia,High income,2017,2.2,0.0005359970763795
Guatemala,GTM,Latin America & Caribbean,Upper middle income,2017,35626.0,33.2456140350877
Guam,GUM,East Asia & Pacific,High income,2017,280.0,51.8518518518518
Guyana,GUY,Latin America & Caribbean,High income,2017,184429.5,93.6903733807468
Honduras,HND,Latin America & Caribbean,Lower middle income,2017,64221.1,57.3966395567075
Croatia,HRV,Europe & Central Asia,High income,2017,19316.084,34.5151954828104
Haiti,HTI,Latin America & Caribbean,Lower middle income,2017,3566.3,12.9401306240929
Hungary,HUN,Europe & Central Asia,High income,2017,20572.7,22.5429541968004
Indonesia,IDN,East Asia & Pacific,Upper middle income,2017,939498.0,50.0393338229866
Isle of Man,IMN,Europe & Central Asia,High income,2017,34.6,6.07017543859649
India,IND,South Asia,Lower middle income,2017,713610.0,24.0014933455312
Ireland,IRL,Europe & Central Asia,High income,2017,7700.2,11.1775293946872
"Iran, Islamic Rep.",IRN,Middle East & North Africa,Upper middle income,2017,107110.0,6.60154083204931
Iraq,IRQ,Middle East & North Africa,Upper middle income,2017,8250.0,1.90036118379833
Iceland,ISL,Europe & Central Asia,High income,2017,493.8,0.492568578553616
Israel,ISR,Middle East & North Africa,High income,2017,1400.0,6.46950092421442
Italy,ITA,Europe & Central Asia,High income,2017,94047.0,31.8029338761929
Jamaica,JAM,Latin America & Caribbean,Upper middle income,2017,5852.3,54.0378578024007
Jordan,JOR,Middle East & North Africa,Upper middle income,2017,975.0,1.09822031989187
Japan,JPN,East Asia & Pacific,High income,2017,249350.0,68.4087791495199
Kazakhstan,KAZ,Europe & Central Asia,Upper middle income,2017,33669.6,1.24716079564396
Kenya,KEN,Sub-Saharan Africa,Lower middle income,2017,35815.3,6.22865954160824
Kyrgyz Republic,KGZ,Europe & Central Asia,Lower middle income,2017,12606.642,6.57280604796663
Cambodia,KHM,East Asia & Pacific,Lower middle income,2017,85354.4,48.35395422615
Kiribati,KIR,East Asia & Pacific,Lower middle income,2017,11.8,1.45679012345679
St. Kitts and Nevis,KNA,Latin America & Caribbean,High income,2017,110.0,42.3076923076923
"Korea, Rep.",KOR,East Asia & Pacific,High income,2017,63170.0,64.783099169316
Kuwait,KWT,Middle East & North Africa,High income,2017,62.5,0.350729517396184
Lao PDR,LAO,East Asia & Pacific,Lower middle income,2017,166990.0,72.3526863084922
Lebanon,LBN,Middle East & North Africa,Lower middle income,2017,1415.3,13.8347996089932
Liberia,LBR,Sub-Saharan Africa,Low income,2017,77082.2,80.0272009966777
Libya,LBY,Middle East & North Africa,Upper middle income,2017,2170.0,0.123327687918433
St. Lucia,LCA,Latin America & Caribbean,Upper middle income,2017,207.7,34.0491803278688
Liechtenstein,LIE,Europe & Central Asia,High income,2017,67.0,41.875
Sri Lanka,LKA,South Asia,Upper middle income,2017,21225.0,34.2930541418254
Lesotho,LSO,Sub-Saharan Africa,Lower middle income,2017,345.2,1.13702239789196
Lithuania,LTU,Europe & Central Asia,High income,2017,21960.0,35.0569116074137
Luxembourg,LUX,Europe & Central Asia,High income,2017,887.0,34.4538272103664
Latvia,LVA,Europe & Central Asia,High income,2017,33991.8,54.6254841146126
St. Martin (French part),MAF,Latin America & Caribbean,High income,2017,12.4,24.8
Morocco,MAR,Middle East & North Africa,Lower middle income,2017,57115.9,12.7976473224289
Monaco,MCO,Europe & Central Asia,High income,2017,0.0,0.0
Moldova,MDA,Europe & Central Asia,Upper middle income,2017,3865.0,11.7512921860748
Madagascar,MDG,Sub-Saharan Africa,Low income,2017,124694.6,21.4325541423169
Maldives,MDV,South Asia,Upper middle income,2017,8.2,2.73333333333333
Mexico,MEX,Latin America & Caribbean,Upper middle income,2017,660753.8,33.9902672393837
Marshall Islands,MHL,East Asia & Pacific,Upper middle income,2017,94.0,52.2222222222222
North Macedonia,MKD,Europe & Central Asia,Upper middle income,2017,10014.9,39.7101506740682
Mali,MLI,Sub-Saharan Africa,Low income,2017,132960.0,10.896663634352
Malta,MLT,Middle East & North Africa,High income,2017,4.2,1.3125
Myanmar,MMR,East Asia & Pacific,Lower middle income,2017,294130.2,45.0601608579088
Montenegro,MNE,Europe & Central Asia,Upper middle income,2017,8270.0,61.4869888475836
Mongolia,MNG,East Asia & Pacific,Upper middle income,2017,141761.1,9.10326591257927
Northern Mariana Islands,MNP,East Asia & Pacific,High income,2017,243.6,52.9565217391304
Mozambique,MOZ,Sub-Saharan Africa,Low income,2017,374066.0,47.5680968488517
Mauritania,MRT,Sub-Saharan Africa,Lower middle income,2017,3292.0,0.319394586203551
Mauritius,MUS,Sub-Saharan Africa,Upper middle income,2017,386.5,19.3540310465699
Malawi,MWI,Sub-Saharan Africa,Low income,2017,23677.0,25.1134917267713
Malaysia,MYS,East Asia & Pacific,Upper middle income,2017,192644.9,58.6348805356871
Namibia,NAM,Sub-Saharan Africa,Lower middle income,2017,68519.3,8.32262021887792
New Caledonia,NCL,East Asia & Pacific,High income,2017,8383.2,45.8599562363239
Niger,NER,Sub-Saharan Africa,Low income,2017,11169.6,0.881787321386279
Nigeria,NGA,Sub-Saharan Africa,Lower middle income,2017,221168.5,24.2836830374299
Nicaragua,NIC,Latin America & Caribbean,Lower middle income,2017,37075.3,30.8087917566894
Netherlands,NLD,Europe & Central Asia,High income,2017,3667.0,10.8910008910009
Norway,NOR,Europe & Central Asia,High income,2017,121566.0,33.2945336229161
Nepal,NPL,South Asia,Lower middle income,2017,59620.3,41.5907220090687
Naoero,NRU,East Asia & Pacific,High income,2017,0.0,0.0
New Zealand,NZL,East Asia & Pacific,High income,2017,98508.5,37.411606091679
Oman,OMN,Middle East & North Africa,High income,2017,27.0,0.0087237479806138
Pakistan,PAK,Middle East & North Africa,Lower middle income,2017,38499.2,4.99418845994188
Panama,PAN,Latin America & Caribbean,High income,2017,42480.8,57.3135456017269
Peru,PER,Latin America & Caribbean,Upper middle income,2017,728347.8,56.902171875
Philippines,PHL,East Asia & Pacific,Upper middle income,2017,70839.3,23.758023946071
Palau,PLW,East Asia & Pacific,High income,2017,411.6,89.4782608695652
Papua New Guinea,PNG,East Asia & Pacific,Lower middle income,2017,359563.5,79.3983791900367
Poland,POL,Europe & Central Asia,High income,2017,94470.0,30.8533916849015
Puerto Rico (US),PRI,Latin America & Caribbean,High income,2017,4948.6,55.7903043968433
"Korea, Dem. People's Rep.",PRK,East Asia & Pacific,Low income,2017,60940.0,50.6104144174072
Portugal,PRT,Europe & Central Asia,High income,2017,33120.0,36.154994891142
Paraguay,PRY,Latin America & Caribbean,Upper middle income,2017,169402.7,42.6384847722124
West Bank and Gaza,PSE,Middle East & North Africa,Lower middle income,2017,101.4,1.6843853820598
French Polynesia,PYF,East Asia & Pacific,High income,2017,1494.6,43.0596369922213
Qatar,QAT,Middle East & North Africa,High income,2017,0.0,0.0
Romania,ROU,Europe & Central Asia,High income,2017,69290.5,30.1158292767733
Russian Federation,RUS,Europe & Central Asia,High income,2017,8153120.0,49.7843605035639
Rwanda,RWA,Sub-Saharan Africa,Low income,2017,2730.0,11.0660721524118
Saudi Arabia,SAU,Middle East & North Africa,High income,2017,9770.0,0.454484134921779
Sudan,SDN,Sub-Saharan Africa,Low income,2017,188760.3,10.1049411134904
Senegal,SEN,Sub-Saharan Africa,Lower middle income,2017,81881.6,42.5292681660001
Singapore,SGP,East Asia & Pacific,High income,2017,161.1,22.626404494382
Solomon Islands,SLB,East Asia & Pacific,Lower middle income,2017,25251.6,90.2165058949625
Sierra Leone,SLE,Sub-Saharan Africa,Low income,2017,25940.7,35.9389027431422
El Salvador,SLV,Latin America & Caribbean,Upper middle income,2017,5973.8,28.8310810810811
San Marino,SMR,Europe & Central Asia,High income,2017,10.0,16.6666666666667
"Somalia, Fed. Rep.",SOM,Sub-Saharan Africa,Low income,2017,62102.5,9.89933688271113
Serbia,SRB,Europe & Central Asia,Upper middle income,2017,27218.6,31.1211982620627
South Sudan,SSD,Sub-Saharan Africa,Low income,2017,71570.0,11.3256215087114
Sao Tome and Principe,STP,Sub-Saharan Africa,Lower middle income,2017,537.6,56.0
Suriname,SUR,Latin America & Caribbean,Upper middle income,2017,152330.2,94.9052820610811
Slovak Republic,SVK,Europe & Central Asia,High income,2017,19259.0,40.05615640599
Slovenia,SVN,Europe & Central Asia,High income,2017,12439.3,61.7699782998396
Sweden,SWE,Europe & Central Asia,High income,2017,279800.0,68.6944981353789
Eswatini,SWZ,Sub-Saharan Africa,Lower middle income,2017,4939.3,28.7168604651163
Sint Maarten (Dutch part),SXM,Latin America & Caribbean,High income,2017,3.7,10.8823529411765
Seychelles,SYC,Sub-Saharan Africa,High income,2017,337.0,73.2608695652174
Syrian Arab Republic,SYR,Middle East & North Africa,Low income,2017,5220.8,2.84310842454937
Turks and Caicos Islands,TCA,Latin America & Caribbean,High income,2017,105.2,11.0736842105263
Chad,TCD,Sub-Saharan Africa,Low income,2017,46510.0,3.69361499364676
Togo,TGO,Sub-Saharan Africa,Lower middle income,2017,12181.5,22.3965802537231
Thailand,THA,East Asia & Pacific,Upper middle income,2017,199810.0,39.1101802736401
Tajikistan,TJK,Europe & Central Asia,Lower middle income,2017,4218.0,3.0391238561856
Turkmenistan,TKM,Europe & Central Asia,Upper middle income,2017,41270.0,8.78215904496414
Timor-Leste,TLS,East Asia & Pacific,Lower middle income,2017,9256.0,62.2461331540013
Tonga,TON,East Asia & Pacific,Upper middle income,2017,89.5,12.4305555555556
Trinidad and Tobago,TTO,Latin America & Caribbean,High income,2017,2294.5,44.7270955165692
Tunisia,TUN,Middle East & North Africa,Lower middle income,2017,6981.4,4.4936920700309
Turkiye,TUR,Europe & Central Asia,Upper middle income,2017,217524.6,28.2635292283305
Tuvalu,TUV,East Asia & Pacific,Upper middle income,2017,10.0,33.3333333333333
Tanzania,TZA,Sub-Saharan Africa,Lower middle income,2017,471520.0,53.2309776473245
Uganda,UGA,Sub-Saharan Africa,Low income,2017,24616.6,12.2763814083383
Ukraine,UKR,Europe & Central Asia,Upper middle income,2017,96710.0,16.6942862074918
Uruguay,URY,Latin America & Caribbean,High income,2017,19680.0,11.2444292080905
United States,USA,North America,High income,2017,3097950.0,33.8669264120375
Uzbekistan,UZB,Europe & Central Asia,Lower middle income,2017,36121.36,8.19844389770035
St. Vincent and the Grenadines,VCT,Latin America & Caribbean,Upper middle income,2017,285.4,73.1794871794872
"Venezuela, RB",VEN,Latin America & Caribbean,Lower middle income,2017,464281.8,52.6366759254011
British Virgin Islands,VGB,Latin America & Caribbean,High income,2017,36.2,24.1333333333333
Virgin Islands (U.S.),VIR,Latin America & Caribbean,High income,2017,194.6,55.6
Viet Nam,VNM,East Asia & Pacific,Upper middle income,2017,144153.9,45.9963369846492
Vanuatu,VUT,East Asia & Pacific,Lower middle income,2017,4423.0,36.2838392124692
Samoa,WSM,East Asia & Pacific,Upper middle income,2017,1631.1,58.6726618705036
"Yemen, Rep.",YEM,Middle East & North Africa,Low income,2017,5490.0,1.03983180862549
South Africa,ZAF,Sub-Saharan Africa,Upper middle income,2017,171592.9,14.1451087718141
Zambia,ZMB,Sub-Saharan Africa,Lower middle income,2017,453786.7,61.0428846231453
Zimbabwe,ZWE,Sub-Saharan Africa,Lower middle income,2017,175827.9,45.4511826289259
Aruba,ABW,Latin America & Caribbean,High income,2018,4.2,2.33333333333333
Afghanistan,AFG,Middle East & North Africa,Low income,2018,12084.4,1.85278199408184
Angola,AGO,Sub-Saharan Africa,Lower middle income,2018,677175.1,54.3174059517125
Albania,ALB,Europe & Central Asia,Upper middle income,2018,7889.0,28.7919708029197
Andorra,AND,Europe & Central Asia,High income,2018,160.0,34.0425531914894
United Arab Emirates,ARE,Middle East & North Africa,High income,2018,3173.0,4.46775556181357
Argentina,ARG,Latin America & Caribbean,Upper middle income,2018,287910.0,10.5203731515078
Armenia,ARM,Europe & Central Asia,Upper middle income,2018,3288.9,11.5521601685985
American Samoa,ASM,East Asia & Pacific,High income,2018,171.9,85.95
Antigua and Barbuda,ATG,Latin America & Caribbean,High income,2018,82.5,18.75
Australia,AUS,East Asia & Pacific,High income,2018,1340051.0,17.4213145571644
Austria,AUT,Europe & Central Asia,High income,2018,38919.7,47.1639602520601
Azerbaijan,AZE,Europe & Central Asia,Upper middle income,2018,11087.15,13.4139303602971
Burundi,BDI,Sub-Saharan Africa,Low income,2018,2796.4,10.8894080996885
Belgium,BEL,Europe & Central Asia,High income,2018,6893.0,22.6051880759519
Benin,BEN,Sub-Saharan Africa,Lower middle income,2018,32351.5,28.6905817665839
Burkina Faso,BFA,Sub-Saharan Africa,Low income,2018,63164.0,23.0862573099415
Bangladesh,BGD,South Asia,Lower middle income,2018,18834.0,14.4687716063609
Bulgaria,BGR,Europe & Central Asia,High income,2018,38670.0,35.6208548268239
Bahrain,BHR,Middle East & North Africa,High income,2018,6.6,0.848329048843188
"Bahamas, The",BHS,Latin America & Caribbean,High income,2018,5098.6,50.9350649350649
Bosnia and Herzegovina,BIH,Europe & Central Asia,Upper middle income,2018,21879.1,42.7326171875
Belarus,BLR,Europe & Central Asia,Upper middle income,2018,87386.0,43.0515321706572
Belize,BLZ,Latin America & Caribbean,Upper middle income,2018,12993.7,56.9649276633056
Bermuda,BMU,North America,High income,2018,10.0,18.5185185185185
Bolivia,BOL,Latin America & Caribbean,Lower middle income,2018,512532.4,47.3121388350411
Brazil,BRA,Latin America & Caribbean,Upper middle income,2018,4990510.0,59.7083800941358
Barbados,BRB,Latin America & Caribbean,High income,2018,63.0,14.6511627906977
Brunei Darussalam,BRN,East Asia & Pacific,High income,2018,3800.0,72.1062618595825
Bhutan,BTN,South Asia,Lower middle income,2018,27211.2,71.3455689564761
Botswana,BWA,Sub-Saharan Africa,Upper middle income,2018,154913.0,27.3345331992307
Central African Republic,CAF,Sub-Saharan Africa,Low income,2018,223630.0,35.8968185174484
Canada,CAN,North America,High income,2018,3470020.7,38.7037629425392
Switzerland,CHE,Europe & Central Asia,High income,2018,12622.3,31.9474011778901
Channel Islands,CHI,Europe & Central Asia,High income,2018,10.2,5.15151515151515
Chile,CHL,Latin America & Caribbean,High income,2018,179648.7,24.2020617476728
China,CHN,East Asia & Pacific,Upper middle income,2018,2162190.0,23.0309079153534
Cote d'Ivoire,CIV,Sub-Saharan Africa,Lower middle income,2018,30624.8,9.63044025157233
Cameroon,CMR,Sub-Saharan Africa,Lower middle income,2018,204524.8,43.2664424277041
"Congo, Dem. Rep.",COD,Sub-Saharan Africa,Low income,2018,1283580.0,56.6189541474604
"Congo, Rep.",COG,Sub-Saharan Africa,Lower middle income,2018,219760.0,64.3513909224012
Colombia,COL,Latin America & Caribbean,Upper middle income,2018,595404.8,53.6642451554754
Comoros,COM,Sub-Saharan Africa,Lower middle income,2018,338.0,18.1622783449758
Cabo Verde,CPV,Sub-Saharan Africa,Upper middle income,2018,451.2,11.1960297766749
Costa Rica,CRI,Latin America & Caribbean,High income,2018,30021.3,58.7961222091657
Cuba,CUB,Latin America & Caribbean,Upper middle income,2018,32420.0,31.233140655106
Curacao,CUW,Latin America & Caribbean,High income,2018,0.7,0.157657657657658
Cayman Islands,CYM,Latin America & Caribbean,High income,2018,128.1,53.375
Cyprus,CYP,Europe & Central Asia,High income,2018,1725.7,18.6764069264069
Czechia,CZE,Europe & Central Asia,High income,2018,26734.7,34.6259551871519
Germany,DEU,Europe & Central Asia,High income,2018,114190.0,32.6836109680005
Djibouti,DJI,Middle East & North Africa,Lower middle income,2018,56.4,0.243313201035375
Dominica,DMA,Latin America & Caribbean,Upper middle income,2018,478.7,63.8266666666667
Denmark,DNK,Europe & Central Asia,High income,2018,6265.6,15.664
Dominican Republic,DOM,Latin America & Caribbean,Upper middle income,2018,21279.2,44.0471951976816
Algeria,DZA,Middle East & North Africa,Upper middle income,2018,19300.0,0.810331601966797
Ecuador,ECU,Latin America & Caribbean,Upper middle income,2018,126263.7,50.8389837332904
"Egypt, Arab Rep.",EGY,Middle East & North Africa,Lower middle income,2018,449.8,0.0451855944547692
Eritrea,ERI,Sub-Saharan Africa,Low income,2018,10615.8,8.76775721087697
Spain,ESP,Europe & Central Asia,High income,2018,185635.9,37.1566467814769
Estonia,EST,Europe & Central Asia,High income,2018,24384.0,57.0385964912281
Ethiopia,ETH,Sub-Saharan Africa,Low income,2018,172145.0,15.2534899740501
Finland,FIN,Europe & Central Asia,High income,2018,224090.0,73.7332192682285
Fiji,FJI,East Asia & Pacific,Upper middle income,2018,11266.6,61.6672140120416
France,FRA,Europe & Central Asia,High income,2018,170862.0,31.7027553576399
Faroe Islands,FRO,Europe & Central Asia,High income,2018,0.8,0.0573065902578797
"Micronesia, Fed. Sts.",FSM,East Asia & Pacific,Upper middle income,2018,643.6,91.9428571428572
Gabon,GAB,Sub-Saharan Africa,Upper middle income,2018,235543.6,91.4128924593472
United Kingdom,GBR,Europe & Central Asia,High income,2018,31730.0,13.1153639482495
Georgia,GEO,Europe & Central Asia,Upper middle income,2018,28224.0,40.6159159591308
Ghana,GHA,Sub-Saharan Africa,Lower middle income,2018,79712.6,35.0323459611497
Gibraltar,GIB,Europe & Central Asia,High income,2018,0.0,0.0
Guinea,GIN,Sub-Saharan Africa,Lower middle income,2018,62690.0,25.5127787725867
"Gambia, The",GMB,Sub-Saharan Africa,Low income,2018,2541.4,25.1126482213439
Guinea-Bissau,GNB,Sub-Saharan Africa,Low income,2018,19968.9,71.0131578947368
Equatorial Guinea,GNQ,Sub-Saharan Africa,Upper middle income,2018,24651.4,87.8837789661319
Greece,GRC,Europe & Central Asia,High income,2018,39018.0,30.2699767261443
Grenada,GRD,Latin America & Caribbean,Upper middle income,2018,177.0,52.0588235294118
Greenland,GRL,Europe & Central Asia,High income,2018,2.2,0.0005359970763795
Guatemala,GTM,Latin America & Caribbean,Upper middle income,2018,35510.0,33.1373646883165
Guam,GUM,East Asia & Pacific,High income,2018,280.0,51.8518518518518
Guyana,GUY,Latin America & Caribbean,High income,2018,184337.5,93.6436372872746
Honduras,HND,Latin America & Caribbean,Lower middle income,2018,64011.6,57.2094020913397
Croatia,HRV,Europe & Central Asia,High income,2018,19341.1,34.5598956472018
Haiti,HTI,Latin America & Caribbean,Lower middle income,2018,3535.2,12.8272859216255
Hungary,HUN,Europe & Central Asia,High income,2018,20559.2,22.5281612973921
Indonesia,IDN,East Asia & Pacific,Upper middle income,2018,933442.7,49.7168177792076
Isle of Man,IMN,Europe & Central Asia,High income,2018,34.6,6.07017543859649
India,IND,South Asia,Lower middle income,2018,716270.0,24.0909595417716
Ireland,IRL,Europe & Central Asia,High income,2018,7740.2,11.2355929743069
"Iran, Islamic Rep.",IRN,Middle East & North Africa,Upper middle income,2018,107270.0,6.61140215716487
Iraq,IRQ,Middle East & North Africa,Upper middle income,2018,8250.0,1.90036118379833
Iceland,ISL,Europe & Central Asia,High income,2018,500.4,0.496280868789051
Israel,ISR,Middle East & North Africa,High income,2018,1400.0,6.46950092421442
Italy,ITA,Europe & Central Asia,High income,2018,94585.1,31.9848977742309
Jamaica,JAM,Latin America & Caribbean,Upper middle income,2018,5891.2,54.3970452446907
Jordan,JOR,Middle East & North Africa,Upper middle income,2018,975.0,1.09822031989187
Japan,JPN,East Asia & Pacific,High income,2018,249350.0,68.4087791495199
Kazakhstan,KAZ,Europe & Central Asia,Upper middle income,2018,33962.012,1.25799207319332
Kenya,KEN,Sub-Saharan Africa,Lower middle income,2018,36110.9,6.25877654107482
Kyrgyz Republic,KGZ,Europe & Central Asia,Lower middle income,2018,12789.0,6.66788321167883
Cambodia,KHM,East Asia & Pacific,Lower middle income,2018,83797.5,47.4719578518015
Kiribati,KIR,East Asia & Pacific,Lower middle income,2018,11.8,1.45679012345679
St. Kitts and Nevis,KNA,Latin America & Caribbean,High income,2018,110.0,42.3076923076923
"Korea, Rep.",KOR,East Asia & Pacific,High income,2018,63070.0,64.6739130434783
Kuwait,KWT,Middle East & North Africa,High income,2018,62.5,0.350729517396184
Lao PDR,LAO,East Asia & Pacific,Lower middle income,2018,166645.0,72.2032062391681
Lebanon,LBN,Middle East & North Africa,Lower middle income,2018,1421.3,13.8934506353861
Liberia,LBR,Sub-Saharan Africa,Low income,2018,76779.6,79.7130398671096
Libya,LBY,Middle East & North Africa,Upper middle income,2018,2170.0,0.123327687918433
St. Lucia,LCA,Latin America & Caribbean,Upper middle income,2018,207.7,34.0491803278688
Liechtenstein,LIE,Europe & Central Asia,High income,2018,67.0,41.875
Sri Lanka,LKA,South Asia,Upper middle income,2018,21193.4,34.2580499159447
Lesotho,LSO,Sub-Saharan Africa,Lower middle income,2018,345.2,1.13702239789196
Lithuania,LTU,Europe & Central Asia,High income,2018,21980.0,35.0950023950184
Luxembourg,LUX,Europe & Central Asia,High income,2018,887.0,34.4538272103664
Latvia,LVA,Europe & Central Asia,High income,2018,34030.5,54.6876757677536
St. Martin (French part),MAF,Latin America & Caribbean,High income,2018,12.4,24.8
Morocco,MAR,Middle East & North Africa,Lower middle income,2018,57215.9,12.8200537754873
Monaco,MCO,Europe & Central Asia,High income,2018,0.0,0.0
Moldova,MDA,Europe & Central Asia,Upper middle income,2018,3865.0,11.7529716925191
Madagascar,MDG,Sub-Saharan Africa,Low income,2018,124562.4,21.4098315572362
Maldives,MDV,South Asia,Upper middle income,2018,8.2,2.73333333333333
Mexico,MEX,Latin America & Caribbean,Upper middle income,2018,659480.0,33.9247408626765
Marshall Islands,MHL,East Asia & Pacific,Upper middle income,2018,94.0,52.2222222222222
North Macedonia,MKD,Europe & Central Asia,Upper middle income,2018,10014.9,39.7101506740682
Mali,MLI,Sub-Saharan Africa,Low income,2018,132960.0,10.896663634352
Malta,MLT,Middle East & North Africa,High income,2018,4.6,1.4375
Myanmar,MMR,East Asia & Pacific,Lower middle income,2018,291233.1,44.6197487360196
Montenegro,MNE,Europe & Central Asia,Upper middle income,2018,8270.0,61.4869888475836
Mongolia,MNG,East Asia & Pacific,Upper middle income,2018,141750.0,9.10255545816196
Northern Mariana Islands,MNP,East Asia & Pacific,High income,2018,243.6,52.9565217391304
Mozambique,MOZ,Sub-Saharan Africa,Low income,2018,372241.68,47.3361072255144
Mauritania,MRT,Sub-Saharan Africa,Lower middle income,2018,3237.0,0.314058406907927
Mauritius,MUS,Sub-Saharan Africa,Upper middle income,2018,386.9,19.3740610916375
Malawi,MWI,Sub-Saharan Africa,Low income,2018,23257.0,24.6680101824353
Malaysia,MYS,East Asia & Pacific,Upper middle income,2018,192143.4,58.4822401460965
Namibia,NAM,Sub-Saharan Africa,Lower middle income,2018,67809.2,8.23636871576237
New Caledonia,NCL,East Asia & Pacific,High income,2018,8382.2,45.8544857768053
Niger,NER,Sub-Saharan Africa,Low income,2018,11045.4,0.871982316254835
Nigeria,NGA,Sub-Saharan Africa,Lower middle income,2018,219535.5,24.1043842023782
Nicaragua,NIC,Latin America & Caribbean,Lower middle income,2018,36075.3,29.9778128635533
Netherlands,NLD,Europe & Central Asia,High income,2018,3676.3,10.9186219186219
Norway,NOR,Europe & Central Asia,High income,2018,121644.0,33.3172650284299
Nepal,NPL,South Asia,Lower middle income,2018,59620.3,41.5907220090687
Naoero,NRU,East Asia & Pacific,High income,2018,0.0,0.0
New Zealand,NZL,East Asia & Pacific,High income,2018,98551.5,37.4279366526148
Oman,OMN,Middle East & North Africa,High income,2018,26.0,0.0084006462035541
Pakistan,PAK,Middle East & North Africa,Lower middle income,2018,38085.8,4.94056143628061
Panama,PAN,Latin America & Caribbean,High income,2018,42366.7,57.1133728767862
Peru,PER,Latin America & Caribbean,Upper middle income,2018,726760.4,56.77815625
Philippines,PHL,East Asia & Pacific,Upper middle income,2018,71188.1,23.8750041922393
Palau,PLW,East Asia & Pacific,High income,2018,412.5,89.6739130434783
Papua New Guinea,PNG,East Asia & Pacific,Lower middle income,2018,359228.2,79.3243386477057
Poland,POL,Europe & Central Asia,High income,2018,94590.0,30.8946010386387
Puerto Rico (US),PRI,Latin America & Caribbean,High income,2018,4953.5,55.8455467869222
"Korea, Dem. People's Rep.",PRK,East Asia & Pacific,Low income,2018,60730.0,50.436010298148
Portugal,PRT,Europe & Central Asia,High income,2018,33120.0,36.154994891142
Paraguay,PRY,Latin America & Caribbean,Upper middle income,2018,166609.3,41.9353888749056
West Bank and Gaza,PSE,Middle East & North Africa,Lower middle income,2018,101.4,1.6843853820598
French Polynesia,PYF,East Asia & Pacific,High income,2018,1494.6,43.0596369922213
Qatar,QAT,Middle East & North Africa,High income,2018,0.0,0.0
Romania,ROU,Europe & Central Asia,High income,2018,69290.5,30.1158292767733
Russian Federation,RUS,Europe & Central Asia,High income,2018,8153120.0,49.7843605035639
Rwanda,RWA,Sub-Saharan Africa,Low income,2018,2740.0,11.1066072152412
Saudi Arabia,SAU,Middle East & North Africa,High income,2018,9770.0,0.454484134921779
Sudan,SDN,Sub-Saharan Africa,Low income,2018,187040.0,10.0128479657388
Senegal,SEN,Sub-Saharan Africa,Lower middle income,2018,81481.6,42.3215083363632
Singapore,SGP,East Asia & Pacific,High income,2018,159.3,22.3109243697479
Solomon Islands,SLB,East Asia & Pacific,Lower middle income,2018,25244.3,90.1904251518399
Sierra Leone,SLE,Sub-Saharan Africa,Low income,2018,25743.4,35.6655583264062
El Salvador,SLV,Latin America & Caribbean,Upper middle income,2018,5928.8,28.6138996138996
San Marino,SMR,Europe & Central Asia,High income,2018,10.0,16.6666666666667
"Somalia, Fed. Rep.",SOM,Sub-Saharan Africa,Low income,2018,61335.0,9.77699493097842
Serbia,SRB,Europe & Central Asia,Upper middle income,2018,27220.0,31.1227989938258
South Sudan,SSD,Sub-Saharan Africa,Low income,2018,71570.0,11.3256215087114
Sao Tome and Principe,STP,Sub-Saharan Africa,Lower middle income,2018,531.4,55.3541666666667
Suriname,SUR,Latin America & Caribbean,Upper middle income,2018,152207.8,94.8290239945632
Slovak Republic,SVK,Europe & Central Asia,High income,2018,19259.0,40.05615640599
Slovenia,SVN,Europe & Central Asia,High income,2018,12419.0,61.674380723466
Sweden,SWE,Europe & Central Asia,High income,2018,279800.0,68.6944981353789
Eswatini,SWZ,Sub-Saharan Africa,Lower middle income,2018,4951.4,28.7872093023256
Sint Maarten (Dutch part),SXM,Latin America & Caribbean,High income,2018,3.7,10.8823529411765
Seychelles,SYC,Sub-Saharan Africa,High income,2018,337.0,73.2608695652174
Syrian Arab Republic,SYR,Middle East & North Africa,Low income,2018,5220.8,2.84310842454937
Turks and Caicos Islands,TCA,Latin America & Caribbean,High income,2018,105.2,11.0736842105263
Chad,TCD,Sub-Saharan Africa,Low income,2018,45350.0,3.60149301143583
Togo,TGO,Sub-Saharan Africa,Lower middle income,2018,12151.9,22.3421584850156
Thailand,THA,East Asia & Pacific,Upper middle income,2018,199450.0,39.0397150071444
Tajikistan,TJK,Europe & Central Asia,Lower middle income,2018,4218.0,3.0391238561856
Turkmenistan,TKM,Europe & Central Asia,Upper middle income,2018,41270.0,8.78215904496414
Timor-Leste,TLS,East Asia & Pacific,Lower middle income,2018,9239.0,62.1318090114324
Tonga,TON,East Asia & Pacific,Upper middle income,2018,89.5,12.4305555555556
Trinidad and Tobago,TTO,Latin America & Caribbean,High income,2018,2290.3,44.64522417154
Tunisia,TUN,Middle East & North Africa,Lower middle income,2018,6996.7,4.50354016477858
Turkiye,TUR,Europe & Central Asia,Upper middle income,2018,219083.6,28.4660940971636
Tuvalu,TUV,East Asia & Pacific,Upper middle income,2018,10.0,33.3333333333333
Tanzania,TZA,Sub-Saharan Africa,Lower middle income,2018,466830.0,52.70151275683
Uganda,UGA,Sub-Saharan Africa,Low income,2018,24204.1,12.070666267704
Ukraine,UKR,Europe & Central Asia,Upper middle income,2018,96780.0,16.7034863652054
Uruguay,URY,Latin America & Caribbean,High income,2018,19890.0,11.364415495372
United States,USA,North America,High income,2018,3097950.0,33.8669264120375
Uzbekistan,UZB,Europe & Central Asia,Lower middle income,2018,36379.8,8.25712061408984
St. Vincent and the Grenadines,VCT,Latin America & Caribbean,Upper middle income,2018,285.4,73.1794871794872
"Venezuela, RB",VEN,Latin America & Caribbean,Lower middle income,2018,463377.6,52.5341647298906
British Virgin Islands,VGB,Latin America & Caribbean,High income,2018,36.2,24.1333333333333
Virgin Islands (U.S.),VIR,Latin America & Caribbean,High income,2018,196.1,56.0285714285714
Viet Nam,VNM,East Asia & Pacific,Upper middle income,2018,144912.9,46.2346815387217
Vanuatu,VUT,East Asia & Pacific,Lower middle income,2018,4423.0,36.2838392124692
Samoa,WSM,East Asia & Pacific,Upper middle income,2018,1626.3,58.5
"Yemen, Rep.",YEM,Middle East & North Africa,Low income,2018,5490.0,1.03983180862549
South Africa,ZAF,Sub-Saharan Africa,Upper middle income,2018,171228.9,14.1151027541238
Zambia,ZMB,Sub-Saharan Africa,Lower middle income,2018,451904.6,60.789706614294
Zimbabwe,ZWE,Sub-Saharan Africa,Lower middle income,2018,175367.2,45.3320925423291
Aruba,ABW,Latin America & Caribbean,High income,2019,4.2,2.33333333333333
Afghanistan,AFG,Middle East & North Africa,Low income,2019,12084.4,1.85278199408184
Angola,AGO,Sub-Saharan Africa,Lower middle income,2019,671624.4,53.8721745407877
Albania,ALB,Europe & Central Asia,Upper middle income,2019,7889.0,28.7919708029197
Andorra,AND,Europe & Central Asia,High income,2019,160.0,34.0425531914894
United Arab Emirates,ARE,Middle East & North Africa,High income,2019,3173.0,4.46775556181357
Argentina,ARG,Latin America & Caribbean,Upper middle income,2019,286810.0,10.4801786099266
Armenia,ARM,Europe & Central Asia,Upper middle income,2019,3286.8,11.5447839831401
American Samoa,ASM,East Asia & Pacific,High income,2019,171.6,85.8
Antigua and Barbuda,ATG,Latin America & Caribbean,High income,2019,81.8,18.5909090909091
Australia,AUS,East Asia & Pacific,High income,2019,1340051.0,17.4213145571644
Austria,AUT,Europe & Central Asia,High income,2019,38870.0,47.1037324285022
Azerbaijan,AZE,Europe & Central Asia,Upper middle income,2019,11202.4,13.5533670481767
Burundi,BDI,Sub-Saharan Africa,Low income,2019,2796.4,10.8894080996885
Belgium,BEL,Europe & Central Asia,High income,2019,6893.0,22.604446776415
Benin,BEN,Sub-Saharan Africa,Lower middle income,2019,31851.5,28.2471621142249
Burkina Faso,BFA,Sub-Saharan Africa,Low income,2019,62664.0,22.9035087719298
Bangladesh,BGD,South Asia,Lower middle income,2019,18834.0,14.4687716063609
Bulgaria,BGR,Europe & Central Asia,High income,2019,38800.0,35.7406042741341
Bahrain,BHR,Middle East & North Africa,High income,2019,6.8,0.871794871794872
"Bahamas, The",BHS,Latin America & Caribbean,High income,2019,5098.6,50.9350649350649
Bosnia and Herzegovina,BIH,Europe & Central Asia,Upper middle income,2019,21879.1,42.7326171875
Belarus,BLR,Europe & Central Asia,Upper middle income,2019,87531.0,43.1261547557461
Belize,BLZ,Latin America & Caribbean,Upper middle income,2019,12882.1,56.4756685664182
Bermuda,BMU,North America,High income,2019,10.0,18.5185185185185
Bolivia,BOL,Latin America & Caribbean,Lower middle income,2019,510337.6,47.1095356780209
Brazil,BRA,Latin America & Caribbean,Upper middle income,2019,4977990.0,59.5585860011916
Barbados,BRB,Latin America & Caribbean,High income,2019,63.0,14.6511627906977
Brunei Darussalam,BRN,East Asia & Pacific,High income,2019,3800.0,72.1062618595825
Bhutan,BTN,South Asia,Lower middle income,2019,27230.0,71.39486103828
Botswana,BWA,Sub-Saharan Africa,Upper middle income,2019,153730.0,27.1257918232668
Central African Republic,CAF,Sub-Saharan Africa,Low income,2019,223330.0,35.8486628784231
Canada,CAN,North America,High income,2019,3469650.8,38.6996371683291
Switzerland,CHE,Europe & Central Asia,High income,2019,12656.7,32.034468558678
Channel Islands,CHI,Europe & Central Asia,High income,2019,10.2,5.15151515151515
Chile,CHL,Latin America & Caribbean,High income,2019,180878.0,24.3497974857398
China,CHN,East Asia & Pacific,Upper middle income,2019,2180990.0,23.2311590814436
Cote d'Ivoire,CIV,Sub-Saharan Africa,Lower middle income,2019,29496.0,9.27547169811321
Cameroon,CMR,Sub-Saharan Africa,Lower middle income,2019,203964.8,43.147976560682
"Congo, Dem. Rep.",COD,Sub-Saharan Africa,Low income,2019,1272570.0,56.1333009858627
"Congo, Rep.",COG,Sub-Saharan Africa,Lower middle income,2019,219610.0,64.307467057101
Colombia,COL,Latin America & Caribbean,Upper middle income,2019,593412.0,53.4846327174403
Comoros,COM,Sub-Saharan Africa,Lower middle income,2019,333.6,17.9258463191832
Cabo Verde,CPV,Sub-Saharan Africa,Upper middle income,2019,454.2,11.2704714640199
Costa Rica,CRI,Latin America & Caribbean,High income,2019,30185.0,59.1167254210732
Cuba,CUB,Latin America & Caribbean,Upper middle income,2019,32420.0,31.233140655106
Curacao,CUW,Latin America & Caribbean,High income,2019,0.7,0.157657657657658
Cayman Islands,CYM,Latin America & Caribbean,High income,2019,127.2,53.0
Cyprus,CYP,Europe & Central Asia,High income,2019,1725.5,18.6742424242424
Czechia,CZE,Europe & Central Asia,High income,2019,26752.8,34.6514173213048
Germany,DEU,Europe & Central Asia,High income,2019,114190.0,32.6826755201923
Djibouti,DJI,Middle East & North Africa,Lower middle income,2019,57.0,0.245901639344262
Dominica,DMA,Latin America & Caribbean,Upper middle income,2019,478.7,63.8266666666667
Denmark,DNK,Europe & Central Asia,High income,2019,6275.0,15.6875
Dominican Republic,DOM,Latin America & Caribbean,Upper middle income,2019,21360.1,44.3173806724841
Algeria,DZA,Middle East & North Africa,Upper middle income,2019,19390.0,0.814110692183026
Ecuador,ECU,Latin America & Caribbean,Upper middle income,2019,125621.0,50.5802061523595
"Egypt, Arab Rep.",EGY,Middle East & North Africa,Lower middle income,2019,449.8,0.0451855944547692
Eritrea,ERI,Sub-Saharan Africa,Low income,2019,10584.2,8.74145380877288
Spain,ESP,Europe & Central Asia,High income,2019,185678.8,37.1677215644695
Estonia,EST,Europe & Central Asia,High income,2019,24384.0,57.0385964912281
Ethiopia,ETH,Sub-Saharan Africa,Low income,2019,171415.0,15.1886779997606
Finland,FIN,Europe & Central Asia,High income,2019,224090.0,73.7307932747672
Fiji,FJI,East Asia & Pacific,Upper middle income,2019,11333.4,62.0328407224959
France,FRA,Europe & Central Asia,High income,2019,171696.0,31.8575006957974
Faroe Islands,FRO,Europe & Central Asia,High income,2019,0.8,0.0573065902578797
"Micronesia, Fed. Sts.",FSM,East Asia & Pacific,Upper middle income,2019,643.9,91.9857142857143
Gabon,GAB,Sub-Saharan Africa,Upper middle income,2019,235424.8,91.3667869755889
United Kingdom,GBR,Europe & Central Asia,High income,2019,31820.0,13.1525647914686
Georgia,GEO,Europe & Central Asia,Upper middle income,2019,28224.0,40.6159159591308
Ghana,GHA,Sub-Saharan Africa,Lower middle income,2019,79784.8,35.0651553840542
Gibraltar,GIB,Europe & Central Asia,High income,2019,0.0,0.0
Guinea,GIN,Sub-Saharan Africa,Lower middle income,2019,62290.0,25.3499918606544
"Gambia, The",GMB,Sub-Saharan Africa,Low income,2019,2484.0,24.5454545454545
Guinea-Bissau,GNB,Sub-Saharan Africa,Low income,2019,19884.5,70.7130156472262
Equatorial Guinea,GNQ,Sub-Saharan Africa,Upper middle income,2019,24567.8,87.5857397504456
Greece,GRC,Europe & Central Asia,High income,2019,39018.0,30.2699767261443
Grenada,GRD,Latin America & Caribbean,Upper middle income,2019,177.0,52.0588235294118
Greenland,GRL,Europe & Central Asia,High income,2019,2.2,0.0005359970763795
Guatemala,GTM,Latin America & Caribbean,Upper middle income,2019,35394.0,33.0291153415453
Guam,GUM,East Asia & Pacific,High income,2019,280.0,51.8518518518518
Guyana,GUY,Latin America & Caribbean,High income,2019,184245.4,93.5968503937008
Honduras,HND,Latin America & Caribbean,Lower middle income,2019,63802.1,57.0221646259719
Croatia,HRV,Europe & Central Asia,High income,2019,19366.1,34.6045672217854
Haiti,HTI,Latin America & Caribbean,Lower middle income,2019,3504.1,12.7144412191582
Hungary,HUN,Europe & Central Asia,High income,2019,20544.7,22.5122726276572
Indonesia,IDN,East Asia & Pacific,Upper middle income,2019,927387.3,49.3942964092507
Isle of Man,IMN,Europe & Central Asia,High income,2019,34.6,6.07017543859649
India,IND,South Asia,Lower middle income,2019,718940.0,24.1807620770956
Ireland,IRL,Europe & Central Asia,High income,2019,7780.2,11.2936565539265
"Iran, Islamic Rep.",IRN,Middle East & North Africa,Upper middle income,2019,107430.0,6.62126348228043
Iraq,IRQ,Middle East & North Africa,Upper middle income,2019,8250.0,1.90035242899592
Iceland,ISL,Europe & Central Asia,High income,2019,506.9,0.502727362888029
Israel,ISR,Middle East & North Africa,High income,2019,1400.0,6.46950092421442
Italy,ITA,Europe & Central Asia,High income,2019,95123.2,32.1669704480973
Jamaica,JAM,Latin America & Caribbean,Upper middle income,2019,5930.0,54.7553093259464
Jordan,JOR,Middle East & North Africa,Upper middle income,2019,975.0,1.09804716534901
Japan,JPN,East Asia & Pacific,High income,2019,249350.0,68.4087791495199
Kazakhstan,KAZ,Europe & Central Asia,Upper middle income,2019,34254.4,1.26882246175501
Kenya,KEN,Sub-Saharan Africa,Lower middle income,2019,36110.9,6.23762944896123
Kyrgyz Republic,KGZ,Europe & Central Asia,Lower middle income,2019,12971.4,6.76298227320125
Cambodia,KHM,East Asia & Pacific,Lower middle income,2019,82240.6,46.589961477453
Kiribati,KIR,East Asia & Pacific,Lower middle income,2019,11.8,1.45679012345679
St. Kitts and Nevis,KNA,Latin America & Caribbean,High income,2019,110.0,42.3076923076923
"Korea, Rep.",KOR,East Asia & Pacific,High income,2019,62970.0,64.5184426229508
Kuwait,KWT,Middle East & North Africa,High income,2019,62.5,0.350729517396184
Lao PDR,LAO,East Asia & Pacific,Lower middle income,2019,166300.0,72.053726169844
Lebanon,LBN,Middle East & North Africa,Lower middle income,2019,1427.3,13.9521016617791
Liberia,LBR,Sub-Saharan Africa,Low income,2019,76477.0,79.3988787375415
Libya,LBY,Middle East & North Africa,Upper middle income,2019,2170.0,0.123327687918433
St. Lucia,LCA,Latin America & Caribbean,Upper middle income,2019,207.7,34.0491803278688
Liechtenstein,LIE,Europe & Central Asia,High income,2019,67.0,41.875
Sri Lanka,LKA,South Asia,Upper middle income,2019,21161.8,34.2067102490331
Lesotho,LSO,Sub-Saharan Africa,Lower middle income,2019,345.2,1.13702239789196
Lithuania,LTU,Europe & Central Asia,High income,2019,22000.0,35.1325455126158
Luxembourg,LUX,Europe & Central Asia,High income,2019,887.0,34.4538272103664
Latvia,LVA,Europe & Central Asia,High income,2019,34069.2,54.7498674208945
St. Martin (French part),MAF,Latin America & Caribbean,High income,2019,12.4,24.8
Morocco,MAR,Middle East & North Africa,Lower middle income,2019,57320.9,12.8435805511987
Monaco,MCO,Europe & Central Asia,High income,2019,0.0,0.0
Moldova,MDA,Europe & Central Asia,Upper middle income,2019,3865.0,11.7527572607105
Madagascar,MDG,Sub-Saharan Africa,Low income,2019,124430.3,21.3871261601925
Maldives,MDV,South Asia,Upper middle income,2019,8.2,2.73333333333333
Mexico,MEX,Latin America & Caribbean,Upper middle income,2019,658200.0,33.858895547725
Marshall Islands,MHL,East Asia & Pacific,Upper middle income,2019,94.0,52.2222222222222
North Macedonia,MKD,Europe & Central Asia,Upper middle income,2019,10014.9,39.7101506740682
Mali,MLI,Sub-Saharan Africa,Low income,2019,132960.0,10.896663634352
Malta,MLT,Middle East & North Africa,High income,2019,4.6,1.4375
Myanmar,MMR,East Asia & Pacific,Lower middle income,2019,288336.0,44.1758847862724
Montenegro,MNE,Europe & Central Asia,Upper middle income,2019,8270.0,61.4869888475836
Mongolia,MNG,East Asia & Pacific,Upper middle income,2019,141738.9,9.10182513109581
Northern Mariana Islands,MNP,East Asia & Pacific,High income,2019,243.6,52.9565217391304
Mozambique,MOZ,Sub-Saharan Africa,Low income,2019,369661.1,47.0079478114906
Mauritania,MRT,Sub-Saharan Africa,Lower middle income,2019,3183.0,0.308819249054041
Mauritius,MUS,Sub-Saharan Africa,Upper middle income,2019,387.3,19.3940911367051
Malawi,MWI,Sub-Saharan Africa,Low income,2019,22837.0,24.2225286380993
Malaysia,MYS,East Asia & Pacific,Upper middle income,2019,191641.9,58.3295997565059
Namibia,NAM,Sub-Saharan Africa,Lower middle income,2019,67099.1,8.15011721264682
New Caledonia,NCL,East Asia & Pacific,High income,2019,8381.2,45.8490153172867
Niger,NER,Sub-Saharan Africa,Low income,2019,10921.2,0.862177311123392
Nigeria,NGA,Sub-Saharan Africa,Lower middle income,2019,217902.5,23.9250853673265
Nicaragua,NIC,Latin America & Caribbean,Lower middle income,2019,35075.3,29.1468339704172
Netherlands,NLD,Europe & Central Asia,High income,2019,3685.7,10.9465399465399
Norway,NOR,Europe & Central Asia,High income,2019,121722.0,33.3399069828592
Nepal,NPL,South Asia,Lower middle income,2019,59620.3,41.5907220090687
Naoero,NRU,East Asia & Pacific,High income,2019,0.0,0.0
New Zealand,NZL,East Asia & Pacific,High income,2019,98655.2,37.4673198891041
Oman,OMN,Middle East & North Africa,High income,2019,25.0,0.0080775444264943
Pakistan,PAK,Middle East & North Africa,Lower middle income,2019,37672.4,4.88693441261934
Panama,PAN,Latin America & Caribbean,High income,2019,42252.5,56.9594230250741
Peru,PER,Latin America & Caribbean,Upper middle income,2019,725032.0,56.643125
Philippines,PHL,East Asia & Pacific,Upper middle income,2019,71537.0,23.9920179763222
Palau,PLW,East Asia & Pacific,High income,2019,413.3,89.8478260869565
Papua New Guinea,PNG,East Asia & Pacific,Lower middle income,2019,358892.9,79.2502981053747
Poland,POL,Europe & Central Asia,High income,2019,94710.0,30.939858220901
Puerto Rico (US),PRI,Latin America & Caribbean,High income,2019,4958.4,55.9007891770011
"Korea, Dem. People's Rep.",PRK,East Asia & Pacific,Low income,2019,60510.0,50.2533012208288
Portugal,PRT,Europe & Central Asia,High income,2019,33120.0,36.154994891142
Paraguay,PRY,Latin America & Caribbean,Upper middle income,2019,163816.0,41.2323181474956
West Bank and Gaza,PSE,Middle East & North Africa,Lower middle income,2019,101.4,1.6843853820598
French Polynesia,PYF,East Asia & Pacific,High income,2019,1494.6,43.0596369922213
Qatar,QAT,Middle East & North Africa,High income,2019,0.0,0.0
Romania,ROU,Europe & Central Asia,High income,2019,69290.5,30.1158292767733
Russian Federation,RUS,Europe & Central Asia,High income,2019,8153120.0,49.7843605035639
Rwanda,RWA,Sub-Saharan Africa,Low income,2019,2750.0,11.1471422780705
Saudi Arabia,SAU,Middle East & North Africa,High income,2019,9770.0,0.454484134921779
Sudan,SDN,Sub-Saharan Africa,Low income,2019,185320.0,9.92077087794432
Senegal,SEN,Sub-Saharan Africa,Lower middle income,2019,81081.6,42.1137485067262
Singapore,SGP,East Asia & Pacific,High income,2019,157.5,21.9972067039106
Solomon Islands,SLB,East Asia & Pacific,Lower middle income,2019,25237.0,90.1643444087174
Sierra Leone,SLE,Sub-Saharan Africa,Low income,2019,25546.1,35.3922139096703
El Salvador,SLV,Latin America & Caribbean,Upper middle income,2019,5883.8,28.3967181467181
San Marino,SMR,Europe & Central Asia,High income,2019,10.0,16.6666666666667
"Somalia, Fed. Rep.",SOM,Sub-Saharan Africa,Low income,2019,60567.5,9.6546529792457
Serbia,SRB,Europe & Central Asia,Upper middle income,2019,27222.2,31.1253144294535
South Sudan,SSD,Sub-Saharan Africa,Low income,2019,71570.0,11.3256215087114
Sao Tome and Principe,STP,Sub-Saharan Africa,Lower middle income,2019,525.2,54.7083333333333
Suriname,SUR,Latin America & Caribbean,Upper middle income,2019,152085.3,94.7527036257035
Slovak Republic,SVK,Europe & Central Asia,High income,2019,19259.0,40.05615640599
Slovenia,SVN,Europe & Central Asia,High income,2019,12398.6,61.5730716513379
Sweden,SWE,Europe & Central Asia,High income,2019,279800.0,68.6996660773915
Eswatini,SWZ,Sub-Saharan Africa,Lower middle income,2019,4963.5,28.8575581395349
Sint Maarten (Dutch part),SXM,Latin America & Caribbean,High income,2019,3.7,10.8823529411765
Seychelles,SYC,Sub-Saharan Africa,High income,2019,337.0,73.2608695652174
Syrian Arab Republic,SYR,Middle East & North Africa,Low income,2019,5220.8,2.84310842454937
Turks and Caicos Islands,TCA,Latin America & Caribbean,High income,2019,105.2,11.0736842105263
Chad,TCD,Sub-Saharan Africa,Low income,2019,44220.0,3.51175349428208
Togo,TGO,Sub-Saharan Africa,Lower middle income,2019,12122.3,22.2877367163081
Thailand,THA,East Asia & Pacific,Upper middle income,2019,199090.0,38.9692497406487
Tajikistan,TJK,Europe & Central Asia,Lower middle income,2019,4228.0,3.0463289862382
Turkmenistan,TKM,Europe & Central Asia,Upper middle income,2019,41270.0,8.78215904496414
Timor-Leste,TLS,East Asia & Pacific,Lower middle income,2019,9225.0,62.0376597175521
Tonga,TON,East Asia & Pacific,Upper middle income,2019,89.5,12.4305555555556
Trinidad and Tobago,TTO,Latin America & Caribbean,High income,2019,2286.1,44.5633528265107
Tunisia,TUN,Middle East & North Africa,Lower middle income,2019,7012.0,4.51338825952626
Turkiye,TUR,Europe & Central Asia,Upper middle income,2019,220643.6,28.6687888985616
Tuvalu,TUV,East Asia & Pacific,Upper middle income,2019,10.0,33.3333333333333
Tanzania,TZA,Sub-Saharan Africa,Lower middle income,2019,462140.0,52.1720478663355
Uganda,UGA,Sub-Saharan Africa,Low income,2019,23791.5,11.8649012567325
Ukraine,UKR,Europe & Central Asia,Upper middle income,2019,96840.0,16.7138419054194
Uruguay,URY,Latin America & Caribbean,High income,2019,20100.0,11.4844017826534
United States,USA,North America,High income,2019,3097950.0,33.8669264120375
Uzbekistan,UZB,Europe & Central Asia,Lower middle income,2019,36638.2,8.31637366503615
St. Vincent and the Grenadines,VCT,Latin America & Caribbean,Upper middle income,2019,285.4,73.1794871794872
"Venezuela, RB",VEN,Latin America & Caribbean,Lower middle income,2019,462720.0,52.4596111331557
British Virgin Islands,VGB,Latin America & Caribbean,High income,2019,36.2,24.1333333333333
Virgin Islands (U.S.),VIR,Latin America & Caribbean,High income,2019,197.6,56.4571428571428
Viet Nam,VNM,East Asia & Pacific,Upper middle income,2019,145671.9,46.4768416451573
Vanuatu,VUT,East Asia & Pacific,Lower middle income,2019,4423.0,36.2838392124692
Samoa,WSM,East Asia & Pacific,Upper middle income,2019,1621.5,58.3273381294964
"Yemen, Rep.",YEM,Middle East & North Africa,Low income,2019,5490.0,1.03983180862549
South Africa,ZAF,Sub-Saharan Africa,Upper middle income,2019,170864.9,14.0850967364334
Zambia,ZMB,Sub-Saharan Africa,Lower middle income,2019,450022.4,60.5365151535533
Zimbabwe,ZWE,Sub-Saharan Africa,Lower middle income,2019,174906.5,45.2130024557322
Aruba,ABW,Latin America & Caribbean,High income,2020,4.2,2.33333333333333
Afghanistan,AFG,Middle East & North Africa,Low income,2020,12084.4,1.85278199408184
Angola,AGO,Sub-Saharan Africa,Lower middle income,2020,666073.8,53.4269511510388
Albania,ALB,Europe & Central Asia,Upper middle income,2020,7889.0,28.7919708029197
Andorra,AND,Europe & Central Asia,High income,2020,160.0,34.0425531914894
United Arab Emirates,ARE,Middle East & North Africa,High income,2020,3173.0,4.46775556181357
Argentina,ARG,Latin America & Caribbean,Upper middle income,2020,285730.0,10.4407148781923
Armenia,ARM,Europe & Central Asia,Upper middle income,2020,3284.7,11.6489422255448
American Samoa,ASM,East Asia & Pacific,High income,2020,171.3,85.65
Antigua and Barbuda,ATG,Latin America & Caribbean,High income,2020,81.2,18.4545454545455
Australia,AUS,East Asia & Pacific,High income,2020,1340051.0,17.4213145571644
Austria,AUT,Europe & Central Asia,High income,2020,38898.2,47.137905962191
Azerbaijan,AZE,Europe & Central Asia,Upper middle income,2020,11317.7,13.6941896764514
Burundi,BDI,Sub-Saharan Africa,Low income,2020,2796.4,10.8894080996885
Belgium,BEL,Europe & Central Asia,High income,2020,6893.0,22.604446776415
Benin,BEN,Sub-Saharan Africa,Lower middle income,2020,31351.5,27.8037424618659
Burkina Faso,BFA,Sub-Saharan Africa,Low income,2020,62164.0,22.7207602339181
Bangladesh,BGD,South Asia,Lower middle income,2020,18834.0,14.4687716063609
Bulgaria,BGR,Europe & Central Asia,High income,2020,38930.0,35.8603537214444
Bahrain,BHR,Middle East & North Africa,High income,2020,7.0,0.89171974522293
"Bahamas, The",BHS,Latin America & Caribbean,High income,2020,5098.6,50.9350649350649
Bosnia and Herzegovina,BIH,Europe & Central Asia,Upper middle income,2020,21879.1,42.7326171875
Belarus,BLR,Europe & Central Asia,Upper middle income,2020,87676.0,43.1944033894965
Belize,BLZ,Latin America & Caribbean,Upper middle income,2020,12770.5,55.9864094695309
Bermuda,BMU,North America,High income,2020,10.0,18.5185185185185
Bolivia,BOL,Latin America & Caribbean,Lower middle income,2020,508337.6,46.9249146127573
Brazil,BRA,Latin America & Caribbean,Upper middle income,2020,4966196.0,59.4174780513368
Barbados,BRB,Latin America & Caribbean,High income,2020,63.0,14.6511627906977
Brunei Darussalam,BRN,East Asia & Pacific,High income,2020,3800.0,72.1062618595825
Bhutan,BTN,South Asia,Lower middle income,2020,27250.0,71.4472994231778
Botswana,BWA,Sub-Saharan Africa,Upper middle income,2020,152547.0,26.9170504473029
Central African Republic,CAF,Sub-Saharan Africa,Low income,2020,223030.0,35.8005072393977
Canada,CAN,North America,High income,2020,3469281.0,38.6955125094946
Switzerland,CHE,Europe & Central Asia,High income,2020,12691.1,32.1215359394659
Channel Islands,CHI,Europe & Central Asia,High income,2020,10.2,5.15151515151515
Chile,CHL,Latin America & Caribbean,High income,2020,182107.0,24.5152454733888
China,CHN,East Asia & Pacific,Upper middle income,2020,2199780.0,23.4313037309562
Cote d'Ivoire,CIV,Sub-Saharan Africa,Lower middle income,2020,28367.1,8.92047169811321
Cameroon,CMR,Sub-Saharan Africa,Lower middle income,2020,203404.8,43.02951069366
"Congo, Dem. Rep.",COD,Sub-Saharan Africa,Low income,2020,1261550.0,55.6472067223925
"Congo, Rep.",COG,Sub-Saharan Africa,Lower middle income,2020,219460.0,64.2635431918009
Colombia,COL,Latin America & Caribbean,Upper middle income,2020,591419.1,53.3050112663362
Comoros,COM,Sub-Saharan Africa,Lower middle income,2020,329.2,17.6894142933906
Cabo Verde,CPV,Sub-Saharan Africa,Upper middle income,2020,457.2,11.3449131513648
Costa Rica,CRI,Latin America & Caribbean,High income,2020,30348.7,59.4373286329808
Cuba,CUB,Latin America & Caribbean,Upper middle income,2020,32420.0,31.233140655106
Curacao,CUW,Latin America & Caribbean,High income,2020,0.7,0.157657657657658
Cayman Islands,CYM,Latin America & Caribbean,High income,2020,127.2,53.0
Cyprus,CYP,Europe & Central Asia,High income,2020,1725.3,18.6720779220779
Czechia,CZE,Europe & Central Asia,High income,2020,26770.9,34.6779919254939
Germany,DEU,Europe & Central Asia,High income,2020,114190.0,32.6826755201923
Djibouti,DJI,Middle East & North Africa,Lower middle income,2020,58.0,0.250215703192407
Dominica,DMA,Latin America & Caribbean,Upper middle income,2020,478.7,63.8266666666667
Denmark,DNK,Europe & Central Asia,High income,2020,6284.4,15.711
Dominican Republic,DOM,Latin America & Caribbean,Upper middle income,2020,21441.0,44.4852298911864
Algeria,DZA,Middle East & North Africa,Upper middle income,2020,19490.0,0.818309303282474
Ecuador,ECU,Latin America & Caribbean,Upper middle income,2020,124978.3,50.3214285714286
"Egypt, Arab Rep.",EGY,Middle East & North Africa,Lower middle income,2020,449.8,0.0451855944547692
Eritrea,ERI,Sub-Saharan Africa,Low income,2020,10552.6,8.71821523958664
Spain,ESP,Europe & Central Asia,High income,2020,185721.7,37.1773054885498
Estonia,EST,Europe & Central Asia,High income,2020,24384.0,57.0385964912281
Ethiopia,ETH,Sub-Saharan Africa,Low income,2020,170685.0,15.1239877246579
Finland,FIN,Europe & Central Asia,High income,2020,224090.0,73.7283674409423
Fiji,FJI,East Asia & Pacific,Upper middle income,2020,11400.2,62.3984674329502
France,FRA,Europe & Central Asia,High income,2020,172530.0,32.0122460339549
Faroe Islands,FRO,Europe & Central Asia,High income,2020,0.8,0.0585651537335286
"Micronesia, Fed. Sts.",FSM,East Asia & Pacific,Upper middle income,2020,644.2,92.0285714285714
Gabon,GAB,Sub-Saharan Africa,Upper middle income,2020,235306.0,91.3206814918306
United Kingdom,GBR,Europe & Central Asia,High income,2020,31900.0,13.1856322076634
Georgia,GEO,Europe & Central Asia,Upper middle income,2020,28224.0,40.6159159591308
Ghana,GHA,Sub-Saharan Africa,Lower middle income,2020,79857.1,35.0973937502747
Gibraltar,GIB,Europe & Central Asia,High income,2020,0.0,0.0
Guinea,GIN,Sub-Saharan Africa,Lower middle income,2020,61890.0,25.1872049487221
"Gambia, The",GMB,Sub-Saharan Africa,Low income,2020,2426.7,23.9792490118577
Guinea-Bissau,GNB,Sub-Saharan Africa,Low income,2020,19800.1,70.4128733997155
Equatorial Guinea,GNQ,Sub-Saharan Africa,Upper middle income,2020,24484.2,87.2877005347594
Greece,GRC,Europe & Central Asia,High income,2020,39018.0,30.2699767261443
Grenada,GRD,Latin America & Caribbean,Upper middle income,2020,177.0,52.0588235294118
Greenland,GRL,Europe & Central Asia,High income,2020,2.2,0.0005359970763795
Guatemala,GTM,Latin America & Caribbean,Upper middle income,2020,35278.0,32.9208659947742
Guam,GUM,East Asia & Pacific,High income,2020,280.0,51.8518518518518
Guyana,GUY,Latin America & Caribbean,High income,2020,184153.4,87.2186227147864
Honduras,HND,Latin America & Caribbean,Lower middle income,2020,63592.6,56.8349271606042
Croatia,HRV,Europe & Central Asia,High income,2020,19391.1,34.6517155110793
Haiti,HTI,Latin America & Caribbean,Lower middle income,2020,3473.0,12.6015965166909
Hungary,HUN,Europe & Central Asia,High income,2020,20530.1,22.4962743808898
Indonesia,IDN,East Asia & Pacific,Upper middle income,2020,921332.0,49.0717803654717
Isle of Man,IMN,Europe & Central Asia,High income,2020,34.6,6.07017543859649
India,IND,South Asia,Lower middle income,2020,721600.0,24.270228273336
Ireland,IRL,Europe & Central Asia,High income,2020,7820.2,11.3517201335462
"Iran, Islamic Rep.",IRN,Middle East & North Africa,Upper middle income,2020,107520.0,6.62681047765794
Iraq,IRQ,Middle East & North Africa,Upper middle income,2020,8250.0,1.90035242899592
Iceland,ISL,Europe & Central Asia,High income,2020,513.5,0.5092730338193
Israel,ISR,Middle East & North Africa,High income,2020,1400.0,6.46950092421442
Italy,ITA,Europe & Central Asia,High income,2020,95661.3,32.3489349614665
Jamaica,JAM,Latin America & Caribbean,Upper middle income,2020,5968.9,55.1144967682364
Jordan,JOR,Middle East & North Africa,Upper middle income,2020,975.0,1.09804716534901
Japan,JPN,East Asia & Pacific,High income,2020,249350.0,68.4087791495199
Kazakhstan,KAZ,Europe & Central Asia,Upper middle income,2020,34546.8,1.27965329481053
Kenya,KEN,Sub-Saharan Africa,Lower middle income,2020,36110.9,6.21662477880402
Kyrgyz Republic,KGZ,Europe & Central Asia,Lower middle income,2020,13153.8,6.85808133472367
Cambodia,KHM,East Asia & Pacific,Lower middle income,2020,80683.7,45.7079651031045
Kiribati,KIR,East Asia & Pacific,Lower middle income,2020,11.8,1.45679012345679
St. Kitts and Nevis,KNA,Latin America & Caribbean,High income,2020,110.0,42.3076923076923
"Korea, Rep.",KOR,East Asia & Pacific,High income,2020,62870.0,64.4159836065574
Kuwait,KWT,Middle East & North Africa,High income,2020,62.5,0.350729517396184
Lao PDR,LAO,East Asia & Pacific,Lower middle income,2020,165955.0,71.9042461005199
Lebanon,LBN,Middle East & North Africa,Lower middle income,2020,1433.3,14.010752688172
Liberia,LBR,Sub-Saharan Africa,Low income,2020,76174.4,79.0847176079734
Libya,LBY,Middle East & North Africa,Upper middle income,2020,2170.0,0.123327687918433
St. Lucia,LCA,Latin America & Caribbean,Upper middle income,2020,207.7,34.0491803278688
Liechtenstein,LIE,Europe & Central Asia,High income,2020,67.0,41.875
Sri Lanka,LKA,South Asia,Upper middle income,2020,21130.2,34.1580989330747
Lesotho,LSO,Sub-Saharan Africa,Lower middle income,2020,345.2,1.13702239789196
Lithuania,LTU,Europe & Central Asia,High income,2020,22010.0,35.1485148514851
Luxembourg,LUX,Europe & Central Asia,High income,2020,887.0,34.4538272103664
Latvia,LVA,Europe & Central Asia,High income,2020,34107.9,54.8094166800579
St. Martin (French part),MAF,Latin America & Caribbean,High income,2020,12.4,24.8
Morocco,MAR,Middle East & North Africa,Lower middle income,2020,57424.9,12.8668832623796
Monaco,MCO,Europe & Central Asia,High income,2020,0.0,0.0
Moldova,MDA,Europe & Central Asia,Upper middle income,2020,3865.0,11.7532218728523
Madagascar,MDG,Sub-Saharan Africa,Low income,2020,124298.1,21.3644035751117
Maldives,MDV,South Asia,Upper middle income,2020,8.2,2.73333333333333
Mexico,MEX,Latin America & Caribbean,Upper middle income,2020,656920.0,33.7930502327735
Marshall Islands,MHL,East Asia & Pacific,Upper middle income,2020,94.0,52.2222222222222
North Macedonia,MKD,Europe & Central Asia,Upper middle income,2020,10014.9,39.7101506740682
Mali,MLI,Sub-Saharan Africa,Low income,2020,132960.0,10.896663634352
Malta,MLT,Middle East & North Africa,High income,2020,4.6,1.4375
Myanmar,MMR,East Asia & Pacific,Lower middle income,2020,285438.9,43.7340309804342
Montenegro,MNE,Europe & Central Asia,Upper middle income,2020,8270.0,61.4869888475836
Mongolia,MNG,East Asia & Pacific,Upper middle income,2020,141727.8,9.09965848797644
Northern Mariana Islands,MNP,East Asia & Pacific,High income,2020,243.6,52.9565217391304
Mozambique,MOZ,Sub-Saharan Africa,Low income,2020,367437.6,46.7251964699
Mauritania,MRT,Sub-Saharan Africa,Lower middle income,2020,3128.0,0.303483069758417
Mauritius,MUS,Sub-Saharan Africa,Upper middle income,2020,387.7,19.4141211817727
Malawi,MWI,Sub-Saharan Africa,Low income,2020,22417.0,23.7770470937633
Malaysia,MYS,East Asia & Pacific,Upper middle income,2020,191140.4,58.1769593669152
Namibia,NAM,Sub-Saharan Africa,Lower middle income,2020,66389.0,8.06386570953127
New Caledonia,NCL,East Asia & Pacific,High income,2020,8380.2,45.8435448577681
Niger,NER,Sub-Saharan Africa,Low income,2020,10797.0,0.852372305991948
Nigeria,NGA,Sub-Saharan Africa,Lower middle income,2020,216269.5,23.7457865322749
Nicaragua,NIC,Latin America & Caribbean,Lower middle income,2020,34075.3,28.315855077281
Netherlands,NLD,Europe & Central Asia,High income,2020,3695.0,10.974160974161
Norway,NOR,Europe & Central Asia,High income,2020,121800.0,33.4353596771758
Nepal,NPL,South Asia,Lower middle income,2020,59620.3,41.5907220090687
Naoero,NRU,East Asia & Pacific,High income,2020,0.0,0.0
New Zealand,NZL,East Asia & Pacific,High income,2020,98925.9,37.5701264669021
Oman,OMN,Middle East & North Africa,High income,2020,25.0,0.0080775444264943
Pakistan,PAK,Middle East & North Africa,Lower middle income,2020,37259.0,4.83330738895807
Panama,PAN,Latin America & Caribbean,High income,2020,42138.4,56.8056079805878
Peru,PER,Latin America & Caribbean,Upper middle income,2020,723303.7,56.5081015625
Philippines,PHL,East Asia & Pacific,Upper middle income,2020,71885.9,24.1090317604051
Palau,PLW,East Asia & Pacific,High income,2020,414.1,90.0217391304348
Papua New Guinea,PNG,East Asia & Pacific,Lower middle income,2020,358557.6,79.1762575630438
Poland,POL,Europe & Central Asia,High income,2020,94830.0,30.9770358997811
Puerto Rico (US),PRI,Latin America & Caribbean,High income,2020,4963.3,55.95603156708
"Korea, Dem. People's Rep.",PRK,East Asia & Pacific,Low income,2020,60300.0,50.0788971015696
Portugal,PRT,Europe & Central Asia,High income,2020,33120.0,36.154994891142
Paraguay,PRY,Latin America & Caribbean,Upper middle income,2020,161022.6,40.5292222501888
West Bank and Gaza,PSE,Middle East & North Africa,Lower middle income,2020,101.4,1.6843853820598
French Polynesia,PYF,East Asia & Pacific,High income,2020,1494.6,43.0596369922213
Qatar,QAT,Middle East & North Africa,High income,2020,0.0,0.0
Romania,ROU,Europe & Central Asia,High income,2020,69290.5,30.1158292767733
Russian Federation,RUS,Europe & Central Asia,High income,2020,8153120.0,49.7843605035639
Rwanda,RWA,Sub-Saharan Africa,Low income,2020,2760.0,11.1876773408999
Saudi Arabia,SAU,Middle East & North Africa,High income,2020,9770.0,0.454484134921779
Sudan,SDN,Sub-Saharan Africa,Low income,2020,183600.0,9.82869379014989
Senegal,SEN,Sub-Saharan Africa,Lower middle income,2020,80681.6,41.9059886770893
Singapore,SGP,East Asia & Pacific,High income,2020,155.7,21.6852367688022
Solomon Islands,SLB,East Asia & Pacific,Lower middle income,2020,25229.7,90.1382636655948
Sierra Leone,SLE,Sub-Saharan Africa,Low income,2020,25348.8,35.1188694929343
El Salvador,SLV,Latin America & Caribbean,Upper middle income,2020,5838.8,28.1795366795367
San Marino,SMR,Europe & Central Asia,High income,2020,10.0,16.6666666666667
"Somalia, Fed. Rep.",SOM,Sub-Saharan Africa,Low income,2020,59800.0,9.53231102751299
Serbia,SRB,Europe & Central Asia,Upper middle income,2020,27226.5,32.3778094898323
South Sudan,SSD,Sub-Saharan Africa,Low income,2020,71570.0,11.3256215087114
Sao Tome and Principe,STP,Sub-Saharan Africa,Lower middle income,2020,519.0,54.0625
Suriname,SUR,Latin America & Caribbean,Upper middle income,2020,151962.9,94.6764455591856
Slovak Republic,SVK,Europe & Central Asia,High income,2020,19259.0,40.05615640599
Slovenia,SVN,Europe & Central Asia,High income,2020,12378.3,61.4722591923085
Sweden,SWE,Europe & Central Asia,High income,2020,279800.0,68.6996660773915
Eswatini,SWZ,Sub-Saharan Africa,Lower middle income,2020,4975.6,28.9279069767442
Sint Maarten (Dutch part),SXM,Latin America & Caribbean,High income,2020,3.7,10.8823529411765
Seychelles,SYC,Sub-Saharan Africa,High income,2020,337.0,73.2608695652174
Syrian Arab Republic,SYR,Middle East & North Africa,Low income,2020,5220.8,2.84310842454937
Turks and Caicos Islands,TCA,Latin America & Caribbean,High income,2020,105.2,11.0736842105263
Chad,TCD,Sub-Saharan Africa,Low income,2020,43130.0,3.42519059720457
Togo,TGO,Sub-Saharan Africa,Lower middle income,2020,12092.7,22.2333149476007
Thailand,THA,East Asia & Pacific,Upper middle income,2020,198730.0,38.8987844741529
Tajikistan,TJK,Europe & Central Asia,Lower middle income,2020,4238.0,3.0535341162908
Turkmenistan,TKM,Europe & Central Asia,Upper middle income,2020,41270.0,8.78215904496414
Timor-Leste,TLS,East Asia & Pacific,Lower middle income,2020,9211.0,61.9435104236718
Tonga,TON,East Asia & Pacific,Upper middle income,2020,89.5,12.4305555555556
Trinidad and Tobago,TTO,Latin America & Caribbean,High income,2020,2281.9,44.4814814814815
Tunisia,TUN,Middle East & North Africa,Lower middle income,2020,7027.3,4.52323635427395
Turkiye,TUR,Europe & Central Asia,Upper middle income,2020,222203.6,28.8714836999597
Tuvalu,TUV,East Asia & Pacific,Upper middle income,2020,10.0,33.3333333333333
Tanzania,TZA,Sub-Saharan Africa,Lower middle income,2020,457450.0,51.642582975841
Uganda,UGA,Sub-Saharan Africa,Low income,2020,23379.0,11.6591861160981
Ukraine,UKR,Europe & Central Asia,Upper middle income,2020,96900.0,16.7241974456334
Uruguay,URY,Latin America & Caribbean,High income,2020,20310.0,11.6043880699349
United States,USA,North America,High income,2020,3097950.0,33.8669264120375
Uzbekistan,UZB,Europe & Central Asia,Lower middle income,2020,36896.6,8.37322137751049
St. Vincent and the Grenadines,VCT,Latin America & Caribbean,Upper middle income,2020,285.4,73.1794871794872
"Venezuela, RB",VEN,Latin America & Caribbean,Lower middle income,2020,462309.0,52.4130151351964
British Virgin Islands,VGB,Latin America & Caribbean,High income,2020,36.2,24.1333333333333
Virgin Islands (U.S.),VIR,Latin America & Caribbean,High income,2020,199.1,56.8857142857143
Viet Nam,VNM,East Asia & Pacific,Upper middle income,2020,146430.9,46.7190017515929
Vanuatu,VUT,East Asia & Pacific,Lower middle income,2020,4423.0,36.2838392124692
Samoa,WSM,East Asia & Pacific,Upper middle income,2020,1616.7,58.1546762589928
"Yemen, Rep.",YEM,Middle East & North Africa,Low income,2020,5490.0,1.03983180862549
South Africa,ZAF,Sub-Saharan Africa,Upper middle income,2020,170500.9,14.055090718743
Zambia,ZMB,Sub-Saharan Africa,Lower middle income,2020,448140.3,60.283337144702
Zimbabwe,ZWE,Sub-Saharan Africa,Lower middle income,2020,174445.8,45.0939123691353
Aruba,ABW,Latin America & Caribbean,High income,2021,4.2,2.33333333333333
Afghanistan,AFG,Middle East & North Africa,Low income,2021,12084.4,1.85278199408184
Angola,AGO,Sub-Saharan Africa,Lower middle income,2021,660523.133,52.9817223871019
Albania,ALB,Europe & Central Asia,Upper middle income,2021,7889.0,28.7919708029197
Andorra,AND,Europe & Central Asia,High income,2021,160.0,34.0425531914894
United Arab Emirates,ARE,Middle East & North Africa,High income,2021,3173.0,4.46775556181357
Argentina,ARG,Latin America & Caribbean,Upper middle income,2021,284640.0,10.4008857415345
Armenia,ARM,Europe & Central Asia,Upper middle income,2021,3282.6,11.641626848728
American Samoa,ASM,East Asia & Pacific,High income,2021,171.0,85.5
Antigua and Barbuda,ATG,Latin America & Caribbean,High income,2021,80.533,18.3029545454545
Australia,AUS,East Asia & Pacific,High income,2021,1340051.0,17.4213145571644
Austria,AUT,Europe & Central Asia,High income,2021,38926.4,47.1720794958798
Azerbaijan,AZE,Europe & Central Asia,Upper middle income,2021,11432.967,13.8329909255898
Burundi,BDI,Sub-Saharan Africa,Low income,2021,2796.4,10.8894080996885
Belgium,BEL,Europe & Central Asia,High income,2021,6893.0,22.604446776415
Benin,BEN,Sub-Saharan Africa,Lower middle income,2021,30851.5,27.3603228095069
Burkina Faso,BFA,Sub-Saharan Africa,Low income,2021,61664.0,22.5380116959064
Bangladesh,BGD,South Asia,Lower middle income,2021,18834.0,14.4687716063609
Bulgaria,BGR,Europe & Central Asia,High income,2021,39060.0,35.9801031687546
Bahrain,BHR,Middle East & North Africa,High income,2021,7.2,0.911392405063291
"Bahamas, The",BHS,Latin America & Caribbean,High income,2021,5098.6,50.9350649350649
Bosnia and Herzegovina,BIH,Europe & Central Asia,Upper middle income,2021,21879.1,42.7326171875
Belarus,BLR,Europe & Central Asia,Upper middle income,2021,87821.0,43.2722345405272
Belize,BLZ,Latin America & Caribbean,Upper middle income,2021,12658.9,55.4971503726436
Bermuda,BMU,North America,High income,2021,10.0,18.5185185185185
Bolivia,BOL,Latin America & Caribbean,Lower middle income,2021,506207.733,46.7283054555525
Brazil,BRA,Latin America & Caribbean,Upper middle income,2021,4953910.0,59.2704836243471
Barbados,BRB,Latin America & Caribbean,High income,2021,63.0,14.6511627906977
Brunei Darussalam,BRN,East Asia & Pacific,High income,2021,3800.0,72.1062618595825
Bhutan,BTN,South Asia,Lower middle income,2021,27270.0,71.4997378080755
Botswana,BWA,Sub-Saharan Africa,Upper middle income,2021,151364.0,26.7083090713391
Central African Republic,CAF,Sub-Saharan Africa,Low income,2021,222730.0,35.7523516003724
Canada,CAN,North America,High income,2021,3468911.133,39.4701279256318
Switzerland,CHE,Europe & Central Asia,High income,2021,12725.5,32.2086033202538
Channel Islands,CHI,Europe & Central Asia,High income,2021,10.2,5.15151515151515
Chile,CHL,Latin America & Caribbean,High income,2021,183336.2,24.6807203850391
China,CHN,East Asia & Pacific,Upper middle income,2021,2218580.0,23.6315548970464
Cote d'Ivoire,CIV,Sub-Saharan Africa,Lower middle income,2021,27238.267,8.5654927672956
Cameroon,CMR,Sub-Saharan Africa,Lower middle income,2021,202844.8,42.9110448266379
"Congo, Dem. Rep.",COD,Sub-Saharan Africa,Low income,2021,1250540.0,55.1615535607949
"Congo, Rep.",COG,Sub-Saharan Africa,Lower middle income,2021,219310.0,64.2196193265007
Colombia,COL,Latin America & Caribbean,Upper middle income,2021,589426.267,53.1253958539883
Comoros,COM,Sub-Saharan Africa,Lower middle income,2021,324.8,17.4529822675981
Cabo Verde,CPV,Sub-Saharan Africa,Upper middle income,2021,460.2,11.4193548387097
Costa Rica,CRI,Latin America & Caribbean,High income,2021,30512.4,59.7579318448884
Cuba,CUB,Latin America & Caribbean,Upper middle income,2021,32420.0,31.233140655106
Curacao,CUW,Latin America & Caribbean,High income,2021,0.7,0.157657657657658
Cayman Islands,CYM,Latin America & Caribbean,High income,2021,126.6,52.75
Cyprus,CYP,Europe & Central Asia,High income,2021,1725.1,18.6699134199134
Czechia,CZE,Europe & Central Asia,High income,2021,26789.0,34.7066980208929
Germany,DEU,Europe & Central Asia,High income,2021,114190.0,32.6826755201923
Djibouti,DJI,Middle East & North Africa,Lower middle income,2021,58.733,0.253377911993098
Dominica,DMA,Latin America & Caribbean,Upper middle income,2021,478.7,63.8266666666667
Denmark,DNK,Europe & Central Asia,High income,2021,6293.8,15.7345
Dominican Republic,DOM,Latin America & Caribbean,Upper middle income,2021,21521.9,44.6530791098888
Algeria,DZA,Middle East & North Africa,Upper middle income,2021,19580.0,0.822088053271978
Ecuador,ECU,Latin America & Caribbean,Upper middle income,2021,124335.6,50.0626509904977
"Egypt, Arab Rep.",EGY,Middle East & North Africa,Lower middle income,2021,449.8,0.0451855944547692
Eritrea,ERI,Sub-Saharan Africa,Low income,2021,10521.0,8.68225472898591
Spain,ESP,Europe & Central Asia,High income,2021,185764.6,37.1727521093233
Estonia,EST,Europe & Central Asia,High income,2021,24384.0,57.0385964912281
Ethiopia,ETH,Sub-Saharan Africa,Low income,2021,169955.0,15.0601822445542
Finland,FIN,Europe & Central Asia,High income,2021,224090.0,73.7264996576714
Fiji,FJI,East Asia & Pacific,Upper middle income,2021,11467.0,62.7640941434045
France,FRA,Europe & Central Asia,High income,2021,173364.0,32.1669913721124
Faroe Islands,FRO,Europe & Central Asia,High income,2021,0.8,0.0583941605839416
"Micronesia, Fed. Sts.",FSM,East Asia & Pacific,Upper middle income,2021,644.5,92.0714285714286
Gabon,GAB,Sub-Saharan Africa,Upper middle income,2021,235187.2,91.2745760080723
United Kingdom,GBR,Europe & Central Asia,High income,2021,31986.667,13.2214553796553
Georgia,GEO,Europe & Central Asia,Upper middle income,2021,28224.0,40.6159159591308
Ghana,GHA,Sub-Saharan Africa,Lower middle income,2021,79929.333,35.1286771589176
Gibraltar,GIB,Europe & Central Asia,High income,2021,0.0,0.0
Guinea,GIN,Sub-Saharan Africa,Lower middle income,2021,61490.0,25.0244180367898
"Gambia, The",GMB,Sub-Saharan Africa,Low income,2021,2369.333,23.4123814229249
Guinea-Bissau,GNB,Sub-Saharan Africa,Low income,2021,19715.7,70.1127311522048
Equatorial Guinea,GNQ,Sub-Saharan Africa,Upper middle income,2021,24400.6,86.9896613190731
Greece,GRC,Europe & Central Asia,High income,2021,39018.0,30.2699767261443
Grenada,GRD,Latin America & Caribbean,Upper middle income,2021,177.0,52.0588235294118
Greenland,GRL,Europe & Central Asia,High income,2021,2.2,0.0005359970763795
Guatemala,GTM,Latin America & Caribbean,Upper middle income,2021,35162.0,32.812616648003
Guam,GUM,East Asia & Pacific,High income,2021,280.0,51.8518518518518
Guyana,GUY,Latin America & Caribbean,High income,2021,184061.333,87.1750179975372
Honduras,HND,Latin America & Caribbean,Lower middle income,2021,63383.1,56.6476896952364
Croatia,HRV,Europe & Central Asia,High income,2021,19416.1,34.6963902787706
Haiti,HTI,Latin America & Caribbean,Lower middle income,2021,3441.9,12.4887518142235
Hungary,HUN,Europe & Central Asia,High income,2021,20515.567,22.4803495507342
Indonesia,IDN,East Asia & Pacific,Upper middle income,2021,915276.633,48.3619448681206
Isle of Man,IMN,Europe & Central Asia,High income,2021,34.6,6.07017543859649
India,IND,South Asia,Lower middle income,2021,724260.0,24.3596944695764
Ireland,IRL,Europe & Central Asia,High income,2021,7860.2,11.4097837131659
"Iran, Islamic Rep.",IRN,Middle East & North Africa,Upper middle income,2021,107660.0,6.63543913713405
Iraq,IRQ,Middle East & North Africa,Upper middle income,2021,8250.0,1.90035242899592
Iceland,ISL,Europe & Central Asia,High income,2021,520.0,0.515719527918278
Israel,ISR,Middle East & North Africa,High income,2021,1400.0,6.46950092421442
Italy,ITA,Europe & Central Asia,High income,2021,96199.4,32.5308994748357
Jamaica,JAM,Latin America & Caribbean,Upper middle income,2021,6007.733,55.4730655586334
Jordan,JOR,Middle East & North Africa,Upper middle income,2021,975.0,1.09804716534901
Japan,JPN,East Asia & Pacific,High income,2021,249350.0,68.4087791495199
Kazakhstan,KAZ,Europe & Central Asia,Upper middle income,2021,34839.192,1.29048383153684
Kenya,KEN,Sub-Saharan Africa,Lower middle income,2021,36110.9,6.21662477880402
Kyrgyz Republic,KGZ,Europe & Central Asia,Lower middle income,2021,13336.2,6.95318039624609
Cambodia,KHM,East Asia & Pacific,Lower middle income,2021,79126.8,44.825968728756
Kiribati,KIR,East Asia & Pacific,Lower middle income,2021,11.8,1.45679012345679
St. Kitts and Nevis,KNA,Latin America & Caribbean,High income,2021,110.0,42.3076923076923
"Korea, Rep.",KOR,East Asia & Pacific,High income,2021,62770.0,64.3135245901639
Kuwait,KWT,Middle East & North Africa,High income,2021,62.5,0.350729517396184
Lao PDR,LAO,East Asia & Pacific,Lower middle income,2021,165610.0,71.7547660311958
Lebanon,LBN,Middle East & North Africa,Lower middle income,2021,1439.3,14.069403714565
Liberia,LBR,Sub-Saharan Africa,Low income,2021,75871.8,78.7705564784053
Libya,LBY,Middle East & North Africa,Upper middle income,2021,2170.0,0.123327687918433
St. Lucia,LCA,Latin America & Caribbean,Upper middle income,2021,207.7,34.0491803278688
Liechtenstein,LIE,Europe & Central Asia,High income,2021,67.0,41.875
Sri Lanka,LKA,South Asia,Upper middle income,2021,21098.6,34.1070158422244
Lesotho,LSO,Sub-Saharan Africa,Lower middle income,2021,345.2,1.13702239789196
Lithuania,LTU,Europe & Central Asia,High income,2021,22026.667,35.1807490816164
Luxembourg,LUX,Europe & Central Asia,High income,2021,887.0,34.4538272103664
Latvia,LVA,Europe & Central Asia,High income,2021,34146.6,54.8716053350474
St. Martin (French part),MAF,Latin America & Caribbean,High income,2021,12.4,24.8
Morocco,MAR,Middle East & North Africa,Lower middle income,2021,57529.567,12.8903354246023
Monaco,MCO,Europe & Central Asia,High income,2021,0.0,0.0
Moldova,MDA,Europe & Central Asia,Upper middle income,2021,3865.0,11.7512921860748
Madagascar,MDG,Sub-Saharan Africa,Low income,2021,124165.967,21.3416925060158
Maldives,MDV,South Asia,Upper middle income,2021,8.2,2.73333333333333
Mexico,MEX,Latin America & Caribbean,Upper middle income,2021,655640.0,33.727204917822
Marshall Islands,MHL,East Asia & Pacific,Upper middle income,2021,94.0,52.2222222222222
North Macedonia,MKD,Europe & Central Asia,Upper middle income,2021,10014.9,39.7101506740682
Mali,MLI,Sub-Saharan Africa,Low income,2021,132960.0,10.896663634352
Malta,MLT,Middle East & North Africa,High income,2021,4.6,1.4375
Myanmar,MMR,East Asia & Pacific,Lower middle income,2021,282541.8,43.2901466284646
Montenegro,MNE,Europe & Central Asia,Upper middle income,2021,8270.0,61.4869888475836
Mongolia,MNG,East Asia & Pacific,Upper middle income,2021,141716.7,9.09894465963877
Northern Mariana Islands,MNP,East Asia & Pacific,High income,2021,243.6,52.9565217391304
Mozambique,MOZ,Sub-Saharan Africa,Low income,2021,364976.047,46.412173122409
Mauritania,MRT,Sub-Saharan Africa,Lower middle income,2021,3073.667,0.298211603764432
Mauritius,MUS,Sub-Saharan Africa,Upper middle income,2021,388.1,19.4341512268403
Malawi,MWI,Sub-Saharan Africa,Low income,2021,21997.0,23.3315655494272
Malaysia,MYS,East Asia & Pacific,Upper middle income,2021,190638.9,58.0243189773246
Namibia,NAM,Sub-Saharan Africa,Lower middle income,2021,65678.9,7.97761420641572
New Caledonia,NCL,East Asia & Pacific,High income,2021,8379.2,45.8380743982495
Niger,NER,Sub-Saharan Africa,Low income,2021,10672.8,0.842567300860504
Nigeria,NGA,Sub-Saharan Africa,Lower middle income,2021,214636.5,23.5664876972232
Nicaragua,NIC,Latin America & Caribbean,Lower middle income,2021,33075.3,27.4848761841449
Netherlands,NLD,Europe & Central Asia,High income,2021,3704.367,11.001980991981
Norway,NOR,Europe & Central Asia,High income,2021,121878.0,33.4581491750625
Nepal,NPL,South Asia,Lower middle income,2021,59620.3,41.5907220090687
Naoero,NRU,East Asia & Pacific,High income,2021,0.0,0.0
New Zealand,NZL,East Asia & Pacific,High income,2021,99085.267,37.6306509437545
Oman,OMN,Middle East & North Africa,High income,2021,24.333,0.0078620355411954
Pakistan,PAK,Middle East & North Africa,Lower middle income,2021,36845.6,4.7796803652968
Panama,PAN,Latin America & Caribbean,High income,2021,42024.233,56.6517026152602
Peru,PER,Latin America & Caribbean,Upper middle income,2021,721575.333,56.373072890625
Philippines,PHL,East Asia & Pacific,Upper middle income,2021,72234.8,24.226045544488
Palau,PLW,East Asia & Pacific,High income,2021,414.9,90.195652173913
Papua New Guinea,PNG,East Asia & Pacific,Lower middle income,2021,358222.3,79.1022170207128
Poland,POL,Europe & Central Asia,High income,2021,94950.0,31.0192747468148
Puerto Rico (US),PRI,Latin America & Caribbean,High income,2021,4968.2,56.011273957159
"Korea, Dem. People's Rep.",PRK,East Asia & Pacific,Low income,2021,60090.0,49.9044929823104
Portugal,PRT,Europe & Central Asia,High income,2021,33120.0,36.154994891142
Paraguay,PRY,Latin America & Caribbean,Upper middle income,2021,158229.267,39.8261432167128
West Bank and Gaza,PSE,Middle East & North Africa,Lower middle income,2021,101.4,1.68298755186722
French Polynesia,PYF,East Asia & Pacific,High income,2021,1494.6,43.0596369922213
Qatar,QAT,Middle East & North Africa,High income,2021,0.0,0.0
Romania,ROU,Europe & Central Asia,High income,2021,69290.5,30.1158292767733
Russian Federation,RUS,Europe & Central Asia,High income,2021,8153120.0,49.7843605035639
Rwanda,RWA,Sub-Saharan Africa,Low income,2021,2770.0,11.2282124037292
Saudi Arabia,SAU,Middle East & North Africa,High income,2021,9770.0,0.454484134921779
Sudan,SDN,Sub-Saharan Africa,Low income,2021,181870.0,9.73608137044968
Senegal,SEN,Sub-Saharan Africa,Lower middle income,2021,80281.6,41.6982288474523
Singapore,SGP,East Asia & Pacific,High income,2021,153.9,21.4345403899721
Solomon Islands,SLB,East Asia & Pacific,Lower middle income,2021,25222.4,90.1121829224723
Sierra Leone,SLE,Sub-Saharan Africa,Low income,2021,25151.5,34.8455250761984
El Salvador,SLV,Latin America & Caribbean,Upper middle income,2021,5793.8,27.9623552123552
San Marino,SMR,Europe & Central Asia,High income,2021,10.0,16.6666666666667
"Somalia, Fed. Rep.",SOM,Sub-Saharan Africa,Low income,2021,59032.5,9.40996907578028
Serbia,SRB,Europe & Central Asia,Upper middle income,2021,27229.4,32.3812581757641
South Sudan,SSD,Sub-Saharan Africa,Low income,2021,71570.0,11.3256215087114
Sao Tome and Principe,STP,Sub-Saharan Africa,Lower middle income,2021,512.8,53.4166666666667
Suriname,SUR,Latin America & Caribbean,Upper middle income,2021,151840.433,94.6001457500987
Slovak Republic,SVK,Europe & Central Asia,High income,2021,19259.0,40.05615640599
Slovenia,SVN,Europe & Central Asia,High income,2021,12357.933,61.3711140025029
Sweden,SWE,Europe & Central Asia,High income,2021,279800.0,68.6996660773915
Eswatini,SWZ,Sub-Saharan Africa,Lower middle income,2021,4987.7,28.9982558139535
Sint Maarten (Dutch part),SXM,Latin America & Caribbean,High income,2021,3.7,10.8823529411765
Seychelles,SYC,Sub-Saharan Africa,High income,2021,337.0,73.2608695652174
Syrian Arab Republic,SYR,Middle East & North Africa,Low income,2021,5220.8,2.84310842454937
Turks and Caicos Islands,TCA,Latin America & Caribbean,High income,2021,105.2,11.0736842105263
Chad,TCD,Sub-Saharan Africa,Low income,2021,42013.333,3.33650992693774
Togo,TGO,Sub-Saharan Africa,Lower middle income,2021,12063.1,22.1788931788932
Thailand,THA,East Asia & Pacific,Upper middle income,2021,198370.0,38.8283192076572
Tajikistan,TJK,Europe & Central Asia,Lower middle income,2021,4248.0,3.0607392463434
Turkmenistan,TKM,Europe & Central Asia,Upper middle income,2021,41270.0,8.78215904496414
Timor-Leste,TLS,East Asia & Pacific,Lower middle income,2021,9197.0,61.8493611297915
Tonga,TON,East Asia & Pacific,Upper middle income,2021,89.5,12.4305555555556
Trinidad and Tobago,TTO,Latin America & Caribbean,High income,2021,2277.7,44.3996101364522
Tunisia,TUN,Middle East & North Africa,Lower middle income,2021,7042.6,4.53308444902163
Turkiye,TUR,Europe & Central Asia,Upper middle income,2021,223763.6,29.0741785013578
Tuvalu,TUV,East Asia & Pacific,Upper middle income,2021,10.0,33.3333333333333
Tanzania,TZA,Sub-Saharan Africa,Lower middle income,2021,452760.0,51.1131180853466
Uganda,UGA,Sub-Saharan Africa,Low income,2021,22966.433,11.4534375623379
Ukraine,UKR,Europe & Central Asia,Upper middle income,2021,96960.0,16.7345529858474
Uruguay,URY,Latin America & Caribbean,High income,2021,20520.0,11.7243743572163
United States,USA,North America,High income,2021,3097950.0,33.8669264120375
Uzbekistan,UZB,Europe & Central Asia,Lower middle income,2021,37155.0,8.43180461723851
St. Vincent and the Grenadines,VCT,Latin America & Caribbean,Upper middle income,2021,285.4,73.1794871794872
"Venezuela, RB",VEN,Latin America & Caribbean,Lower middle income,2021,461733.6,52.3477807380534
British Virgin Islands,VGB,Latin America & Caribbean,High income,2021,36.2,24.1333333333333
Virgin Islands (U.S.),VIR,Latin America & Caribbean,High income,2021,200.6,57.3142857142857
Viet Nam,VNM,East Asia & Pacific,Upper middle income,2021,147189.9,46.9611618580284
Vanuatu,VUT,East Asia & Pacific,Lower middle income,2021,4423.0,36.2838392124692
Samoa,WSM,East Asia & Pacific,Upper middle income,2021,1611.9,57.9820143884892
"Yemen, Rep.",YEM,Middle East & North Africa,Low income,2021,5490.0,1.03983180862549
South Africa,ZAF,Sub-Saharan Africa,Upper middle income,2021,170136.9,14.0250847010527
Zambia,ZMB,Sub-Saharan Africa,Lower middle income,2021,446258.133,60.0301501230848
Zimbabwe,ZWE,Sub-Saharan Africa,Lower middle income,2021,173985.1,44.9748222825385
Aruba,ABW,Latin America & Caribbean,High income,2022,4.2,2.33333333333333
Afghanistan,AFG,Middle East & North Africa,Low income,2022,12084.4,1.85278199408184
Angola,AGO,Sub-Saharan Africa,Lower middle income,2022,654972.511,52.5364972326943
Albania,ALB,Europe & Central Asia,Upper middle income,2022,7889.0,28.7919708029197
Andorra,AND,Europe & Central Asia,High income,2022,160.0,34.0425531914894
United Arab Emirates,ARE,Middle East & North Africa,High income,2022,3173.0,4.46775556181357
Argentina,ARG,Latin America & Caribbean,Upper middle income,2022,283550.0,10.3610566048767
Armenia,ARM,Europe & Central Asia,Upper middle income,2022,3280.5,11.6336717932132
American Samoa,ASM,East Asia & Pacific,High income,2022,170.7,85.35
Antigua and Barbuda,ATG,Latin America & Caribbean,High income,2022,79.911,18.1615909090909
Australia,AUS,East Asia & Pacific,High income,2022,1340051.0,17.4213145571644
Austria,AUT,Europe & Central Asia,High income,2022,38954.5,47.206131846825
Azerbaijan,AZE,Europe & Central Asia,Upper middle income,2022,11548.256,13.9724815486993
Burundi,BDI,Sub-Saharan Africa,Low income,2022,2796.4,10.8894080996885
Belgium,BEL,Europe & Central Asia,High income,2022,6893.0,22.604446776415
Benin,BEN,Sub-Saharan Africa,Lower middle income,2022,30351.5,26.9169031571479
Burkina Faso,BFA,Sub-Saharan Africa,Low income,2022,61164.0,22.3552631578947
Bangladesh,BGD,South Asia,Lower middle income,2022,18834.0,14.458774758176
Bulgaria,BGR,Europe & Central Asia,High income,2022,39190.0,36.0998526160649
Bahrain,BHR,Middle East & North Africa,High income,2022,7.4,0.936708860759494
"Bahamas, The",BHS,Latin America & Caribbean,High income,2022,5098.6,50.9350649350649
Bosnia and Herzegovina,BIH,Europe & Central Asia,Upper middle income,2022,21879.1,42.7326171875
Belarus,BLR,Europe & Central Asia,Upper middle income,2022,87966.0,43.3351396620523
Belize,BLZ,Latin America & Caribbean,Upper middle income,2022,12547.3,55.0078912757563
Bermuda,BMU,North America,High income,2022,10.0,18.5185185185185
Bolivia,BOL,Latin America & Caribbean,Lower middle income,2022,504164.444,46.5396883596418
Brazil,BRA,Latin America & Caribbean,Upper middle income,2022,4941960.0,59.1275092305226
Barbados,BRB,Latin America & Caribbean,High income,2022,63.0,14.6511627906977
Brunei Darussalam,BRN,East Asia & Pacific,High income,2022,3800.0,72.1062618595825
Bhutan,BTN,South Asia,Lower middle income,2022,27290.0,71.5521761929733
Botswana,BWA,Sub-Saharan Africa,Upper middle income,2022,150181.0,26.4995676953752
Central African Republic,CAF,Sub-Saharan Africa,Low income,2022,222430.0,35.7041959613471
Canada,CAN,North America,High income,2022,3468541.311,39.4659199995449
Switzerland,CHE,Europe & Central Asia,High income,2022,12759.9,32.2956707010417
Chile,CHL,Latin America & Caribbean,High income,2022,184565.266,24.8461772576085
China,CHN,East Asia & Pacific,Upper middle income,2022,2237370.0,23.8316995465589
Cote d'Ivoire,CIV,Sub-Saharan Africa,Lower middle income,2022,26109.389,8.21049968553459
Cameroon,CMR,Sub-Saharan Africa,Lower middle income,2022,202284.8,42.7925789596158
"Congo, Dem. Rep.",COD,Sub-Saharan Africa,Low income,2022,1239520.0,54.6754592973247
"Congo, Rep.",COG,Sub-Saharan Africa,Lower middle income,2022,219160.0,64.1756954612006
Colombia,COL,Latin America & Caribbean,Upper middle income,2022,587433.389,52.9457763857593
Comoros,COM,Sub-Saharan Africa,Lower middle income,2022,320.4,17.2165502418055
Cabo Verde,CPV,Sub-Saharan Africa,Upper middle income,2022,463.2,11.4937965260546
Costa Rica,CRI,Latin America & Caribbean,High income,2022,30676.1,60.0785350567959
Cuba,CUB,Latin America & Caribbean,Upper middle income,2022,32420.0,31.233140655106
Curacao,CUW,Latin America & Caribbean,High income,2022,0.7,0.157657657657658
Cayman Islands,CYM,Latin America & Caribbean,High income,2022,126.4,52.6666666666667
Cyprus,CYP,Europe & Central Asia,High income,2022,1724.9,18.6677489177489
Czechia,CZE,Europe & Central Asia,High income,2022,26807.1,34.7369431785448
Germany,DEU,Europe & Central Asia,High income,2022,114190.0,32.685482024273
Djibouti,DJI,Middle East & North Africa,Lower middle income,2022,59.644,0.257308024158758
Dominica,DMA,Latin America & Caribbean,Upper middle income,2022,478.7,63.8266666666667
Denmark,DNK,Europe & Central Asia,High income,2022,6303.2,15.758
Dominican Republic,DOM,Latin America & Caribbean,Upper middle income,2022,21602.8,44.8209283285911
Algeria,DZA,Middle East & North Africa,Upper middle income,2022,19680.0,0.826286664371426
Ecuador,ECU,Latin America & Caribbean,Upper middle income,2022,123692.9,49.8038734095668
"Egypt, Arab Rep.",EGY,Middle East & North Africa,Lower middle income,2022,449.8,0.0451855944547692
Eritrea,ERI,Sub-Saharan Africa,Low income,2022,10489.4,8.65617743125414
Spain,ESP,Europe & Central Asia,High income,2022,185807.5,37.1827922798055
Estonia,EST,Europe & Central Asia,High income,2022,24384.0,57.0652937046572
Ethiopia,ETH,Sub-Saharan Africa,Low income,2022,169225.0,14.9955852855138
Finland,FIN,Europe & Central Asia,High income,2022,224090.0,73.7264996576714
Fiji,FJI,East Asia & Pacific,Upper middle income,2022,11533.8,63.1297208538588
France,FRA,Europe & Central Asia,High income,2022,174198.0,32.32173671027
Faroe Islands,FRO,Europe & Central Asia,High income,2022,0.8,0.0583941605839416
"Micronesia, Fed. Sts.",FSM,East Asia & Pacific,Upper middle income,2022,644.8,92.1142857142857
Gabon,GAB,Sub-Saharan Africa,Upper middle income,2022,235068.4,91.228470524314
United Kingdom,GBR,Europe & Central Asia,High income,2022,32069.0,13.2554871243748
Georgia,GEO,Europe & Central Asia,Upper middle income,2022,28224.0,40.6159159591308
Ghana,GHA,Sub-Saharan Africa,Lower middle income,2022,80001.611,35.1604431005612
Gibraltar,GIB,Europe & Central Asia,High income,2022,0.0,0.0
Guinea,GIN,Sub-Saharan Africa,Lower middle income,2022,61090.0,24.8616311248576
"Gambia, The",GMB,Sub-Saharan Africa,Low income,2022,2312.011,22.8459584980237
Guinea-Bissau,GNB,Sub-Saharan Africa,Low income,2022,19631.3,69.8125889046942
Equatorial Guinea,GNQ,Sub-Saharan Africa,Upper middle income,2022,24317.0,86.6916221033868
Greece,GRC,Europe & Central Asia,High income,2022,39018.0,30.2699767261443
Grenada,GRD,Latin America & Caribbean,Upper middle income,2022,177.0,52.0588235294118
Greenland,GRL,Europe & Central Asia,High income,2022,2.2,0.0005359970763795
Guatemala,GTM,Latin America & Caribbean,Upper middle income,2022,35046.0,32.7043673012318
Guam,GUM,East Asia & Pacific,High income,2022,280.0,51.8518518518518
Guyana,GUY,Latin America & Caribbean,High income,2022,183969.311,87.1314345931609
Honduras,HND,Latin America & Caribbean,Lower middle income,2022,63173.6,56.4604522298686
Croatia,HRV,Europe & Central Asia,High income,2022,19441.1,34.7410650464618
Haiti,HTI,Latin America & Caribbean,Lower middle income,2022,3410.8,12.3759071117562
Hungary,HUN,Europe & Central Asia,High income,2022,20500.989,22.4643754109139
Indonesia,IDN,East Asia & Pacific,Upper middle income,2022,909221.311,48.0419900717626
Isle of Man,IMN,Europe & Central Asia,High income,2022,34.6,6.07017543859649
India,IND,South Asia,Lower middle income,2022,726930.0,24.4494970049005
Ireland,IRL,Europe & Central Asia,High income,2022,7900.2,11.4678472927856
"Iran, Islamic Rep.",IRN,Middle East & North Africa,Upper middle income,2022,107760.0,6.64160246533128
Iraq,IRQ,Middle East & North Africa,Upper middle income,2022,8250.0,1.90035242899592
Iceland,ISL,Europe & Central Asia,High income,2022,526.6,0.522265198849549
Israel,ISR,Middle East & North Africa,High income,2022,1400.0,6.46950092421442
Italy,ITA,Europe & Central Asia,High income,2022,96737.5,32.7125321249831
Jamaica,JAM,Latin America & Caribbean,Upper middle income,2022,6046.611,55.8320498614958
Jordan,JOR,Middle East & North Africa,Upper middle income,2022,975.0,1.09804716534901
Japan,JPN,East Asia & Pacific,High income,2022,249350.0,68.4087791495199
Kazakhstan,KAZ,Europe & Central Asia,Upper middle income,2022,35131.589,1.3013145534689
Kenya,KEN,Sub-Saharan Africa,Lower middle income,2022,36110.9,6.21662477880402
Kyrgyz Republic,KGZ,Europe & Central Asia,Lower middle income,2022,13518.6,7.04827945776851
Cambodia,KHM,East Asia & Pacific,Lower middle income,2022,77569.9,43.9439723544074
Kiribati,KIR,East Asia & Pacific,Lower middle income,2022,11.8,1.45679012345679
St. Kitts and Nevis,KNA,Latin America & Caribbean,High income,2022,110.0,42.3076923076923
"Korea, Rep.",KOR,East Asia & Pacific,High income,2022,62670.0,64.2110655737705
Kuwait,KWT,Middle East & North Africa,High income,2022,62.5,0.350729517396184
Lao PDR,LAO,East Asia & Pacific,Lower middle income,2022,165265.0,71.6052859618717
Lebanon,LBN,Middle East & North Africa,Lower middle income,2022,1445.3,14.128054740958
Liberia,LBR,Sub-Saharan Africa,Low income,2022,75569.2,78.4563953488372
Libya,LBY,Middle East & North Africa,Upper middle income,2022,2170.0,0.123327687918433
St. Lucia,LCA,Latin America & Caribbean,Upper middle income,2022,207.7,34.0491803278688
Liechtenstein,LIE,Europe & Central Asia,High income,2022,67.0,41.875
Sri Lanka,LKA,South Asia,Upper middle income,2022,21067.0,34.0559327513741
Lesotho,LSO,Sub-Saharan Africa,Lower middle income,2022,345.2,1.13702239789196
Lithuania,LTU,Europe & Central Asia,High income,2022,22038.889,35.2036435371542
Luxembourg,LUX,Europe & Central Asia,High income,2022,887.0,34.4538272103664
Latvia,LVA,Europe & Central Asia,High income,2022,34185.3,54.933793990037
St. Martin (French part),MAF,Latin America & Caribbean,High income,2022,12.4,24.8
Morocco,MAR,Middle East & North Africa,Lower middle income,2022,57633.789,12.9136878781089
Monaco,MCO,Europe & Central Asia,High income,2022,0.0,0.0
Moldova,MDA,Europe & Central Asia,Upper middle income,2022,3865.0,11.7548661800487
Madagascar,MDG,Sub-Saharan Africa,Low income,2022,124033.789,21.3189737023032
Maldives,MDV,South Asia,Upper middle income,2022,8.2,2.73333333333333
Mexico,MEX,Latin America & Caribbean,Upper middle income,2022,654370.0,33.6618740193935
Marshall Islands,MHL,East Asia & Pacific,Upper middle income,2022,94.0,52.2222222222222
North Macedonia,MKD,Europe & Central Asia,Upper middle income,2022,10014.9,39.7101506740682
Mali,MLI,Sub-Saharan Africa,Low income,2022,132960.0,10.896663634352
Malta,MLT,Middle East & North Africa,High income,2022,4.6,1.4375
Myanmar,MMR,East Asia & Pacific,Lower middle income,2022,279644.7,42.846262276495
Montenegro,MNE,Europe & Central Asia,Upper middle income,2022,8270.0,61.4869888475836
Mongolia,MNG,East Asia & Pacific,Upper middle income,2022,141710.0,9.09849695989111
Northern Mariana Islands,MNP,East Asia & Pacific,High income,2022,243.6,52.9565217391304
Mozambique,MOZ,Sub-Saharan Africa,Low income,2022,362673.196,46.1193311121849
Mauritania,MRT,Sub-Saharan Africa,Lower middle income,2022,3018.889,0.292896963228874
Mauritius,MUS,Sub-Saharan Africa,Upper middle income,2022,388.5,19.4541812719079
Malawi,MWI,Sub-Saharan Africa,Low income,2022,21577.0,22.8860840050912
Malaysia,MYS,East Asia & Pacific,Upper middle income,2022,190137.4,57.871678587734
Namibia,NAM,Sub-Saharan Africa,Lower middle income,2022,64968.8,7.89136270330017
New Caledonia,NCL,East Asia & Pacific,High income,2022,8378.2,45.8326039387309
Niger,NER,Sub-Saharan Africa,Low income,2022,10548.6,0.83276229572906
Nigeria,NGA,Sub-Saharan Africa,Lower middle income,2022,213003.5,23.3871888621716
Nicaragua,NIC,Latin America & Caribbean,Lower middle income,2022,32075.3,26.6538972910088
Netherlands,NLD,Europe & Central Asia,High income,2022,3713.689,11.0296673596674
Norway,NOR,Europe & Central Asia,High income,2022,121956.0,33.4795618634529
Nepal,NPL,South Asia,Lower middle income,2022,59620.3,41.5907220090687
Naoero,NRU,East Asia & Pacific,High income,2022,0.0,0.0
New Zealand,NZL,East Asia & Pacific,High income,2022,99318.856,37.719363487904
Oman,OMN,Middle East & North Africa,High income,2022,24.111,0.0077903069466882
Pakistan,PAK,Middle East & North Africa,Lower middle income,2022,36432.2,4.72605334163553
Panama,PAN,Latin America & Caribbean,High income,2022,41910.111,56.4978579131842
Peru,PER,Latin America & Caribbean,Upper middle income,2022,719847.011,56.238047734375
Philippines,PHL,East Asia & Pacific,Upper middle income,2022,72583.7,24.3430593285709
Palau,PLW,East Asia & Pacific,High income,2022,415.7,90.3695652173913
Papua New Guinea,PNG,East Asia & Pacific,Lower middle income,2022,357887.0,79.0281764783818
Poland,POL,Europe & Central Asia,High income,2022,95070.0,31.0594923061845
Puerto Rico (US),PRI,Latin America & Caribbean,High income,2022,4973.1,56.0665163472379
"Korea, Dem. People's Rep.",PRK,East Asia & Pacific,Low income,2022,59880.0,49.7300888630512
Portugal,PRT,Europe & Central Asia,High income,2022,33120.0,36.154994891142
Paraguay,PRY,Latin America & Caribbean,Upper middle income,2022,155435.889,39.2502935554672
West Bank and Gaza,PSE,Middle East & North Africa,Lower middle income,2022,101.4,1.68298755186722
French Polynesia,PYF,East Asia & Pacific,High income,2022,1494.6,43.0596369922213
Qatar,QAT,Middle East & North Africa,High income,2022,0.0,0.0
Romania,ROU,Europe & Central Asia,High income,2022,69290.5,30.1158292767733
Russian Federation,RUS,Europe & Central Asia,High income,2022,8153120.0,49.7843605035639
Rwanda,RWA,Sub-Saharan Africa,Low income,2022,2780.0,11.2687474665586
Saudi Arabia,SAU,Middle East & North Africa,High income,2022,9770.0,0.454484134921779
Sudan,SDN,Sub-Saharan Africa,Low income,2022,180150.0,9.64400428265525
Senegal,SEN,Sub-Saharan Africa,Lower middle income,2022,79881.6,41.4904690178154
Singapore,SGP,East Asia & Pacific,High income,2022,152.1,21.1838440111421
Solomon Islands,SLB,East Asia & Pacific,Lower middle income,2022,25215.1,90.0861021793498
Sierra Leone,SLE,Sub-Saharan Africa,Low income,2022,24954.2,34.5721806594625
El Salvador,SLV,Latin America & Caribbean,Upper middle income,2022,5748.8,27.7451737451737
San Marino,SMR,Europe & Central Asia,High income,2022,10.0,16.6666666666667
"Somalia, Fed. Rep.",SOM,Sub-Saharan Africa,Low income,2022,58265.0,9.28762712404757
Serbia,SRB,Europe & Central Asia,Upper middle income,2022,27233.233,32.3858163872042
South Sudan,SSD,Sub-Saharan Africa,Low income,2022,71570.0,11.3256215087114
Sao Tome and Principe,STP,Sub-Saharan Africa,Lower middle income,2022,506.6,52.7708333333333
Suriname,SUR,Latin America & Caribbean,Upper middle income,2022,151718.011,94.5238739770656
Slovak Republic,SVK,Europe & Central Asia,High income,2022,19259.0,40.05615640599
Slovenia,SVN,Europe & Central Asia,High income,2022,12337.611,61.2701922885918
Sweden,SWE,Europe & Central Asia,High income,2022,279800.0,68.6996660773915
Eswatini,SWZ,Sub-Saharan Africa,Lower middle income,2022,4999.8,29.0686046511628
Sint Maarten (Dutch part),SXM,Latin America & Caribbean,High income,2022,3.7,10.8823529411765
Seychelles,SYC,Sub-Saharan Africa,High income,2022,337.0,73.2608695652174
Syrian Arab Republic,SYR,Middle East & North Africa,Low income,2022,5220.0,2.84267276588793
Turks and Caicos Islands,TCA,Latin America & Caribbean,High income,2022,105.2,11.0736842105263
Chad,TCD,Sub-Saharan Africa,Low income,2022,40914.444,3.24924110546379
Togo,TGO,Sub-Saharan Africa,Lower middle income,2022,12033.5,22.1244714101857
Thailand,THA,East Asia & Pacific,Upper middle income,2022,198010.0,38.7578539411615
Tajikistan,TJK,Europe & Central Asia,Lower middle income,2022,4258.0,3.06794437639599
Turkmenistan,TKM,Europe & Central Asia,Upper middle income,2022,41270.0,8.78215904496414
Timor-Leste,TLS,East Asia & Pacific,Lower middle income,2022,9183.0,61.7552118359112
Tonga,TON,East Asia & Pacific,Upper middle income,2022,89.5,12.4305555555556
Trinidad and Tobago,TTO,Latin America & Caribbean,High income,2022,2273.5,44.317738791423
Tunisia,TUN,Middle East & North Africa,Lower middle income,2022,7057.9,4.54293254376931
Turkiye,TUR,Europe & Central Asia,Upper middle income,2022,225323.6,29.2768733027559
Tuvalu,TUV,East Asia & Pacific,Upper middle income,2022,10.0,33.3333333333333
Tanzania,TZA,Sub-Saharan Africa,Lower middle income,2022,448070.0,50.5836531948521
Uganda,UGA,Sub-Saharan Africa,Low income,2022,22553.911,11.2477114502294
Ukraine,UKR,Europe & Central Asia,Upper middle income,2022,97020.0,16.7449085260614
Uruguay,URY,Latin America & Caribbean,High income,2022,20730.0,11.8443606444978
United States,USA,North America,High income,2022,3097950.0,33.8669264120375
Uzbekistan,UZB,Europe & Central Asia,Lower middle income,2022,37413.4,8.49046413042492
St. Vincent and the Grenadines,VCT,Latin America & Caribbean,Upper middle income,2022,285.4,73.1794871794872
"Venezuela, RB",VEN,Latin America & Caribbean,Lower middle income,2022,461267.8,52.2949719403662
British Virgin Islands,VGB,Latin America & Caribbean,High income,2022,36.2,24.1333333333333
Virgin Islands (U.S.),VIR,Latin America & Caribbean,High income,2022,202.1,57.7428571428571
Viet Nam,VNM,East Asia & Pacific,Upper middle income,2022,147948.9,47.203321964464
Vanuatu,VUT,East Asia & Pacific,Lower middle income,2022,4423.0,36.2838392124692
Samoa,WSM,East Asia & Pacific,Upper middle income,2022,1607.1,57.8093525179856
"Yemen, Rep.",YEM,Middle East & North Africa,Low income,2022,5490.0,1.03983180862549
South Africa,ZAF,Sub-Saharan Africa,Upper middle income,2022,169772.9,13.9950786833623
Zambia,ZMB,Sub-Saharan Africa,Lower middle income,2022,444376.011,59.7769691548178
Zimbabwe,ZWE,Sub-Saharan Africa,Lower middle income,2022,173524.4,44.8557321959416
Aruba,ABW,Latin America & Caribbean,High income,2023,4.2,2.33333333333333
Afghanistan,AFG,Middle East & North Africa,Low income,2023,12084.4,1.85278199408184
Angola,AGO,Sub-Saharan Africa,Lower middle income,2023,649421.859,52.0912696719339
Albania,ALB,Europe & Central Asia,Upper middle income,2023,7889.0,28.7919708029197
Andorra,AND,Europe & Central Asia,High income,2023,160.0,34.0425531914894
United Arab Emirates,ARE,Middle East & North Africa,High income,2023,3173.0,4.46775556181357
Argentina,ARG,Latin America & Caribbean,Upper middle income,2023,282461.852,10.3212951412107
Armenia,ARM,Europe & Central Asia,Upper middle income,2023,3276.3,11.6183158247114
American Samoa,ASM,East Asia & Pacific,High income,2023,170.4,85.2
Antigua and Barbuda,ATG,Latin America & Caribbean,High income,2023,79.259,18.0134090909091
Australia,AUS,East Asia & Pacific,High income,2023,1340051.0,17.4213145571644
Austria,AUT,Europe & Central Asia,High income,2023,38982.667,47.2402653902084
Azerbaijan,AZE,Europe & Central Asia,Upper middle income,2023,11663.53,14.1119540229885
Burundi,BDI,Sub-Saharan Africa,Low income,2023,2796.4,10.8894080996885
Belgium,BEL,Europe & Central Asia,High income,2023,6893.0,22.604446776415
Benin,BEN,Sub-Saharan Africa,Lower middle income,2023,29851.5,26.4734835047889
Burkina Faso,BFA,Sub-Saharan Africa,Low income,2023,60664.0,22.172514619883
Bangladesh,BGD,South Asia,Lower middle income,2023,18834.0,14.4899215263887
Bulgaria,BGR,Europe & Central Asia,High income,2023,39320.0,36.2196020633751
Bahrain,BHR,Middle East & North Africa,High income,2023,7.6,0.95
"Bahamas, The",BHS,Latin America & Caribbean,High income,2023,5098.6,50.9350649350649
Bosnia and Herzegovina,BIH,Europe & Central Asia,Upper middle income,2023,21879.1,42.7326171875
Belarus,BLR,Europe & Central Asia,Upper middle income,2023,88111.0,43.4080686559958
Belize,BLZ,Latin America & Caribbean,Upper middle income,2023,12435.7,54.5186321788689
Bermuda,BMU,North America,High income,2023,10.0,18.5185185185185
Bolivia,BOL,Latin America & Caribbean,Lower middle income,2023,502063.436,46.3457431920982
Brazil,BRA,Latin America & Caribbean,Upper middle income,2023,4929787.518,58.9818729765235
Barbados,BRB,Latin America & Caribbean,High income,2023,63.0,14.6511627906977
Brunei Darussalam,BRN,East Asia & Pacific,High income,2023,3800.0,72.1062618595825
Bhutan,BTN,South Asia,Lower middle income,2023,27310.2,71.60513896172
Botswana,BWA,Sub-Saharan Africa,Upper middle income,2023,148998.0,26.2908263194114
Central African Republic,CAF,Sub-Saharan Africa,Low income,2023,222130.0,35.6560403223217
Canada,CAN,North America,High income,2023,3468171.459,39.4617117321106
Switzerland,CHE,Europe & Central Asia,High income,2023,12794.3,32.3827380818297
Chile,CHL,Latin America & Caribbean,High income,2023,185794.421,25.0116461113584
China,CHN,East Asia & Pacific,Upper middle income,2023,2256168.9,24.0319389958256
Cote d'Ivoire,CIV,Sub-Saharan Africa,Lower middle income,2023,24980.541,7.85551603773585
Cameroon,CMR,Sub-Saharan Africa,Lower middle income,2023,201724.8,42.6741130925938
"Congo, Dem. Rep.",COD,Sub-Saharan Africa,Low income,2023,1228511.159,54.1898572594341
"Congo, Rep.",COG,Sub-Saharan Africa,Lower middle income,2023,219010.0,64.1317715959004
Colombia,COL,Latin America & Caribbean,Upper middle income,2023,585440.541,52.7661596214511
Comoros,COM,Sub-Saharan Africa,Lower middle income,2023,316.0,16.9801182160129
Cabo Verde,CPV,Sub-Saharan Africa,Upper middle income,2023,466.2,11.5682382133995
Costa Rica,CRI,Latin America & Caribbean,High income,2023,30839.8,60.3991382687035
Cuba,CUB,Latin America & Caribbean,Upper middle income,2023,32420.0,31.233140655106
Curacao,CUW,Latin America & Caribbean,High income,2023,0.7,0.157657657657658
Cayman Islands,CYM,Latin America & Caribbean,High income,2023,125.933,52.4720833333333
Cyprus,CYP,Europe & Central Asia,High income,2023,1724.7,18.6655844155844
Czechia,CZE,Europe & Central Asia,High income,2023,26825.2,34.7623883740408
Germany,DEU,Europe & Central Asia,High income,2023,114190.0,32.6789342643734
Djibouti,DJI,Middle East & North Africa,Lower middle income,2023,60.436,0.260724762726488
Dominica,DMA,Latin America & Caribbean,Upper middle income,2023,478.7,63.8266666666667
Denmark,DNK,Europe & Central Asia,High income,2023,6312.6,15.7815
Dominican Republic,DOM,Latin America & Caribbean,Upper middle income,2023,21683.7,44.9887775472934
Algeria,DZA,Middle East & North Africa,Upper middle income,2023,19775.926,0.830314224054683
Ecuador,ECU,Latin America & Caribbean,Upper middle income,2023,123050.2,49.5450958286359
"Egypt, Arab Rep.",EGY,Middle East & North Africa,Lower middle income,2023,449.8,0.0451855944547692
Eritrea,ERI,Sub-Saharan Africa,Low income,2023,10457.8,8.63010013352237
Spain,ESP,Europe & Central Asia,High income,2023,185850.4,37.1925889548355
Estonia,EST,Europe & Central Asia,High income,2023,24384.0,57.0652937046572
Ethiopia,ETH,Sub-Saharan Africa,Low income,2023,168495.0,14.9308975782695
Finland,FIN,Europe & Central Asia,High income,2023,224090.0,73.7235162521384
Fiji,FJI,East Asia & Pacific,Upper middle income,2023,11600.6,63.4953475643131
France,FRA,Europe & Central Asia,High income,2023,175032.0,32.4764820484275
Faroe Islands,FRO,Europe & Central Asia,High income,2023,0.8,0.0583941605839416
"Micronesia, Fed. Sts.",FSM,East Asia & Pacific,Upper middle income,2023,645.1,92.1571428571429
Gabon,GAB,Sub-Saharan Africa,Upper middle income,2023,234949.6,91.1823650405558
United Kingdom,GBR,Europe & Central Asia,High income,2023,32154.222,13.2907130161617
Georgia,GEO,Europe & Central Asia,Upper middle income,2023,28224.0,40.6159159591308
Ghana,GHA,Sub-Saharan Africa,Lower middle income,2023,80073.859,35.1921958573042
Gibraltar,GIB,Europe & Central Asia,High income,2023,0.0,0.0
Guinea,GIN,Sub-Saharan Africa,Lower middle income,2023,60690.0,24.6988442129253
"Gambia, The",GMB,Sub-Saharan Africa,Low income,2023,2254.659,22.2792391304348
Guinea-Bissau,GNB,Sub-Saharan Africa,Low income,2023,19546.9,69.5124466571835
Equatorial Guinea,GNQ,Sub-Saharan Africa,Upper middle income,2023,24233.4,86.3935828877005
Greece,GRC,Europe & Central Asia,High income,2023,39018.0,30.2699767261443
Grenada,GRD,Latin America & Caribbean,Upper middle income,2023,177.0,52.0588235294118
Greenland,GRL,Europe & Central Asia,High income,2023,2.2,0.0005359970763795
Guatemala,GTM,Latin America & Caribbean,Upper middle income,2023,34930.0,32.5961179544606
Guam,GUM,East Asia & Pacific,High income,2023,280.0,51.8518518518518
Guyana,GUY,Latin America & Caribbean,High income,2023,183877.259,87.0878369802027
Honduras,HND,Latin America & Caribbean,Lower middle income,2023,62964.1,56.2732147645008
Croatia,HRV,Europe & Central Asia,High income,2023,19466.1,34.785739814153
Haiti,HTI,Latin America & Caribbean,Lower middle income,2023,3379.7,12.2630624092888
Hungary,HUN,Europe & Central Asia,High income,2023,20486.441,22.4484341442034
Indonesia,IDN,East Asia & Pacific,Upper middle income,2023,903165.959,47.7220336902463
Isle of Man,IMN,Europe & Central Asia,High income,2023,34.6,6.07017543859649
India,IND,South Asia,Lower middle income,2023,729592.0,24.5390304689576
Ireland,IRL,Europe & Central Asia,High income,2023,7940.2,11.5259108724053
"Iran, Islamic Rep.",IRN,Middle East & North Africa,Upper middle income,2023,107883.856,6.64923611710324
Iraq,IRQ,Middle East & North Africa,Upper middle income,2023,8250.0,1.90035242899592
Iceland,ISL,Europe & Central Asia,High income,2023,533.133,0.528744421303184
Israel,ISR,Middle East & North Africa,High income,2023,1400.0,6.46950092421442
Italy,ITA,Europe & Central Asia,High income,2023,97275.6,32.8944947923712
Jamaica,JAM,Latin America & Caribbean,Upper middle income,2023,6085.459,56.190757156048
Jordan,JOR,Middle East & North Africa,Upper middle income,2023,975.0,1.09804716534901
Japan,JPN,East Asia & Pacific,High income,2023,249350.0,68.3957811364628
Kazakhstan,KAZ,Europe & Central Asia,Upper middle income,2023,35423.983,1.31214516427751
Kenya,KEN,Sub-Saharan Africa,Lower middle income,2023,36110.9,6.21662477880402
Kyrgyz Republic,KGZ,Europe & Central Asia,Lower middle income,2023,13701.0,7.14337851929093
Cambodia,KHM,East Asia & Pacific,Lower middle income,2023,76013.0,43.0619759800589
Kiribati,KIR,East Asia & Pacific,Lower middle income,2023,11.8,1.45679012345679
St. Kitts and Nevis,KNA,Latin America & Caribbean,High income,2023,110.0,42.3076923076923
"Korea, Rep.",KOR,East Asia & Pacific,High income,2023,62570.0,64.108606557377
Kuwait,KWT,Middle East & North Africa,High income,2023,62.5,0.350729517396184
Lao PDR,LAO,East Asia & Pacific,Lower middle income,2023,164920.0,71.4558058925477
Lebanon,LBN,Middle East & North Africa,Lower middle income,2023,1451.3,14.1867057673509
Liberia,LBR,Sub-Saharan Africa,Low income,2023,75266.6,78.1422342192691
Libya,LBY,Middle East & North Africa,Upper middle income,2023,2170.0,0.123327687918433
St. Lucia,LCA,Latin America & Caribbean,Upper middle income,2023,207.7,34.0491803278688
Liechtenstein,LIE,Europe & Central Asia,High income,2023,67.0,41.875
Sri Lanka,LKA,South Asia,Upper middle income,2023,21035.4,34.0048496605238
Lesotho,LSO,Sub-Saharan Africa,Lower middle income,2023,345.2,1.13702239789196
Lithuania,LTU,Europe & Central Asia,High income,2023,22054.074,35.2301501597444
Luxembourg,LUX,Europe & Central Asia,High income,2023,887.0,34.4538272103664
Latvia,LVA,Europe & Central Asia,High income,2023,34224.0,54.9959826450265
St. Martin (French part),MAF,Latin America & Caribbean,High income,2023,12.4,24.8
Morocco,MAR,Middle East & North Africa,Lower middle income,2023,57738.308,12.9371068787811
Monaco,MCO,Europe & Central Asia,High income,2023,0.0,0.0
Moldova,MDA,Europe & Central Asia,Upper middle income,2023,3865.0,11.7370179167932
Madagascar,MDG,Sub-Saharan Africa,Low income,2023,123901.641,21.2962600550017
Maldives,MDV,South Asia,Upper middle income,2023,8.2,2.75167785234899
Mexico,MEX,Latin America & Caribbean,Upper middle income,2023,653087.841,33.5959176419147
Marshall Islands,MHL,East Asia & Pacific,Upper middle income,2023,94.0,52.2222222222222
North Macedonia,MKD,Europe & Central Asia,Upper middle income,2023,10014.9,39.7101506740682
Mali,MLI,Sub-Saharan Africa,Low income,2023,132960.0,10.896663634352
Malta,MLT,Middle East & North Africa,High income,2023,4.6,1.4375
Myanmar,MMR,East Asia & Pacific,Lower middle income,2023,276747.6,42.4023779245254
Montenegro,MNE,Europe & Central Asia,Upper middle income,2023,8270.0,61.4869888475836
Mongolia,MNG,East Asia & Pacific,Upper middle income,2023,141694.5,9.09172405879304
Northern Mariana Islands,MNP,East Asia & Pacific,High income,2023,243.6,52.9565217391304
Mozambique,MOZ,Sub-Saharan Africa,Low income,2023,360264.544,45.8130349195046
Mauritania,MRT,Sub-Saharan Africa,Lower middle income,2023,2964.408,0.287611138061512
Mauritius,MUS,Sub-Saharan Africa,Upper middle income,2023,388.9,19.4742113169755
Malawi,MWI,Sub-Saharan Africa,Low income,2023,21157.0,22.4406024607552
Malaysia,MYS,East Asia & Pacific,Upper middle income,2023,189635.9,57.7190381981434
Namibia,NAM,Sub-Saharan Africa,Lower middle income,2023,64258.7,7.80511120018463
New Caledonia,NCL,East Asia & Pacific,High income,2023,8377.2,45.8271334792123
Niger,NER,Sub-Saharan Africa,Low income,2023,10424.4,0.822957290597616
Nigeria,NGA,Sub-Saharan Africa,Lower middle income,2023,211370.5,23.2078900271199
Nicaragua,NIC,Latin America & Caribbean,Lower middle income,2023,31075.3,25.8229183978727
Netherlands,NLD,Europe & Central Asia,High income,2023,3723.041,11.0574428274428
Norway,NOR,Europe & Central Asia,High income,2023,122034.0,33.5009745518434
Nepal,NPL,South Asia,Lower middle income,2023,59620.3,41.5907220090687
Naoero,NRU,East Asia & Pacific,High income,2023,0.0,0.0
New Zealand,NZL,East Asia & Pacific,High income,2023,99502.964,37.7892841137822
Oman,OMN,Middle East & North Africa,High income,2023,23.592,0.0076226171243941
Pakistan,PAK,Middle East & North Africa,Lower middle income,2023,36018.8,4.67242631797426
Panama,PAN,Latin America & Caribbean,High income,2023,41795.959,56.3439727689404
Peru,PER,Latin America & Caribbean,Upper middle income,2023,718118.659,56.103020234375
Philippines,PHL,East Asia & Pacific,Upper middle income,2023,72932.6,24.4600731126539
Palau,PLW,East Asia & Pacific,High income,2023,416.5,90.5434782608696
Papua New Guinea,PNG,East Asia & Pacific,Lower middle income,2023,357551.7,78.9541359360509
Poland,POL,Europe & Central Asia,High income,2023,95190.0,31.0804192379273
Puerto Rico (US),PRI,Latin America & Caribbean,High income,2023,4978.0,56.1217587373168
"Korea, Dem. People's Rep.",PRK,East Asia & Pacific,Low income,2023,59664.0,49.5507017689561
Portugal,PRT,Europe & Central Asia,High income,2023,33120.0,36.154994891142
Paraguay,PRY,Latin America & Caribbean,Upper middle income,2023,152642.541,38.5449252640128
West Bank and Gaza,PSE,Middle East & North Africa,Lower middle income,2023,101.4,1.68298755186722
French Polynesia,PYF,East Asia & Pacific,High income,2023,1494.6,43.0596369922213
Qatar,QAT,Middle East & North Africa,High income,2023,0.0,0.0
Romania,ROU,Europe & Central Asia,High income,2023,69290.5,30.1158292767733
Russian Federation,RUS,Europe & Central Asia,High income,2023,8153120.0,49.7843605035639
Rwanda,RWA,Sub-Saharan Africa,Low income,2023,2790.0,11.3092825293879
Saudi Arabia,SAU,Middle East & North Africa,High income,2023,9770.0,0.454484134921779
Sudan,SDN,Sub-Saharan Africa,Low income,2023,178430.7,9.55196466809422
Senegal,SEN,Sub-Saharan Africa,Lower middle income,2023,79481.6,41.2827091881785
Singapore,SGP,East Asia & Pacific,High income,2023,150.3,20.933147632312
Solomon Islands,SLB,East Asia & Pacific,Lower middle income,2023,25207.8,90.0600214362272
Sierra Leone,SLE,Sub-Saharan Africa,Low income,2023,24756.9,34.2988362427265
El Salvador,SLV,Latin America & Caribbean,Upper middle income,2023,5703.8,27.5279922779923
San Marino,SMR,Europe & Central Asia,High income,2023,10.0,16.6666666666667
"Somalia, Fed. Rep.",SOM,Sub-Saharan Africa,Low income,2023,57497.5,9.16528517231485
Serbia,SRB,Europe & Central Asia,Upper middle income,2023,27236.444,32.3896349149721
South Sudan,SSD,Sub-Saharan Africa,Low income,2023,71570.0,11.3256215087114
Sao Tome and Principe,STP,Sub-Saharan Africa,Lower middle income,2023,500.4,52.125
Suriname,SUR,Latin America & Caribbean,Upper middle income,2023,151595.559,94.44758351333
Slovak Republic,SVK,Europe & Central Asia,High income,2023,19259.0,40.05615640599
Slovenia,SVN,Europe & Central Asia,High income,2023,12317.259,61.1748938389332
Sweden,SWE,Europe & Central Asia,High income,2023,279800.0,68.7013529108454
Eswatini,SWZ,Sub-Saharan Africa,Lower middle income,2023,5011.9,29.1389534883721
Sint Maarten (Dutch part),SXM,Latin America & Caribbean,High income,2023,3.7,10.8823529411765
Seychelles,SYC,Sub-Saharan Africa,High income,2023,337.0,73.2608695652174
Syrian Arab Republic,SYR,Middle East & North Africa,Low income,2023,5220.8,2.84310842454937
Turks and Caicos Islands,TCA,Latin America & Caribbean,High income,2023,105.2,11.0736842105263
Chad,TCD,Sub-Saharan Africa,Low income,2023,39803.703,3.16103105146125
Togo,TGO,Sub-Saharan Africa,Lower middle income,2023,12003.9,22.0700496414782
Thailand,THA,East Asia & Pacific,Upper middle income,2023,197650.0,38.6873886746658
Tajikistan,TJK,Europe & Central Asia,Lower middle income,2023,4268.0,3.07514950644859
Turkmenistan,TKM,Europe & Central Asia,Upper middle income,2023,41270.0,8.78215904496414
Timor-Leste,TLS,East Asia & Pacific,Lower middle income,2023,9169.0,61.6610625420309
Tonga,TON,East Asia & Pacific,Upper middle income,2023,89.5,12.4305555555556
Trinidad and Tobago,TTO,Latin America & Caribbean,High income,2023,2269.3,44.2358674463938
Tunisia,TUN,Middle East & North Africa,Lower middle income,2023,7073.2,4.55278063851699
Turkiye,TUR,Europe & Central Asia,Upper middle income,2023,226883.6,29.4795681041539
Tuvalu,TUV,East Asia & Pacific,Upper middle income,2023,10.0,33.3333333333333
Tanzania,TZA,Sub-Saharan Africa,Lower middle income,2023,443380.0,50.0541883043576
Uganda,UGA,Sub-Saharan Africa,Low income,2023,22141.359,11.0419703770197
Ukraine,UKR,Europe & Central Asia,Upper middle income,2023,97080.0,16.7552640662755
Uruguay,URY,Latin America & Caribbean,High income,2023,20940.0,11.9643469317792
United States,USA,North America,High income,2023,3097950.0,33.8669264120375
Uzbekistan,UZB,Europe & Central Asia,Lower middle income,2023,37671.8,8.54914331101781
St. Vincent and the Grenadines,VCT,Latin America & Caribbean,Upper middle income,2023,285.4,73.1794871794872
"Venezuela, RB",VEN,Latin America & Caribbean,Lower middle income,2023,460728.933,52.2338793719177
British Virgin Islands,VGB,Latin America & Caribbean,High income,2023,36.2,24.1333333333333
Virgin Islands (U.S.),VIR,Latin America & Caribbean,High income,2023,203.6,58.1714285714286
Viet Nam,VNM,East Asia & Pacific,Upper middle income,2023,148707.9,47.4454820708996
Vanuatu,VUT,East Asia & Pacific,Lower middle income,2023,4423.0,36.2838392124692
Samoa,WSM,East Asia & Pacific,Upper middle income,2023,1602.3,57.636690647482
"Yemen, Rep.",YEM,Middle East & North Africa,Low income,2023,5490.0,1.03983180862549
South Africa,ZAF,Sub-Saharan Africa,Upper middle income,2023,169408.9,13.965072665672
Zambia,ZMB,Sub-Saharan Africa,Lower middle income,2023,442493.859,59.523784150984
Zimbabwe,ZWE,Sub-Saharan Africa,Lower middle income,2023,173063.7,44.7366421093447
